Requirement already satisfied: deepspeed==0.14.4 in /ceph/home/student.aau.dk/yt84fi/.local/lib/python3.12/site-packages (0.14.4)
===== ZeRO stage 0 =====
W0604 16:31:45.142000 2915659 torch/distributed/run.py:803]
W0604 16:31:45.142000 2915659 torch/distributed/run.py:803] *****************************************
W0604 16:31:45.142000 2915659 torch/distributed/run.py:803] Setting OMP_NUM_THREADS environment variable for each process to be 1 in default, to avoid your system being overloaded, please further tune the variable for optimal performance in your application as needed.
W0604 16:31:45.142000 2915659 torch/distributed/run.py:803] *****************************************
[2026-06-04 16:31:49,590] [INFO] [real_accelerator.py:203:get_accelerator] Setting ds_accelerator to cuda (auto detect)
[2026-06-04 16:31:49,621] [INFO] [real_accelerator.py:203:get_accelerator] Setting ds_accelerator to cuda (auto detect)
[93m [WARNING] [0m async_io requires the dev libaio .so object and headers but these were not found.
[93m [WARNING] [0m async_io requires the dev libaio .so object and headers but these were not found.
[93m [WARNING] [0m async_io: please install the libaio-dev package with apt
[93m [WARNING] [0m If libaio is already installed (perhaps from source), try setting the CFLAGS and LDFLAGS environment variables to where it can be found.
[93m [WARNING] [0m async_io: please install the libaio-dev package with apt
[93m [WARNING] [0m Please specify the CUTLASS repo directory as environment variable $CUTLASS_PATH
[93m [WARNING] [0m If libaio is already installed (perhaps from source), try setting the CFLAGS and LDFLAGS environment variables to where it can be found.
[93m [WARNING] [0m Please specify the CUTLASS repo directory as environment variable $CUTLASS_PATH
[93m [WARNING] [0m sparse_attn requires a torch version >= 1.5 and < 2.0 but detected 2.9
[93m [WARNING] [0m using untested triton version (3.5.1), only 1.0.0 is known to be compatible
[93m [WARNING] [0m sparse_attn requires a torch version >= 1.5 and < 2.0 but detected 2.9
[93m [WARNING] [0m using untested triton version (3.5.1), only 1.0.0 is known to be compatible
/ceph/home/student.aau.dk/yt84fi/.local/lib/python3.12/site-packages/deepspeed/runtime/zero/linear.py:47: FutureWarning: `torch.cuda.amp.custom_fwd(args...)` is deprecated. Please use `torch.amp.custom_fwd(args..., device_type='cuda')` instead.
  @autocast_custom_fwd
/ceph/home/student.aau.dk/yt84fi/.local/lib/python3.12/site-packages/deepspeed/runtime/zero/linear.py:47: FutureWarning: `torch.cuda.amp.custom_fwd(args...)` is deprecated. Please use `torch.amp.custom_fwd(args..., device_type='cuda')` instead.
  @autocast_custom_fwd
/ceph/home/student.aau.dk/yt84fi/.local/lib/python3.12/site-packages/deepspeed/runtime/zero/linear.py:66: FutureWarning: `torch.cuda.amp.custom_bwd(args...)` is deprecated. Please use `torch.amp.custom_bwd(args..., device_type='cuda')` instead.
  @autocast_custom_bwd
/ceph/home/student.aau.dk/yt84fi/.local/lib/python3.12/site-packages/deepspeed/runtime/zero/linear.py:66: FutureWarning: `torch.cuda.amp.custom_bwd(args...)` is deprecated. Please use `torch.amp.custom_bwd(args..., device_type='cuda')` instead.
  @autocast_custom_bwd
[2026-06-04 16:32:13,118] [INFO] [comm.py:637:init_distributed] cdb=None
[2026-06-04 16:32:13,118] [INFO] [comm.py:668:init_distributed] Initializing TorchBackend in DeepSpeed with backend nccl
[2026-06-04 16:32:13,122] [INFO] [comm.py:637:init_distributed] cdb=None
[2026-06-04 16:32:13,811] [INFO] [logging.py:96:log_dist] [Rank 0] DeepSpeed info: version=0.14.4, git-hash=unknown, git-branch=unknown
[2026-06-04 16:32:15,463] [INFO] [logging.py:96:log_dist] [Rank 0] DeepSpeed Flops Profiler Enabled: False
ninja: no work to do.
Time to load fused_adam op: 2.5284690856933594 seconds
Time to load fused_adam op: 2.541483163833618 seconds
[2026-06-04 16:32:18,010] [INFO] [logging.py:96:log_dist] [Rank 0] Using DeepSpeed Optimizer param name adam as basic optimizer
[2026-06-04 16:32:18,010] [INFO] [logging.py:96:log_dist] [Rank 0] Removing param_group that has no 'params' in the basic Optimizer
[2026-06-04 16:32:18,011] [INFO] [logging.py:96:log_dist] [Rank 0] DeepSpeed Basic Optimizer = FusedAdam
[2026-06-04 16:32:18,011] [INFO] [logging.py:96:log_dist] [Rank 0] DeepSpeed Final Optimizer = FusedAdam
[2026-06-04 16:32:18,012] [INFO] [logging.py:96:log_dist] [Rank 0] DeepSpeed using client LR scheduler
[2026-06-04 16:32:18,012] [INFO] [logging.py:96:log_dist] [Rank 0] DeepSpeed LR Scheduler = None
[2026-06-04 16:32:18,012] [INFO] [logging.py:96:log_dist] [Rank 0] step=0, skipped=0, lr=[0.001], mom=[(0.9, 0.999)]
[2026-06-04 16:32:18,012] [INFO] [config.py:997:print] DeepSpeedEngine configuration:
[2026-06-04 16:32:18,013] [INFO] [config.py:1001:print]   activation_checkpointing_config  {
    "partition_activations": false,
    "contiguous_memory_optimization": false,
    "cpu_checkpointing": false,
    "number_checkpoints": null,
    "synchronize_checkpoint_boundary": false,
    "profile": false
}
[2026-06-04 16:32:18,013] [INFO] [config.py:1001:print]   aio_config ................... {'block_size': 1048576, 'queue_depth': 8, 'thread_count': 1, 'single_submit': False, 'overlap_events': True}
[2026-06-04 16:32:18,013] [INFO] [config.py:1001:print]   amp_enabled .................. False
[2026-06-04 16:32:18,013] [INFO] [config.py:1001:print]   amp_params ................... False
[2026-06-04 16:32:18,014] [INFO] [config.py:1001:print]   autotuning_config ............ {
    "enabled": false,
    "start_step": null,
    "end_step": null,
    "metric_path": null,
    "arg_mappings": null,
    "metric": "throughput",
    "model_info": null,
    "results_dir": "autotuning_results",
    "exps_dir": "autotuning_exps",
    "overwrite": true,
    "fast": true,
    "start_profile_step": 3,
    "end_profile_step": 5,
    "tuner_type": "gridsearch",
    "tuner_early_stopping": 5,
    "tuner_num_trials": 50,
    "model_info_path": null,
    "mp_size": 1,
    "max_train_batch_size": null,
    "min_train_batch_size": 1,
    "max_train_micro_batch_size_per_gpu": 1.024000e+03,
    "min_train_micro_batch_size_per_gpu": 1,
    "num_tuning_micro_batch_sizes": 3
}
[2026-06-04 16:32:18,014] [INFO] [config.py:1001:print]   bfloat16_enabled ............. False
[2026-06-04 16:32:18,014] [INFO] [config.py:1001:print]   bfloat16_immediate_grad_update  False
[2026-06-04 16:32:18,014] [INFO] [config.py:1001:print]   checkpoint_parallel_write_pipeline  False
[2026-06-04 16:32:18,014] [INFO] [config.py:1001:print]   checkpoint_tag_validation_enabled  True
[2026-06-04 16:32:18,014] [INFO] [config.py:1001:print]   checkpoint_tag_validation_fail  False
[2026-06-04 16:32:18,014] [INFO] [config.py:1001:print]   comms_config ................. <deepspeed.comm.config.DeepSpeedCommsConfig object at 0x7ff60feed5b0>
[2026-06-04 16:32:18,014] [INFO] [config.py:1001:print]   communication_data_type ...... None
[2026-06-04 16:32:18,014] [INFO] [config.py:1001:print]   compression_config ........... {'weight_quantization': {'shared_parameters': {'enabled': False, 'quantizer_kernel': False, 'schedule_offset': 0, 'quantize_groups': 1, 'quantize_verbose': False, 'quantization_type': 'symmetric', 'quantize_weight_in_forward': False, 'rounding': 'nearest', 'fp16_mixed_quantize': False, 'quantize_change_ratio': 0.001}, 'different_groups': {}}, 'activation_quantization': {'shared_parameters': {'enabled': False, 'quantization_type': 'symmetric', 'range_calibration': 'dynamic', 'schedule_offset': 1000}, 'different_groups': {}}, 'sparse_pruning': {'shared_parameters': {'enabled': False, 'method': 'l1', 'schedule_offset': 1000}, 'different_groups': {}}, 'row_pruning': {'shared_parameters': {'enabled': False, 'method': 'l1', 'schedule_offset': 1000}, 'different_groups': {}}, 'head_pruning': {'shared_parameters': {'enabled': False, 'method': 'topk', 'schedule_offset': 1000}, 'different_groups': {}}, 'channel_pruning': {'shared_parameters': {'enabled': False, 'method': 'l1', 'schedule_offset': 1000}, 'different_groups': {}}, 'layer_reduction': {'enabled': False}}
[2026-06-04 16:32:18,014] [INFO] [config.py:1001:print]   curriculum_enabled_legacy .... False
[2026-06-04 16:32:18,014] [INFO] [config.py:1001:print]   curriculum_params_legacy ..... False
[2026-06-04 16:32:18,014] [INFO] [config.py:1001:print]   data_efficiency_config ....... {'enabled': False, 'seed': 1234, 'data_sampling': {'enabled': False, 'num_epochs': 1000, 'num_workers': 0, 'curriculum_learning': {'enabled': False}}, 'data_routing': {'enabled': False, 'random_ltd': {'enabled': False, 'layer_token_lr_schedule': {'enabled': False}}}}
[2026-06-04 16:32:18,014] [INFO] [config.py:1001:print]   data_efficiency_enabled ...... False
[2026-06-04 16:32:18,014] [INFO] [config.py:1001:print]   dataloader_drop_last ......... False
[2026-06-04 16:32:18,014] [INFO] [config.py:1001:print]   disable_allgather ............ False
[2026-06-04 16:32:18,014] [INFO] [config.py:1001:print]   dump_state ................... False
[2026-06-04 16:32:18,014] [INFO] [config.py:1001:print]   dynamic_loss_scale_args ...... None
[2026-06-04 16:32:18,014] [INFO] [config.py:1001:print]   eigenvalue_enabled ........... False
[2026-06-04 16:32:18,014] [INFO] [config.py:1001:print]   eigenvalue_gas_boundary_resolution  1
[2026-06-04 16:32:18,015] [INFO] [config.py:1001:print]   eigenvalue_layer_name ........ bert.encoder.layer
[2026-06-04 16:32:18,015] [INFO] [config.py:1001:print]   eigenvalue_layer_num ......... 0
[2026-06-04 16:32:18,015] [INFO] [config.py:1001:print]   eigenvalue_max_iter .......... 100
[2026-06-04 16:32:18,015] [INFO] [config.py:1001:print]   eigenvalue_stability ......... 1e-06
[2026-06-04 16:32:18,015] [INFO] [config.py:1001:print]   eigenvalue_tol ............... 0.01
[2026-06-04 16:32:18,015] [INFO] [config.py:1001:print]   eigenvalue_verbose ........... False
[2026-06-04 16:32:18,015] [INFO] [config.py:1001:print]   elasticity_enabled ........... False
[2026-06-04 16:32:18,015] [INFO] [config.py:1001:print]   flops_profiler_config ........ {
    "enabled": false,
    "recompute_fwd_factor": 0.0,
    "profile_step": 1,
    "module_depth": -1,
    "top_modules": 1,
    "detailed": true,
    "output_file": null
}
[2026-06-04 16:32:18,015] [INFO] [config.py:1001:print]   fp16_auto_cast ............... None
[2026-06-04 16:32:18,015] [INFO] [config.py:1001:print]   fp16_enabled ................. False
[2026-06-04 16:32:18,015] [INFO] [config.py:1001:print]   fp16_master_weights_and_gradients  False
[2026-06-04 16:32:18,015] [INFO] [config.py:1001:print]   global_rank .................. 0
[2026-06-04 16:32:18,015] [INFO] [config.py:1001:print]   grad_accum_dtype ............. None
[2026-06-04 16:32:18,015] [INFO] [config.py:1001:print]   gradient_accumulation_steps .. 1
[2026-06-04 16:32:18,015] [INFO] [config.py:1001:print]   gradient_clipping ............ 0.0
[2026-06-04 16:32:18,015] [INFO] [config.py:1001:print]   gradient_predivide_factor .... 1.0
[2026-06-04 16:32:18,015] [INFO] [config.py:1001:print]   graph_harvesting ............. False
[2026-06-04 16:32:18,015] [INFO] [config.py:1001:print]   hybrid_engine ................ enabled=False max_out_tokens=512 inference_tp_size=1 release_inference_cache=False pin_parameters=True tp_gather_partition_size=8
[2026-06-04 16:32:18,015] [INFO] [config.py:1001:print]   initial_dynamic_scale ........ 65536
[2026-06-04 16:32:18,015] [INFO] [config.py:1001:print]   load_universal_checkpoint .... False
[2026-06-04 16:32:18,015] [INFO] [config.py:1001:print]   loss_scale ................... 0
[2026-06-04 16:32:18,015] [INFO] [config.py:1001:print]   memory_breakdown ............. False
[2026-06-04 16:32:18,015] [INFO] [config.py:1001:print]   mics_hierarchial_params_gather  False
[2026-06-04 16:32:18,015] [INFO] [config.py:1001:print]   mics_shard_size .............. -1
[2026-06-04 16:32:18,016] [INFO] [config.py:1001:print]   monitor_config ............... tensorboard=TensorBoardConfig(enabled=False, output_path='', job_name='DeepSpeedJobName') comet=CometConfig(enabled=False, samples_log_interval=100, project=None, workspace=None, api_key=None, experiment_name=None, experiment_key=None, online=None, mode=None) wandb=WandbConfig(enabled=False, group=None, team=None, project='deepspeed') csv_monitor=CSVConfig(enabled=False, output_path='', job_name='DeepSpeedJobName') enabled=False
[2026-06-04 16:32:18,016] [INFO] [config.py:1001:print]   nebula_config ................ {
    "enabled": false,
    "persistent_storage_path": null,
    "persistent_time_interval": 100,
    "num_of_version_in_retention": 2,
    "enable_nebula_load": true,
    "load_path": null
}
[2026-06-04 16:32:18,016] [INFO] [config.py:1001:print]   optimizer_legacy_fusion ...... False
[2026-06-04 16:32:18,016] [INFO] [config.py:1001:print]   optimizer_name ............... adam
[2026-06-04 16:32:18,016] [INFO] [config.py:1001:print]   optimizer_params ............. {'lr': 0.001}
[2026-06-04 16:32:18,016] [INFO] [config.py:1001:print]   pipeline ..................... {'stages': 'auto', 'partition': 'best', 'seed_layers': False, 'activation_checkpoint_interval': 0, 'pipe_partitioned': True, 'grad_partitioned': True}
[2026-06-04 16:32:18,016] [INFO] [config.py:1001:print]   pld_enabled .................. False
[2026-06-04 16:32:18,016] [INFO] [config.py:1001:print]   pld_params ................... False
[2026-06-04 16:32:18,016] [INFO] [config.py:1001:print]   prescale_gradients ........... False
[2026-06-04 16:32:18,016] [INFO] [config.py:1001:print]   scheduler_name ............... None
[2026-06-04 16:32:18,016] [INFO] [config.py:1001:print]   scheduler_params ............. None
[2026-06-04 16:32:18,016] [INFO] [config.py:1001:print]   seq_parallel_communication_data_type  torch.float32
[2026-06-04 16:32:18,016] [INFO] [config.py:1001:print]   sparse_attention ............. None
[2026-06-04 16:32:18,016] [INFO] [config.py:1001:print]   sparse_gradients_enabled ..... False
[2026-06-04 16:32:18,016] [INFO] [config.py:1001:print]   steps_per_print .............. 10
[2026-06-04 16:32:18,016] [INFO] [config.py:1001:print]   timers_config ................ enabled=True synchronized=True
[2026-06-04 16:32:18,016] [INFO] [config.py:1001:print]   train_batch_size ............. 128
[2026-06-04 16:32:18,016] [INFO] [config.py:1001:print]   train_micro_batch_size_per_gpu  64
[2026-06-04 16:32:18,016] [INFO] [config.py:1001:print]   use_data_before_expert_parallel_  False
[2026-06-04 16:32:18,016] [INFO] [config.py:1001:print]   use_node_local_storage ....... False
[2026-06-04 16:32:18,016] [INFO] [config.py:1001:print]   wall_clock_breakdown ......... False
[2026-06-04 16:32:18,016] [INFO] [config.py:1001:print]   weight_quantization_config ... None
[2026-06-04 16:32:18,016] [INFO] [config.py:1001:print]   world_size ................... 2
[2026-06-04 16:32:18,016] [INFO] [config.py:1001:print]   zero_allow_untested_optimizer  False
[2026-06-04 16:32:18,017] [INFO] [config.py:1001:print]   zero_config .................. stage=0 contiguous_gradients=True reduce_scatter=True reduce_bucket_size=500,000,000 use_multi_rank_bucket_allreduce=True allgather_partitions=True allgather_bucket_size=500,000,000 overlap_comm=False load_from_fp32_weights=True elastic_checkpoint=False offload_param=None offload_optimizer=None sub_group_size=1,000,000,000 cpu_offload_param=None cpu_offload_use_pin_memory=None cpu_offload=None prefetch_bucket_size=50,000,000 param_persistence_threshold=100,000 model_persistence_threshold=sys.maxsize max_live_parameters=1,000,000,000 max_reuse_distance=1,000,000,000 gather_16bit_weights_on_model_save=False use_all_reduce_for_fetch_params=False stage3_gather_fp16_weights_on_model_save=False ignore_unused_parameters=True legacy_stage1=False round_robin_gradients=False zero_hpz_partition_size=1 zero_quantized_weights=False zero_quantized_nontrainable_weights=False zero_quantized_gradients=False mics_shard_size=-1 mics_hierarchical_params_gather=False memory_efficient_linear=True pipeline_loading_checkpoint=False override_module_apply=True
[2026-06-04 16:32:18,017] [INFO] [config.py:1001:print]   zero_enabled ................. False
[2026-06-04 16:32:18,017] [INFO] [config.py:1001:print]   zero_force_ds_cpu_optimizer .. True
[2026-06-04 16:32:18,017] [INFO] [config.py:1001:print]   zero_optimization_stage ...... 0
[2026-06-04 16:32:18,017] [INFO] [config.py:987:print_user_config]   json = {
    "train_micro_batch_size_per_gpu": 64,
    "gradient_accumulation_steps": 1,
    "optimizer": {
        "type": "Adam",
        "params": {
            "lr": 0.001
        }
    },
    "zero_optimization": {
        "stage": 0
    },
    "fp16": {
        "enabled": false
    }
}
Rank 1 num_batches = 704
Rank 0 num_batches = 704
Train Epoch: 1, Iteration: 0, Train Loss: 5.384698390960693
[2026-06-04 16:32:37,917] [INFO] [logging.py:96:log_dist] [Rank 0] step=10, skipped=0, lr=[0.001], mom=[(0.9, 0.999)]
[2026-06-04 16:32:38,908] [INFO] [timer.py:258:stop] epoch=0/micro_step=10/global_step=10, RunningAvgSamplesPerSec=127.23908563252705, CurrSamplesPerSec=127.53720183089584, MemAllocated=0.15GB, MaxMemAllocated=10.17GB
[2026-06-04 16:32:48,065] [INFO] [logging.py:96:log_dist] [Rank 0] step=20, skipped=0, lr=[0.001], mom=[(0.9, 0.999)]
[2026-06-04 16:32:49,065] [INFO] [timer.py:258:stop] epoch=0/micro_step=20/global_step=20, RunningAvgSamplesPerSec=126.90158379109957, CurrSamplesPerSec=126.11680425395367, MemAllocated=0.15GB, MaxMemAllocated=10.17GB
[2026-06-04 16:32:58,262] [INFO] [logging.py:96:log_dist] [Rank 0] step=30, skipped=0, lr=[0.001], mom=[(0.9, 0.999)]
[2026-06-04 16:32:59,262] [INFO] [timer.py:258:stop] epoch=0/micro_step=30/global_step=30, RunningAvgSamplesPerSec=126.685634718909, CurrSamplesPerSec=126.2668318643347, MemAllocated=0.15GB, MaxMemAllocated=10.17GB
[2026-06-04 16:33:08,456] [INFO] [logging.py:96:log_dist] [Rank 0] step=40, skipped=0, lr=[0.001], mom=[(0.9, 0.999)]
[2026-06-04 16:33:09,462] [INFO] [timer.py:258:stop] epoch=0/micro_step=40/global_step=40, RunningAvgSamplesPerSec=126.50638561597879, CurrSamplesPerSec=125.6684705325528, MemAllocated=0.15GB, MaxMemAllocated=10.17GB
[2026-06-04 16:33:18,661] [INFO] [logging.py:96:log_dist] [Rank 0] step=50, skipped=0, lr=[0.001], mom=[(0.9, 0.999)]
[2026-06-04 16:33:19,663] [INFO] [timer.py:258:stop] epoch=0/micro_step=50/global_step=50, RunningAvgSamplesPerSec=126.39744066433707, CurrSamplesPerSec=126.02902369281526, MemAllocated=0.15GB, MaxMemAllocated=10.17GB
[2026-06-04 16:33:28,857] [INFO] [logging.py:96:log_dist] [Rank 0] step=60, skipped=0, lr=[0.001], mom=[(0.9, 0.999)]
[2026-06-04 16:33:29,862] [INFO] [timer.py:258:stop] epoch=0/micro_step=60/global_step=60, RunningAvgSamplesPerSec=126.33016937688588, CurrSamplesPerSec=125.94343334442152, MemAllocated=0.15GB, MaxMemAllocated=10.17GB
[2026-06-04 16:33:39,091] [INFO] [logging.py:96:log_dist] [Rank 0] step=70, skipped=0, lr=[0.001], mom=[(0.9, 0.999)]
[2026-06-04 16:33:40,099] [INFO] [timer.py:258:stop] epoch=0/micro_step=70/global_step=70, RunningAvgSamplesPerSec=126.21064052701526, CurrSamplesPerSec=125.2116894208698, MemAllocated=0.15GB, MaxMemAllocated=10.17GB
[2026-06-04 16:33:49,371] [INFO] [logging.py:96:log_dist] [Rank 0] step=80, skipped=0, lr=[0.001], mom=[(0.9, 0.999)]
[2026-06-04 16:33:50,386] [INFO] [timer.py:258:stop] epoch=0/micro_step=80/global_step=80, RunningAvgSamplesPerSec=126.04997334000753, CurrSamplesPerSec=124.71152932168955, MemAllocated=0.15GB, MaxMemAllocated=10.17GB
[2026-06-04 16:33:59,665] [INFO] [logging.py:96:log_dist] [Rank 0] step=90, skipped=0, lr=[0.001], mom=[(0.9, 0.999)]
[2026-06-04 16:34:00,683] [INFO] [timer.py:258:stop] epoch=0/micro_step=90/global_step=90, RunningAvgSamplesPerSec=125.9025287525577, CurrSamplesPerSec=124.60035606672294, MemAllocated=0.15GB, MaxMemAllocated=10.17GB
[2026-06-04 16:34:10,006] [INFO] [logging.py:96:log_dist] [Rank 0] step=100, skipped=0, lr=[0.001], mom=[(0.9, 0.999)]
[2026-06-04 16:34:11,024] [INFO] [timer.py:258:stop] epoch=0/micro_step=100/global_step=100, RunningAvgSamplesPerSec=125.73900240389973, CurrSamplesPerSec=123.69317086387623, MemAllocated=0.15GB, MaxMemAllocated=10.17GB
[2026-06-04 16:34:20,372] [INFO] [logging.py:96:log_dist] [Rank 0] step=110, skipped=0, lr=[0.001], mom=[(0.9, 0.999)]
[2026-06-04 16:34:21,392] [INFO] [timer.py:258:stop] epoch=0/micro_step=110/global_step=110, RunningAvgSamplesPerSec=125.57605508962398, CurrSamplesPerSec=124.2054922207151, MemAllocated=0.15GB, MaxMemAllocated=10.17GB
[2026-06-04 16:34:30,753] [INFO] [logging.py:96:log_dist] [Rank 0] step=120, skipped=0, lr=[0.001], mom=[(0.9, 0.999)]
[2026-06-04 16:34:31,783] [INFO] [timer.py:258:stop] epoch=0/micro_step=120/global_step=120, RunningAvgSamplesPerSec=125.40965972719322, CurrSamplesPerSec=123.32450527976471, MemAllocated=0.15GB, MaxMemAllocated=10.17GB
[2026-06-04 16:34:41,160] [INFO] [logging.py:96:log_dist] [Rank 0] step=130, skipped=0, lr=[0.001], mom=[(0.9, 0.999)]
[2026-06-04 16:34:42,181] [INFO] [timer.py:258:stop] epoch=0/micro_step=130/global_step=130, RunningAvgSamplesPerSec=125.26048434318241, CurrSamplesPerSec=123.60360806715524, MemAllocated=0.15GB, MaxMemAllocated=10.17GB
[2026-06-04 16:34:51,557] [INFO] [logging.py:96:log_dist] [Rank 0] step=140, skipped=0, lr=[0.001], mom=[(0.9, 0.999)]
[2026-06-04 16:34:52,580] [INFO] [timer.py:258:stop] epoch=0/micro_step=140/global_step=140, RunningAvgSamplesPerSec=125.13352340064826, CurrSamplesPerSec=123.5065030191603, MemAllocated=0.15GB, MaxMemAllocated=10.17GB
[2026-06-04 16:35:01,949] [INFO] [logging.py:96:log_dist] [Rank 0] step=150, skipped=0, lr=[0.001], mom=[(0.9, 0.999)]
[2026-06-04 16:35:02,976] [INFO] [timer.py:258:stop] epoch=0/micro_step=150/global_step=150, RunningAvgSamplesPerSec=125.02173309264884, CurrSamplesPerSec=123.28344212976624, MemAllocated=0.15GB, MaxMemAllocated=10.17GB
[2026-06-04 16:35:12,348] [INFO] [logging.py:96:log_dist] [Rank 0] step=160, skipped=0, lr=[0.001], mom=[(0.9, 0.999)]
[2026-06-04 16:35:13,372] [INFO] [timer.py:258:stop] epoch=0/micro_step=160/global_step=160, RunningAvgSamplesPerSec=124.92042293788066, CurrSamplesPerSec=123.5421710313005, MemAllocated=0.15GB, MaxMemAllocated=10.17GB
[2026-06-04 16:35:22,744] [INFO] [logging.py:96:log_dist] [Rank 0] step=170, skipped=0, lr=[0.001], mom=[(0.9, 0.999)]
[2026-06-04 16:35:23,769] [INFO] [timer.py:258:stop] epoch=0/micro_step=170/global_step=170, RunningAvgSamplesPerSec=124.83054823457348, CurrSamplesPerSec=123.4485686640251, MemAllocated=0.15GB, MaxMemAllocated=10.17GB
[2026-06-04 16:35:33,185] [INFO] [logging.py:96:log_dist] [Rank 0] step=180, skipped=0, lr=[0.001], mom=[(0.9, 0.999)]
[2026-06-04 16:35:34,222] [INFO] [timer.py:258:stop] epoch=0/micro_step=180/global_step=180, RunningAvgSamplesPerSec=124.71465372851958, CurrSamplesPerSec=122.03478213826797, MemAllocated=0.15GB, MaxMemAllocated=10.17GB
[2026-06-04 16:35:43,681] [INFO] [logging.py:96:log_dist] [Rank 0] step=190, skipped=0, lr=[0.001], mom=[(0.9, 0.999)]
[2026-06-04 16:35:44,709] [INFO] [timer.py:258:stop] epoch=0/micro_step=190/global_step=190, RunningAvgSamplesPerSec=124.6018330571923, CurrSamplesPerSec=123.00282264272674, MemAllocated=0.15GB, MaxMemAllocated=10.17GB
[2026-06-04 16:35:54,175] [INFO] [logging.py:96:log_dist] [Rank 0] step=200, skipped=0, lr=[0.001], mom=[(0.9, 0.999)]
[2026-06-04 16:35:55,201] [INFO] [timer.py:258:stop] epoch=0/micro_step=200/global_step=200, RunningAvgSamplesPerSec=124.49952286546183, CurrSamplesPerSec=123.22701785706498, MemAllocated=0.15GB, MaxMemAllocated=10.17GB
Train Epoch: 1, Iteration: 200, Train Loss: 4.905251502990723
[2026-06-04 16:36:04,628] [INFO] [logging.py:96:log_dist] [Rank 0] step=210, skipped=0, lr=[0.001], mom=[(0.9, 0.999)]
[2026-06-04 16:36:05,658] [INFO] [timer.py:258:stop] epoch=0/micro_step=210/global_step=210, RunningAvgSamplesPerSec=124.41700096492931, CurrSamplesPerSec=123.177681903991, MemAllocated=0.15GB, MaxMemAllocated=10.17GB
[2026-06-04 16:36:15,084] [INFO] [logging.py:96:log_dist] [Rank 0] step=220, skipped=0, lr=[0.001], mom=[(0.9, 0.999)]
[2026-06-04 16:36:16,114] [INFO] [timer.py:258:stop] epoch=0/micro_step=220/global_step=220, RunningAvgSamplesPerSec=124.33955573892081, CurrSamplesPerSec=123.07340079010572, MemAllocated=0.15GB, MaxMemAllocated=10.17GB
[2026-06-04 16:36:25,552] [INFO] [logging.py:96:log_dist] [Rank 0] step=230, skipped=0, lr=[0.001], mom=[(0.9, 0.999)]
[2026-06-04 16:36:26,588] [INFO] [timer.py:258:stop] epoch=0/micro_step=230/global_step=230, RunningAvgSamplesPerSec=124.26128642975391, CurrSamplesPerSec=122.11191871440958, MemAllocated=0.15GB, MaxMemAllocated=10.17GB
[2026-06-04 16:36:36,040] [INFO] [logging.py:96:log_dist] [Rank 0] step=240, skipped=0, lr=[0.001], mom=[(0.9, 0.999)]
[2026-06-04 16:36:37,069] [INFO] [timer.py:258:stop] epoch=0/micro_step=240/global_step=240, RunningAvgSamplesPerSec=124.18456046501115, CurrSamplesPerSec=122.92115127653514, MemAllocated=0.15GB, MaxMemAllocated=10.17GB
[2026-06-04 16:36:46,526] [INFO] [logging.py:96:log_dist] [Rank 0] step=250, skipped=0, lr=[0.001], mom=[(0.9, 0.999)]
[2026-06-04 16:36:47,566] [INFO] [timer.py:258:stop] epoch=0/micro_step=250/global_step=250, RunningAvgSamplesPerSec=124.10629624842085, CurrSamplesPerSec=121.78674210640096, MemAllocated=0.15GB, MaxMemAllocated=10.17GB
[2026-06-04 16:36:57,041] [INFO] [logging.py:96:log_dist] [Rank 0] step=260, skipped=0, lr=[0.001], mom=[(0.9, 0.999)]
[2026-06-04 16:36:58,078] [INFO] [timer.py:258:stop] epoch=0/micro_step=260/global_step=260, RunningAvgSamplesPerSec=124.02874352418984, CurrSamplesPerSec=121.79671618806668, MemAllocated=0.15GB, MaxMemAllocated=10.17GB
[2026-06-04 16:37:07,567] [INFO] [logging.py:96:log_dist] [Rank 0] step=270, skipped=0, lr=[0.001], mom=[(0.9, 0.999)]
[2026-06-04 16:37:08,604] [INFO] [timer.py:258:stop] epoch=0/micro_step=270/global_step=270, RunningAvgSamplesPerSec=123.95565753802148, CurrSamplesPerSec=122.42685847381601, MemAllocated=0.15GB, MaxMemAllocated=10.17GB
[2026-06-04 16:37:18,083] [INFO] [logging.py:96:log_dist] [Rank 0] step=280, skipped=0, lr=[0.001], mom=[(0.9, 0.999)]
[2026-06-04 16:37:19,117] [INFO] [timer.py:258:stop] epoch=0/micro_step=280/global_step=280, RunningAvgSamplesPerSec=123.88851668259832, CurrSamplesPerSec=122.68822476585366, MemAllocated=0.15GB, MaxMemAllocated=10.17GB
[2026-06-04 16:37:28,599] [INFO] [logging.py:96:log_dist] [Rank 0] step=290, skipped=0, lr=[0.001], mom=[(0.9, 0.999)]
[2026-06-04 16:37:29,637] [INFO] [timer.py:258:stop] epoch=0/micro_step=290/global_step=290, RunningAvgSamplesPerSec=123.8233878915411, CurrSamplesPerSec=122.33176010738617, MemAllocated=0.15GB, MaxMemAllocated=10.17GB
[2026-06-04 16:37:39,131] [INFO] [logging.py:96:log_dist] [Rank 0] step=300, skipped=0, lr=[0.001], mom=[(0.9, 0.999)]
[2026-06-04 16:37:40,168] [INFO] [timer.py:258:stop] epoch=0/micro_step=300/global_step=300, RunningAvgSamplesPerSec=123.7590538551335, CurrSamplesPerSec=122.08162425337778, MemAllocated=0.15GB, MaxMemAllocated=10.17GB
[2026-06-04 16:37:49,700] [INFO] [logging.py:96:log_dist] [Rank 0] step=310, skipped=0, lr=[0.001], mom=[(0.9, 0.999)]
[2026-06-04 16:37:50,741] [INFO] [timer.py:258:stop] epoch=0/micro_step=310/global_step=310, RunningAvgSamplesPerSec=123.691365123437, CurrSamplesPerSec=121.6423977425718, MemAllocated=0.15GB, MaxMemAllocated=10.17GB
[2026-06-04 16:38:00,270] [INFO] [logging.py:96:log_dist] [Rank 0] step=320, skipped=0, lr=[0.001], mom=[(0.9, 0.999)]
[2026-06-04 16:38:01,310] [INFO] [timer.py:258:stop] epoch=0/micro_step=320/global_step=320, RunningAvgSamplesPerSec=123.62417863023518, CurrSamplesPerSec=122.16246143960186, MemAllocated=0.15GB, MaxMemAllocated=10.17GB
[2026-06-04 16:38:10,823] [INFO] [logging.py:96:log_dist] [Rank 0] step=330, skipped=0, lr=[0.001], mom=[(0.9, 0.999)]
[2026-06-04 16:38:11,858] [INFO] [timer.py:258:stop] epoch=0/micro_step=330/global_step=330, RunningAvgSamplesPerSec=123.57029564223444, CurrSamplesPerSec=122.03539240857363, MemAllocated=0.15GB, MaxMemAllocated=10.17GB
[2026-06-04 16:38:21,406] [INFO] [logging.py:96:log_dist] [Rank 0] step=340, skipped=0, lr=[0.001], mom=[(0.9, 0.999)]
[2026-06-04 16:38:22,440] [INFO] [timer.py:258:stop] epoch=0/micro_step=340/global_step=340, RunningAvgSamplesPerSec=123.5131150845459, CurrSamplesPerSec=122.29896050502252, MemAllocated=0.15GB, MaxMemAllocated=10.17GB
[2026-06-04 16:38:31,996] [INFO] [logging.py:96:log_dist] [Rank 0] step=350, skipped=0, lr=[0.001], mom=[(0.9, 0.999)]
[2026-06-04 16:38:33,033] [INFO] [timer.py:258:stop] epoch=0/micro_step=350/global_step=350, RunningAvgSamplesPerSec=123.46271648255129, CurrSamplesPerSec=121.74252770138379, MemAllocated=0.15GB, MaxMemAllocated=10.17GB
[2026-06-04 16:38:42,563] [INFO] [logging.py:96:log_dist] [Rank 0] step=360, skipped=0, lr=[0.001], mom=[(0.9, 0.999)]
[2026-06-04 16:38:43,606] [INFO] [timer.py:258:stop] epoch=0/micro_step=360/global_step=360, RunningAvgSamplesPerSec=123.41151695727012, CurrSamplesPerSec=121.3095160032619, MemAllocated=0.15GB, MaxMemAllocated=10.17GB
[2026-06-04 16:38:53,116] [INFO] [logging.py:96:log_dist] [Rank 0] step=370, skipped=0, lr=[0.001], mom=[(0.9, 0.999)]
[2026-06-04 16:38:54,150] [INFO] [timer.py:258:stop] epoch=0/micro_step=370/global_step=370, RunningAvgSamplesPerSec=123.36670668000761, CurrSamplesPerSec=122.39741211998377, MemAllocated=0.15GB, MaxMemAllocated=10.17GB
[2026-06-04 16:39:03,698] [INFO] [logging.py:96:log_dist] [Rank 0] step=380, skipped=0, lr=[0.001], mom=[(0.9, 0.999)]
[2026-06-04 16:39:04,737] [INFO] [timer.py:258:stop] epoch=0/micro_step=380/global_step=380, RunningAvgSamplesPerSec=123.31881826381036, CurrSamplesPerSec=121.49424336373306, MemAllocated=0.15GB, MaxMemAllocated=10.17GB
[2026-06-04 16:39:14,234] [INFO] [logging.py:96:log_dist] [Rank 0] step=390, skipped=0, lr=[0.001], mom=[(0.9, 0.999)]
[2026-06-04 16:39:15,276] [INFO] [timer.py:258:stop] epoch=0/micro_step=390/global_step=390, RunningAvgSamplesPerSec=123.27937080691484, CurrSamplesPerSec=121.45004872743132, MemAllocated=0.15GB, MaxMemAllocated=10.17GB
[2026-06-04 16:39:24,790] [INFO] [logging.py:96:log_dist] [Rank 0] step=400, skipped=0, lr=[0.001], mom=[(0.9, 0.999)]
[2026-06-04 16:39:25,832] [INFO] [timer.py:258:stop] epoch=0/micro_step=400/global_step=400, RunningAvgSamplesPerSec=123.2389749379302, CurrSamplesPerSec=121.43246776629057, MemAllocated=0.15GB, MaxMemAllocated=10.17GB
Train Epoch: 1, Iteration: 400, Train Loss: 4.823520183563232
[2026-06-04 16:39:35,354] [INFO] [logging.py:96:log_dist] [Rank 0] step=410, skipped=0, lr=[0.001], mom=[(0.9, 0.999)]
[2026-06-04 16:39:36,396] [INFO] [timer.py:258:stop] epoch=0/micro_step=410/global_step=410, RunningAvgSamplesPerSec=123.19623992347745, CurrSamplesPerSec=121.5206710640414, MemAllocated=0.15GB, MaxMemAllocated=10.17GB
[2026-06-04 16:39:45,906] [INFO] [logging.py:96:log_dist] [Rank 0] step=420, skipped=0, lr=[0.001], mom=[(0.9, 0.999)]
[2026-06-04 16:39:46,946] [INFO] [timer.py:258:stop] epoch=0/micro_step=420/global_step=420, RunningAvgSamplesPerSec=123.15945029923336, CurrSamplesPerSec=121.58647397786187, MemAllocated=0.15GB, MaxMemAllocated=10.17GB
[2026-06-04 16:39:56,478] [INFO] [logging.py:96:log_dist] [Rank 0] step=430, skipped=0, lr=[0.001], mom=[(0.9, 0.999)]
[2026-06-04 16:39:57,513] [INFO] [timer.py:258:stop] epoch=0/micro_step=430/global_step=430, RunningAvgSamplesPerSec=123.12221378650094, CurrSamplesPerSec=122.23124335193577, MemAllocated=0.15GB, MaxMemAllocated=10.17GB
[2026-06-04 16:40:07,032] [INFO] [logging.py:96:log_dist] [Rank 0] step=440, skipped=0, lr=[0.001], mom=[(0.9, 0.999)]
[2026-06-04 16:40:08,069] [INFO] [timer.py:258:stop] epoch=0/micro_step=440/global_step=440, RunningAvgSamplesPerSec=123.08772188975571, CurrSamplesPerSec=121.95012471660222, MemAllocated=0.15GB, MaxMemAllocated=10.17GB
[2026-06-04 16:40:17,597] [INFO] [logging.py:96:log_dist] [Rank 0] step=450, skipped=0, lr=[0.001], mom=[(0.9, 0.999)]
[2026-06-04 16:40:18,638] [INFO] [timer.py:258:stop] epoch=0/micro_step=450/global_step=450, RunningAvgSamplesPerSec=123.05173246624307, CurrSamplesPerSec=121.53582886538379, MemAllocated=0.15GB, MaxMemAllocated=10.17GB
[2026-06-04 16:40:28,166] [INFO] [logging.py:96:log_dist] [Rank 0] step=460, skipped=0, lr=[0.001], mom=[(0.9, 0.999)]
[2026-06-04 16:40:29,208] [INFO] [timer.py:258:stop] epoch=0/micro_step=460/global_step=460, RunningAvgSamplesPerSec=123.01696036492146, CurrSamplesPerSec=121.37574894635439, MemAllocated=0.15GB, MaxMemAllocated=10.17GB
[2026-06-04 16:40:38,728] [INFO] [logging.py:96:log_dist] [Rank 0] step=470, skipped=0, lr=[0.001], mom=[(0.9, 0.999)]
[2026-06-04 16:40:39,770] [INFO] [timer.py:258:stop] epoch=0/micro_step=470/global_step=470, RunningAvgSamplesPerSec=122.9851476496674, CurrSamplesPerSec=121.39622310438425, MemAllocated=0.15GB, MaxMemAllocated=10.17GB
[2026-06-04 16:40:49,298] [INFO] [logging.py:96:log_dist] [Rank 0] step=480, skipped=0, lr=[0.001], mom=[(0.9, 0.999)]
[2026-06-04 16:40:50,334] [INFO] [timer.py:258:stop] epoch=0/micro_step=480/global_step=480, RunningAvgSamplesPerSec=122.95432474032647, CurrSamplesPerSec=122.05020720560357, MemAllocated=0.15GB, MaxMemAllocated=10.17GB
[2026-06-04 16:40:59,860] [INFO] [logging.py:96:log_dist] [Rank 0] step=490, skipped=0, lr=[0.001], mom=[(0.9, 0.999)]
[2026-06-04 16:41:00,903] [INFO] [timer.py:258:stop] epoch=0/micro_step=490/global_step=490, RunningAvgSamplesPerSec=122.92395257527349, CurrSamplesPerSec=121.3942192961015, MemAllocated=0.15GB, MaxMemAllocated=10.17GB
[2026-06-04 16:41:10,435] [INFO] [logging.py:96:log_dist] [Rank 0] step=500, skipped=0, lr=[0.001], mom=[(0.9, 0.999)]
[2026-06-04 16:41:11,478] [INFO] [timer.py:258:stop] epoch=0/micro_step=500/global_step=500, RunningAvgSamplesPerSec=122.89307081791357, CurrSamplesPerSec=121.61627521879204, MemAllocated=0.15GB, MaxMemAllocated=10.17GB
[2026-06-04 16:41:21,011] [INFO] [logging.py:96:log_dist] [Rank 0] step=510, skipped=0, lr=[0.001], mom=[(0.9, 0.999)]
[2026-06-04 16:41:22,055] [INFO] [timer.py:258:stop] epoch=0/micro_step=510/global_step=510, RunningAvgSamplesPerSec=122.86477821457558, CurrSamplesPerSec=121.25154271530994, MemAllocated=0.15GB, MaxMemAllocated=10.17GB
[2026-06-04 16:41:31,599] [INFO] [logging.py:96:log_dist] [Rank 0] step=520, skipped=0, lr=[0.001], mom=[(0.9, 0.999)]
[2026-06-04 16:41:32,635] [INFO] [timer.py:258:stop] epoch=0/micro_step=520/global_step=520, RunningAvgSamplesPerSec=122.83521891960217, CurrSamplesPerSec=121.7525773756986, MemAllocated=0.15GB, MaxMemAllocated=10.17GB
[2026-06-04 16:41:42,180] [INFO] [logging.py:96:log_dist] [Rank 0] step=530, skipped=0, lr=[0.001], mom=[(0.9, 0.999)]
[2026-06-04 16:41:43,225] [INFO] [timer.py:258:stop] epoch=0/micro_step=530/global_step=530, RunningAvgSamplesPerSec=122.80547008971435, CurrSamplesPerSec=121.41255798165167, MemAllocated=0.15GB, MaxMemAllocated=10.17GB
[2026-06-04 16:41:52,759] [INFO] [logging.py:96:log_dist] [Rank 0] step=540, skipped=0, lr=[0.001], mom=[(0.9, 0.999)]
[2026-06-04 16:41:53,804] [INFO] [timer.py:258:stop] epoch=0/micro_step=540/global_step=540, RunningAvgSamplesPerSec=122.778871075385, CurrSamplesPerSec=121.33276471762105, MemAllocated=0.15GB, MaxMemAllocated=10.17GB
[2026-06-04 16:42:03,356] [INFO] [logging.py:96:log_dist] [Rank 0] step=550, skipped=0, lr=[0.001], mom=[(0.9, 0.999)]
[2026-06-04 16:42:04,401] [INFO] [timer.py:258:stop] epoch=0/micro_step=550/global_step=550, RunningAvgSamplesPerSec=122.7500117124657, CurrSamplesPerSec=121.33035170080741, MemAllocated=0.15GB, MaxMemAllocated=10.17GB
[2026-06-04 16:42:13,940] [INFO] [logging.py:96:log_dist] [Rank 0] step=560, skipped=0, lr=[0.001], mom=[(0.9, 0.999)]
[2026-06-04 16:42:14,985] [INFO] [timer.py:258:stop] epoch=0/micro_step=560/global_step=560, RunningAvgSamplesPerSec=122.72502779948059, CurrSamplesPerSec=121.36562420101534, MemAllocated=0.15GB, MaxMemAllocated=10.17GB
[2026-06-04 16:42:24,528] [INFO] [logging.py:96:log_dist] [Rank 0] step=570, skipped=0, lr=[0.001], mom=[(0.9, 0.999)]
[2026-06-04 16:42:25,575] [INFO] [timer.py:258:stop] epoch=0/micro_step=570/global_step=570, RunningAvgSamplesPerSec=122.69876201178855, CurrSamplesPerSec=121.1241198058931, MemAllocated=0.15GB, MaxMemAllocated=10.17GB
[2026-06-04 16:42:35,124] [INFO] [logging.py:96:log_dist] [Rank 0] step=580, skipped=0, lr=[0.001], mom=[(0.9, 0.999)]
[2026-06-04 16:42:36,172] [INFO] [timer.py:258:stop] epoch=0/micro_step=580/global_step=580, RunningAvgSamplesPerSec=122.67245654986588, CurrSamplesPerSec=121.03567240097375, MemAllocated=0.15GB, MaxMemAllocated=10.17GB
[2026-06-04 16:42:45,724] [INFO] [logging.py:96:log_dist] [Rank 0] step=590, skipped=0, lr=[0.001], mom=[(0.9, 0.999)]
[2026-06-04 16:42:46,766] [INFO] [timer.py:258:stop] epoch=0/micro_step=590/global_step=590, RunningAvgSamplesPerSec=122.64779117114458, CurrSamplesPerSec=121.36038414258957, MemAllocated=0.15GB, MaxMemAllocated=10.17GB
[2026-06-04 16:42:56,307] [INFO] [logging.py:96:log_dist] [Rank 0] step=600, skipped=0, lr=[0.001], mom=[(0.9, 0.999)]
[2026-06-04 16:42:57,351] [INFO] [timer.py:258:stop] epoch=0/micro_step=600/global_step=600, RunningAvgSamplesPerSec=122.62473097779427, CurrSamplesPerSec=121.17715733096067, MemAllocated=0.15GB, MaxMemAllocated=10.17GB
Train Epoch: 1, Iteration: 600, Train Loss: 5.000091552734375
[2026-06-04 16:43:06,903] [INFO] [logging.py:96:log_dist] [Rank 0] step=610, skipped=0, lr=[0.001], mom=[(0.9, 0.999)]
[2026-06-04 16:43:07,948] [INFO] [timer.py:258:stop] epoch=0/micro_step=610/global_step=610, RunningAvgSamplesPerSec=122.60169647439884, CurrSamplesPerSec=121.00509132446335, MemAllocated=0.15GB, MaxMemAllocated=10.17GB
[2026-06-04 16:43:17,502] [INFO] [logging.py:96:log_dist] [Rank 0] step=620, skipped=0, lr=[0.001], mom=[(0.9, 0.999)]
[2026-06-04 16:43:18,546] [INFO] [timer.py:258:stop] epoch=0/micro_step=620/global_step=620, RunningAvgSamplesPerSec=122.57876905186012, CurrSamplesPerSec=121.1524098201729, MemAllocated=0.15GB, MaxMemAllocated=10.17GB
[2026-06-04 16:43:28,100] [INFO] [logging.py:96:log_dist] [Rank 0] step=630, skipped=0, lr=[0.001], mom=[(0.9, 0.999)]
[2026-06-04 16:43:29,139] [INFO] [timer.py:258:stop] epoch=0/micro_step=630/global_step=630, RunningAvgSamplesPerSec=122.55788582204167, CurrSamplesPerSec=121.73005074438706, MemAllocated=0.15GB, MaxMemAllocated=10.17GB
[2026-06-04 16:43:38,697] [INFO] [logging.py:96:log_dist] [Rank 0] step=640, skipped=0, lr=[0.001], mom=[(0.9, 0.999)]
[2026-06-04 16:43:39,739] [INFO] [timer.py:258:stop] epoch=0/micro_step=640/global_step=640, RunningAvgSamplesPerSec=122.53640856471749, CurrSamplesPerSec=121.3985838401115, MemAllocated=0.15GB, MaxMemAllocated=10.17GB
[2026-06-04 16:43:49,291] [INFO] [logging.py:96:log_dist] [Rank 0] step=650, skipped=0, lr=[0.001], mom=[(0.9, 0.999)]
[2026-06-04 16:43:50,336] [INFO] [timer.py:258:stop] epoch=0/micro_step=650/global_step=650, RunningAvgSamplesPerSec=122.51499077154824, CurrSamplesPerSec=121.07667146278646, MemAllocated=0.15GB, MaxMemAllocated=10.17GB
[2026-06-04 16:43:59,889] [INFO] [logging.py:96:log_dist] [Rank 0] step=660, skipped=0, lr=[0.001], mom=[(0.9, 0.999)]
[2026-06-04 16:44:00,934] [INFO] [timer.py:258:stop] epoch=0/micro_step=660/global_step=660, RunningAvgSamplesPerSec=122.49443797774006, CurrSamplesPerSec=121.10851811898739, MemAllocated=0.15GB, MaxMemAllocated=10.17GB
[2026-06-04 16:44:10,484] [INFO] [logging.py:96:log_dist] [Rank 0] step=670, skipped=0, lr=[0.001], mom=[(0.9, 0.999)]
[2026-06-04 16:44:11,530] [INFO] [timer.py:258:stop] epoch=0/micro_step=670/global_step=670, RunningAvgSamplesPerSec=122.47476895568879, CurrSamplesPerSec=121.0293694161217, MemAllocated=0.15GB, MaxMemAllocated=10.17GB
[2026-06-04 16:44:21,081] [INFO] [logging.py:96:log_dist] [Rank 0] step=680, skipped=0, lr=[0.001], mom=[(0.9, 0.999)]
[2026-06-04 16:44:22,126] [INFO] [timer.py:258:stop] epoch=0/micro_step=680/global_step=680, RunningAvgSamplesPerSec=122.45566451037409, CurrSamplesPerSec=121.02538604996958, MemAllocated=0.15GB, MaxMemAllocated=10.17GB
[2026-06-04 16:44:31,704] [INFO] [logging.py:96:log_dist] [Rank 0] step=690, skipped=0, lr=[0.001], mom=[(0.9, 0.999)]
[2026-06-04 16:44:32,745] [INFO] [timer.py:258:stop] epoch=0/micro_step=690/global_step=690, RunningAvgSamplesPerSec=122.4334717333003, CurrSamplesPerSec=121.54419340904542, MemAllocated=0.15GB, MaxMemAllocated=10.17GB
[2026-06-04 16:44:42,328] [INFO] [logging.py:96:log_dist] [Rank 0] step=700, skipped=0, lr=[0.001], mom=[(0.9, 0.999)]
[2026-06-04 16:44:43,373] [INFO] [timer.py:258:stop] epoch=0/micro_step=700/global_step=700, RunningAvgSamplesPerSec=122.41086325813176, CurrSamplesPerSec=121.02634094261836, MemAllocated=0.15GB, MaxMemAllocated=10.17GB
ZeRO stage 0
Epoch 1 train time: 746.92 s
Peak VRAM: 10411.4 MB
Epoch 1. Train Loss = 4.8594. Val Loss = 5.1892. Val Accuracy = 0.047.
Train Epoch: 2, Iteration: 0, Train Loss: 4.556190013885498
[2026-06-04 16:49:22,648] [INFO] [logging.py:96:log_dist] [Rank 0] step=710, skipped=0, lr=[0.001], mom=[(0.9, 0.999)]
[2026-06-04 16:49:23,655] [INFO] [timer.py:258:stop] epoch=0/micro_step=710/global_step=710, RunningAvgSamplesPerSec=122.52482360433189, CurrSamplesPerSec=125.65549944038261, MemAllocated=0.15GB, MaxMemAllocated=10.17GB
[2026-06-04 16:49:32,852] [INFO] [logging.py:96:log_dist] [Rank 0] step=720, skipped=0, lr=[0.001], mom=[(0.9, 0.999)]
[2026-06-04 16:49:33,855] [INFO] [timer.py:258:stop] epoch=0/micro_step=720/global_step=720, RunningAvgSamplesPerSec=122.57156719777092, CurrSamplesPerSec=125.92517729930863, MemAllocated=0.15GB, MaxMemAllocated=10.17GB
[2026-06-04 16:49:43,109] [INFO] [logging.py:96:log_dist] [Rank 0] step=730, skipped=0, lr=[0.001], mom=[(0.9, 0.999)]
[2026-06-04 16:49:44,113] [INFO] [timer.py:258:stop] epoch=0/micro_step=730/global_step=730, RunningAvgSamplesPerSec=122.6079429367695, CurrSamplesPerSec=125.53045558637285, MemAllocated=0.15GB, MaxMemAllocated=10.17GB
[2026-06-04 16:49:53,390] [INFO] [logging.py:96:log_dist] [Rank 0] step=740, skipped=0, lr=[0.001], mom=[(0.9, 0.999)]
[2026-06-04 16:49:54,405] [INFO] [timer.py:258:stop] epoch=0/micro_step=740/global_step=740, RunningAvgSamplesPerSec=122.63794983735608, CurrSamplesPerSec=124.5229905692324, MemAllocated=0.15GB, MaxMemAllocated=10.17GB
[2026-06-04 16:50:03,724] [INFO] [logging.py:96:log_dist] [Rank 0] step=750, skipped=0, lr=[0.001], mom=[(0.9, 0.999)]
[2026-06-04 16:50:04,742] [INFO] [timer.py:258:stop] epoch=0/micro_step=750/global_step=750, RunningAvgSamplesPerSec=122.66023637714167, CurrSamplesPerSec=124.1936832443026, MemAllocated=0.15GB, MaxMemAllocated=10.17GB
[2026-06-04 16:50:14,094] [INFO] [logging.py:96:log_dist] [Rank 0] step=760, skipped=0, lr=[0.001], mom=[(0.9, 0.999)]
[2026-06-04 16:50:15,121] [INFO] [timer.py:258:stop] epoch=0/micro_step=760/global_step=760, RunningAvgSamplesPerSec=122.67533995559843, CurrSamplesPerSec=123.55624495702568, MemAllocated=0.15GB, MaxMemAllocated=10.17GB
[2026-06-04 16:50:24,503] [INFO] [logging.py:96:log_dist] [Rank 0] step=770, skipped=0, lr=[0.001], mom=[(0.9, 0.999)]
[2026-06-04 16:50:25,520] [INFO] [timer.py:258:stop] epoch=0/micro_step=770/global_step=770, RunningAvgSamplesPerSec=122.68667656528632, CurrSamplesPerSec=123.7583527006785, MemAllocated=0.15GB, MaxMemAllocated=10.17GB
[2026-06-04 16:50:34,917] [INFO] [logging.py:96:log_dist] [Rank 0] step=780, skipped=0, lr=[0.001], mom=[(0.9, 0.999)]
[2026-06-04 16:50:35,937] [INFO] [timer.py:258:stop] epoch=0/micro_step=780/global_step=780, RunningAvgSamplesPerSec=122.69661699169853, CurrSamplesPerSec=123.41729535733646, MemAllocated=0.15GB, MaxMemAllocated=10.17GB
[2026-06-04 16:50:45,327] [INFO] [logging.py:96:log_dist] [Rank 0] step=790, skipped=0, lr=[0.001], mom=[(0.9, 0.999)]
[2026-06-04 16:50:46,352] [INFO] [timer.py:258:stop] epoch=0/micro_step=790/global_step=790, RunningAvgSamplesPerSec=122.70543103908705, CurrSamplesPerSec=123.36038003213656, MemAllocated=0.15GB, MaxMemAllocated=10.17GB
[2026-06-04 16:50:55,777] [INFO] [logging.py:96:log_dist] [Rank 0] step=800, skipped=0, lr=[0.001], mom=[(0.9, 0.999)]
[2026-06-04 16:50:56,809] [INFO] [timer.py:258:stop] epoch=0/micro_step=800/global_step=800, RunningAvgSamplesPerSec=122.70910115957336, CurrSamplesPerSec=122.29486527359748, MemAllocated=0.15GB, MaxMemAllocated=10.17GB
[2026-06-04 16:51:06,241] [INFO] [logging.py:96:log_dist] [Rank 0] step=810, skipped=0, lr=[0.001], mom=[(0.9, 0.999)]
[2026-06-04 16:51:07,267] [INFO] [timer.py:258:stop] epoch=0/micro_step=810/global_step=810, RunningAvgSamplesPerSec=122.71142774756838, CurrSamplesPerSec=123.29094473216696, MemAllocated=0.15GB, MaxMemAllocated=10.17GB
[2026-06-04 16:51:16,713] [INFO] [logging.py:96:log_dist] [Rank 0] step=820, skipped=0, lr=[0.001], mom=[(0.9, 0.999)]
[2026-06-04 16:51:17,743] [INFO] [timer.py:258:stop] epoch=0/micro_step=820/global_step=820, RunningAvgSamplesPerSec=122.71226469139557, CurrSamplesPerSec=122.34132184096634, MemAllocated=0.15GB, MaxMemAllocated=10.17GB
[2026-06-04 16:51:27,192] [INFO] [logging.py:96:log_dist] [Rank 0] step=830, skipped=0, lr=[0.001], mom=[(0.9, 0.999)]
[2026-06-04 16:51:28,222] [INFO] [timer.py:258:stop] epoch=0/micro_step=830/global_step=830, RunningAvgSamplesPerSec=122.71299372743637, CurrSamplesPerSec=122.39777487985263, MemAllocated=0.15GB, MaxMemAllocated=10.17GB
[2026-06-04 16:51:37,696] [INFO] [logging.py:96:log_dist] [Rank 0] step=840, skipped=0, lr=[0.001], mom=[(0.9, 0.999)]
[2026-06-04 16:51:38,729] [INFO] [timer.py:258:stop] epoch=0/micro_step=840/global_step=840, RunningAvgSamplesPerSec=122.70935054598056, CurrSamplesPerSec=122.45883287603615, MemAllocated=0.15GB, MaxMemAllocated=10.17GB
[2026-06-04 16:51:48,208] [INFO] [logging.py:96:log_dist] [Rank 0] step=850, skipped=0, lr=[0.001], mom=[(0.9, 0.999)]
[2026-06-04 16:51:49,236] [INFO] [timer.py:258:stop] epoch=0/micro_step=850/global_step=850, RunningAvgSamplesPerSec=122.70573588541802, CurrSamplesPerSec=122.41954440770722, MemAllocated=0.15GB, MaxMemAllocated=10.17GB
[2026-06-04 16:51:58,731] [INFO] [logging.py:96:log_dist] [Rank 0] step=860, skipped=0, lr=[0.001], mom=[(0.9, 0.999)]
[2026-06-04 16:51:59,767] [INFO] [timer.py:258:stop] epoch=0/micro_step=860/global_step=860, RunningAvgSamplesPerSec=122.69848171286954, CurrSamplesPerSec=121.5806366288023, MemAllocated=0.15GB, MaxMemAllocated=10.17GB
[2026-06-04 16:52:09,261] [INFO] [logging.py:96:log_dist] [Rank 0] step=870, skipped=0, lr=[0.001], mom=[(0.9, 0.999)]
[2026-06-04 16:52:10,295] [INFO] [timer.py:258:stop] epoch=0/micro_step=870/global_step=870, RunningAvgSamplesPerSec=122.69196446521723, CurrSamplesPerSec=122.38798111808356, MemAllocated=0.15GB, MaxMemAllocated=10.17GB
[2026-06-04 16:52:19,801] [INFO] [logging.py:96:log_dist] [Rank 0] step=880, skipped=0, lr=[0.001], mom=[(0.9, 0.999)]
[2026-06-04 16:52:20,843] [INFO] [timer.py:258:stop] epoch=0/micro_step=880/global_step=880, RunningAvgSamplesPerSec=122.68225656416601, CurrSamplesPerSec=121.4234869585376, MemAllocated=0.15GB, MaxMemAllocated=10.17GB
[2026-06-04 16:52:30,363] [INFO] [logging.py:96:log_dist] [Rank 0] step=890, skipped=0, lr=[0.001], mom=[(0.9, 0.999)]
[2026-06-04 16:52:31,400] [INFO] [timer.py:258:stop] epoch=0/micro_step=890/global_step=890, RunningAvgSamplesPerSec=122.67292034060809, CurrSamplesPerSec=121.77016829871121, MemAllocated=0.15GB, MaxMemAllocated=10.17GB
[2026-06-04 16:52:40,941] [INFO] [logging.py:96:log_dist] [Rank 0] step=900, skipped=0, lr=[0.001], mom=[(0.9, 0.999)]
[2026-06-04 16:52:41,979] [INFO] [timer.py:258:stop] epoch=0/micro_step=900/global_step=900, RunningAvgSamplesPerSec=122.66111642714475, CurrSamplesPerSec=121.4853358870245, MemAllocated=0.15GB, MaxMemAllocated=10.17GB
Train Epoch: 2, Iteration: 200, Train Loss: 4.621824741363525
[2026-06-04 16:52:51,518] [INFO] [logging.py:96:log_dist] [Rank 0] step=910, skipped=0, lr=[0.001], mom=[(0.9, 0.999)]
[2026-06-04 16:52:52,558] [INFO] [timer.py:258:stop] epoch=0/micro_step=910/global_step=910, RunningAvgSamplesPerSec=122.64886215663279, CurrSamplesPerSec=121.51841559829616, MemAllocated=0.15GB, MaxMemAllocated=10.17GB
[2026-06-04 16:53:02,116] [INFO] [logging.py:96:log_dist] [Rank 0] step=920, skipped=0, lr=[0.001], mom=[(0.9, 0.999)]
[2026-06-04 16:53:03,153] [INFO] [timer.py:258:stop] epoch=0/micro_step=920/global_step=920, RunningAvgSamplesPerSec=122.63519596878115, CurrSamplesPerSec=121.5059020350003, MemAllocated=0.15GB, MaxMemAllocated=10.17GB
[2026-06-04 16:53:12,716] [INFO] [logging.py:96:log_dist] [Rank 0] step=930, skipped=0, lr=[0.001], mom=[(0.9, 0.999)]
[2026-06-04 16:53:13,751] [INFO] [timer.py:258:stop] epoch=0/micro_step=930/global_step=930, RunningAvgSamplesPerSec=122.62152621458226, CurrSamplesPerSec=121.51748042973661, MemAllocated=0.15GB, MaxMemAllocated=10.17GB
[2026-06-04 16:53:23,300] [INFO] [logging.py:96:log_dist] [Rank 0] step=940, skipped=0, lr=[0.001], mom=[(0.9, 0.999)]
[2026-06-04 16:53:24,343] [INFO] [timer.py:258:stop] epoch=0/micro_step=940/global_step=940, RunningAvgSamplesPerSec=122.60757835771035, CurrSamplesPerSec=121.28660499970066, MemAllocated=0.15GB, MaxMemAllocated=10.17GB
[2026-06-04 16:53:33,910] [INFO] [logging.py:96:log_dist] [Rank 0] step=950, skipped=0, lr=[0.001], mom=[(0.9, 0.999)]
[2026-06-04 16:53:34,950] [INFO] [timer.py:258:stop] epoch=0/micro_step=950/global_step=950, RunningAvgSamplesPerSec=122.59422454803625, CurrSamplesPerSec=121.41774762737455, MemAllocated=0.15GB, MaxMemAllocated=10.17GB
[2026-06-04 16:53:44,502] [INFO] [logging.py:96:log_dist] [Rank 0] step=960, skipped=0, lr=[0.001], mom=[(0.9, 0.999)]
[2026-06-04 16:53:45,545] [INFO] [timer.py:258:stop] epoch=0/micro_step=960/global_step=960, RunningAvgSamplesPerSec=122.58131825618561, CurrSamplesPerSec=121.118135496327, MemAllocated=0.15GB, MaxMemAllocated=10.17GB
[2026-06-04 16:53:55,109] [INFO] [logging.py:96:log_dist] [Rank 0] step=970, skipped=0, lr=[0.001], mom=[(0.9, 0.999)]
[2026-06-04 16:53:56,145] [INFO] [timer.py:258:stop] epoch=0/micro_step=970/global_step=970, RunningAvgSamplesPerSec=122.569092701724, CurrSamplesPerSec=121.73308693650898, MemAllocated=0.15GB, MaxMemAllocated=10.17GB
[2026-06-04 16:54:05,709] [INFO] [logging.py:96:log_dist] [Rank 0] step=980, skipped=0, lr=[0.001], mom=[(0.9, 0.999)]
[2026-06-04 16:54:06,752] [INFO] [timer.py:258:stop] epoch=0/micro_step=980/global_step=980, RunningAvgSamplesPerSec=122.55641703101345, CurrSamplesPerSec=121.27096142882054, MemAllocated=0.15GB, MaxMemAllocated=10.17GB
[2026-06-04 16:54:16,323] [INFO] [logging.py:96:log_dist] [Rank 0] step=990, skipped=0, lr=[0.001], mom=[(0.9, 0.999)]
[2026-06-04 16:54:17,369] [INFO] [timer.py:258:stop] epoch=0/micro_step=990/global_step=990, RunningAvgSamplesPerSec=122.54109861595059, CurrSamplesPerSec=120.99690989287284, MemAllocated=0.15GB, MaxMemAllocated=10.17GB
[2026-06-04 16:54:26,921] [INFO] [logging.py:96:log_dist] [Rank 0] step=1000, skipped=0, lr=[0.001], mom=[(0.9, 0.999)]
[2026-06-04 16:54:27,967] [INFO] [timer.py:258:stop] epoch=0/micro_step=1000/global_step=1000, RunningAvgSamplesPerSec=122.52773752795805, CurrSamplesPerSec=121.11698788809619, MemAllocated=0.15GB, MaxMemAllocated=10.17GB
[2026-06-04 16:54:37,548] [INFO] [logging.py:96:log_dist] [Rank 0] step=1010, skipped=0, lr=[0.001], mom=[(0.9, 0.999)]
[2026-06-04 16:54:38,590] [INFO] [timer.py:258:stop] epoch=0/micro_step=1010/global_step=1010, RunningAvgSamplesPerSec=122.5125859670312, CurrSamplesPerSec=121.71283012058134, MemAllocated=0.15GB, MaxMemAllocated=10.17GB
[2026-06-04 16:54:48,151] [INFO] [logging.py:96:log_dist] [Rank 0] step=1020, skipped=0, lr=[0.001], mom=[(0.9, 0.999)]
[2026-06-04 16:54:49,186] [INFO] [timer.py:258:stop] epoch=0/micro_step=1020/global_step=1020, RunningAvgSamplesPerSec=122.5009484360125, CurrSamplesPerSec=121.81689037655688, MemAllocated=0.15GB, MaxMemAllocated=10.17GB
[2026-06-04 16:54:58,776] [INFO] [logging.py:96:log_dist] [Rank 0] step=1030, skipped=0, lr=[0.001], mom=[(0.9, 0.999)]
[2026-06-04 16:54:59,825] [INFO] [timer.py:258:stop] epoch=0/micro_step=1030/global_step=1030, RunningAvgSamplesPerSec=122.48688079266299, CurrSamplesPerSec=120.93631993973806, MemAllocated=0.15GB, MaxMemAllocated=10.17GB
[2026-06-04 16:55:09,426] [INFO] [logging.py:96:log_dist] [Rank 0] step=1040, skipped=0, lr=[0.001], mom=[(0.9, 0.999)]
[2026-06-04 16:55:10,475] [INFO] [timer.py:258:stop] epoch=0/micro_step=1040/global_step=1040, RunningAvgSamplesPerSec=122.47179685533727, CurrSamplesPerSec=120.9176073818467, MemAllocated=0.15GB, MaxMemAllocated=10.17GB
[2026-06-04 16:55:20,074] [INFO] [logging.py:96:log_dist] [Rank 0] step=1050, skipped=0, lr=[0.001], mom=[(0.9, 0.999)]
[2026-06-04 16:55:21,123] [INFO] [timer.py:258:stop] epoch=0/micro_step=1050/global_step=1050, RunningAvgSamplesPerSec=122.45607817166116, CurrSamplesPerSec=120.31348908525644, MemAllocated=0.15GB, MaxMemAllocated=10.17GB
[2026-06-04 16:55:30,683] [INFO] [logging.py:96:log_dist] [Rank 0] step=1060, skipped=0, lr=[0.001], mom=[(0.9, 0.999)]
[2026-06-04 16:55:31,729] [INFO] [timer.py:258:stop] epoch=0/micro_step=1060/global_step=1060, RunningAvgSamplesPerSec=122.44372701337842, CurrSamplesPerSec=121.21661017186416, MemAllocated=0.15GB, MaxMemAllocated=10.17GB
[2026-06-04 16:55:41,280] [INFO] [logging.py:96:log_dist] [Rank 0] step=1070, skipped=0, lr=[0.001], mom=[(0.9, 0.999)]
[2026-06-04 16:55:42,326] [INFO] [timer.py:258:stop] epoch=0/micro_step=1070/global_step=1070, RunningAvgSamplesPerSec=122.43283082783336, CurrSamplesPerSec=121.292825193765, MemAllocated=0.15GB, MaxMemAllocated=10.17GB
[2026-06-04 16:55:51,876] [INFO] [logging.py:96:log_dist] [Rank 0] step=1080, skipped=0, lr=[0.001], mom=[(0.9, 0.999)]
[2026-06-04 16:55:52,922] [INFO] [timer.py:258:stop] epoch=0/micro_step=1080/global_step=1080, RunningAvgSamplesPerSec=122.4221022737048, CurrSamplesPerSec=121.29679877942013, MemAllocated=0.15GB, MaxMemAllocated=10.17GB
[2026-06-04 16:56:02,470] [INFO] [logging.py:96:log_dist] [Rank 0] step=1090, skipped=0, lr=[0.001], mom=[(0.9, 0.999)]
[2026-06-04 16:56:03,513] [INFO] [timer.py:258:stop] epoch=0/micro_step=1090/global_step=1090, RunningAvgSamplesPerSec=122.41339593245074, CurrSamplesPerSec=121.18878257929164, MemAllocated=0.15GB, MaxMemAllocated=10.17GB
[2026-06-04 16:56:13,036] [INFO] [logging.py:96:log_dist] [Rank 0] step=1100, skipped=0, lr=[0.001], mom=[(0.9, 0.999)]
[2026-06-04 16:56:14,076] [INFO] [timer.py:258:stop] epoch=0/micro_step=1100/global_step=1100, RunningAvgSamplesPerSec=122.40602320244135, CurrSamplesPerSec=121.80384548019497, MemAllocated=0.15GB, MaxMemAllocated=10.17GB
Train Epoch: 2, Iteration: 400, Train Loss: 4.392688751220703
[2026-06-04 16:56:23,619] [INFO] [logging.py:96:log_dist] [Rank 0] step=1110, skipped=0, lr=[0.001], mom=[(0.9, 0.999)]
[2026-06-04 16:56:24,667] [INFO] [timer.py:258:stop] epoch=0/micro_step=1110/global_step=1110, RunningAvgSamplesPerSec=122.39796426936388, CurrSamplesPerSec=121.10876399881343, MemAllocated=0.15GB, MaxMemAllocated=10.17GB
[2026-06-04 16:56:34,195] [INFO] [logging.py:96:log_dist] [Rank 0] step=1120, skipped=0, lr=[0.001], mom=[(0.9, 0.999)]
[2026-06-04 16:56:35,231] [INFO] [timer.py:258:stop] epoch=0/micro_step=1120/global_step=1120, RunningAvgSamplesPerSec=122.39195261154765, CurrSamplesPerSec=122.56274621174073, MemAllocated=0.15GB, MaxMemAllocated=10.17GB
[2026-06-04 16:56:44,746] [INFO] [logging.py:96:log_dist] [Rank 0] step=1130, skipped=0, lr=[0.001], mom=[(0.9, 0.999)]
[2026-06-04 16:56:45,784] [INFO] [timer.py:258:stop] epoch=0/micro_step=1130/global_step=1130, RunningAvgSamplesPerSec=122.38680335911879, CurrSamplesPerSec=121.7261315203191, MemAllocated=0.15GB, MaxMemAllocated=10.17GB
[2026-06-04 16:56:55,292] [INFO] [logging.py:96:log_dist] [Rank 0] step=1140, skipped=0, lr=[0.001], mom=[(0.9, 0.999)]
[2026-06-04 16:56:56,335] [INFO] [timer.py:258:stop] epoch=0/micro_step=1140/global_step=1140, RunningAvgSamplesPerSec=122.38193354109556, CurrSamplesPerSec=121.57457959501629, MemAllocated=0.15GB, MaxMemAllocated=10.17GB
[2026-06-04 16:57:05,844] [INFO] [logging.py:96:log_dist] [Rank 0] step=1150, skipped=0, lr=[0.001], mom=[(0.9, 0.999)]
[2026-06-04 16:57:06,879] [INFO] [timer.py:258:stop] epoch=0/micro_step=1150/global_step=1150, RunningAvgSamplesPerSec=122.37716211064257, CurrSamplesPerSec=122.48721891036821, MemAllocated=0.15GB, MaxMemAllocated=10.17GB
[2026-06-04 16:57:16,421] [INFO] [logging.py:96:log_dist] [Rank 0] step=1160, skipped=0, lr=[0.001], mom=[(0.9, 0.999)]
[2026-06-04 16:57:17,452] [INFO] [timer.py:258:stop] epoch=0/micro_step=1160/global_step=1160, RunningAvgSamplesPerSec=122.37248693969312, CurrSamplesPerSec=121.86563999497892, MemAllocated=0.15GB, MaxMemAllocated=10.17GB
[2026-06-04 16:57:26,965] [INFO] [logging.py:96:log_dist] [Rank 0] step=1170, skipped=0, lr=[0.001], mom=[(0.9, 0.999)]
[2026-06-04 16:57:28,006] [INFO] [timer.py:258:stop] epoch=0/micro_step=1170/global_step=1170, RunningAvgSamplesPerSec=122.36788042248389, CurrSamplesPerSec=121.829385142409, MemAllocated=0.15GB, MaxMemAllocated=10.17GB
[2026-06-04 16:57:37,528] [INFO] [logging.py:96:log_dist] [Rank 0] step=1180, skipped=0, lr=[0.001], mom=[(0.9, 0.999)]
[2026-06-04 16:57:38,562] [INFO] [timer.py:258:stop] epoch=0/micro_step=1180/global_step=1180, RunningAvgSamplesPerSec=122.36309333152722, CurrSamplesPerSec=121.5575680648318, MemAllocated=0.15GB, MaxMemAllocated=10.17GB
[2026-06-04 16:57:48,061] [INFO] [logging.py:96:log_dist] [Rank 0] step=1190, skipped=0, lr=[0.001], mom=[(0.9, 0.999)]
[2026-06-04 16:57:49,101] [INFO] [timer.py:258:stop] epoch=0/micro_step=1190/global_step=1190, RunningAvgSamplesPerSec=122.35995133814401, CurrSamplesPerSec=121.95500027826964, MemAllocated=0.15GB, MaxMemAllocated=10.17GB
[2026-06-04 16:57:58,595] [INFO] [logging.py:96:log_dist] [Rank 0] step=1200, skipped=0, lr=[0.001], mom=[(0.9, 0.999)]
[2026-06-04 16:57:59,637] [INFO] [timer.py:258:stop] epoch=0/micro_step=1200/global_step=1200, RunningAvgSamplesPerSec=122.35642565056862, CurrSamplesPerSec=121.85117418331005, MemAllocated=0.15GB, MaxMemAllocated=10.17GB
[2026-06-04 16:58:09,131] [INFO] [logging.py:96:log_dist] [Rank 0] step=1210, skipped=0, lr=[0.001], mom=[(0.9, 0.999)]
[2026-06-04 16:58:10,173] [INFO] [timer.py:258:stop] epoch=0/micro_step=1210/global_step=1210, RunningAvgSamplesPerSec=122.35356169507025, CurrSamplesPerSec=121.70924310386494, MemAllocated=0.15GB, MaxMemAllocated=10.17GB
[2026-06-04 16:58:19,660] [INFO] [logging.py:96:log_dist] [Rank 0] step=1220, skipped=0, lr=[0.001], mom=[(0.9, 0.999)]
[2026-06-04 16:58:20,692] [INFO] [timer.py:258:stop] epoch=0/micro_step=1220/global_step=1220, RunningAvgSamplesPerSec=122.35190458151467, CurrSamplesPerSec=123.0096146994487, MemAllocated=0.15GB, MaxMemAllocated=10.17GB
[2026-06-04 16:58:30,186] [INFO] [logging.py:96:log_dist] [Rank 0] step=1230, skipped=0, lr=[0.001], mom=[(0.9, 0.999)]
[2026-06-04 16:58:31,225] [INFO] [timer.py:258:stop] epoch=0/micro_step=1230/global_step=1230, RunningAvgSamplesPerSec=122.34957679294435, CurrSamplesPerSec=121.70002819948552, MemAllocated=0.15GB, MaxMemAllocated=10.17GB
[2026-06-04 16:58:40,703] [INFO] [logging.py:96:log_dist] [Rank 0] step=1240, skipped=0, lr=[0.001], mom=[(0.9, 0.999)]
[2026-06-04 16:58:41,743] [INFO] [timer.py:258:stop] epoch=0/micro_step=1240/global_step=1240, RunningAvgSamplesPerSec=122.34792484772781, CurrSamplesPerSec=121.97769339021845, MemAllocated=0.15GB, MaxMemAllocated=10.17GB
[2026-06-04 16:58:51,252] [INFO] [logging.py:96:log_dist] [Rank 0] step=1250, skipped=0, lr=[0.001], mom=[(0.9, 0.999)]
[2026-06-04 16:58:52,297] [INFO] [timer.py:258:stop] epoch=0/micro_step=1250/global_step=1250, RunningAvgSamplesPerSec=122.34367497710292, CurrSamplesPerSec=121.39512511905009, MemAllocated=0.15GB, MaxMemAllocated=10.17GB
[2026-06-04 16:59:01,812] [INFO] [logging.py:96:log_dist] [Rank 0] step=1260, skipped=0, lr=[0.001], mom=[(0.9, 0.999)]
[2026-06-04 16:59:02,856] [INFO] [timer.py:258:stop] epoch=0/micro_step=1260/global_step=1260, RunningAvgSamplesPerSec=122.33897633076279, CurrSamplesPerSec=121.51847060865967, MemAllocated=0.15GB, MaxMemAllocated=10.17GB
[2026-06-04 16:59:12,387] [INFO] [logging.py:96:log_dist] [Rank 0] step=1270, skipped=0, lr=[0.001], mom=[(0.9, 0.999)]
[2026-06-04 16:59:13,430] [INFO] [timer.py:258:stop] epoch=0/micro_step=1270/global_step=1270, RunningAvgSamplesPerSec=122.33307662463251, CurrSamplesPerSec=121.68474667394382, MemAllocated=0.15GB, MaxMemAllocated=10.17GB
[2026-06-04 16:59:22,962] [INFO] [logging.py:96:log_dist] [Rank 0] step=1280, skipped=0, lr=[0.001], mom=[(0.9, 0.999)]
[2026-06-04 16:59:24,008] [INFO] [timer.py:258:stop] epoch=0/micro_step=1280/global_step=1280, RunningAvgSamplesPerSec=122.32695853689151, CurrSamplesPerSec=121.3980622743166, MemAllocated=0.15GB, MaxMemAllocated=10.17GB
[2026-06-04 16:59:33,550] [INFO] [logging.py:96:log_dist] [Rank 0] step=1290, skipped=0, lr=[0.001], mom=[(0.9, 0.999)]
[2026-06-04 16:59:34,590] [INFO] [timer.py:258:stop] epoch=0/micro_step=1290/global_step=1290, RunningAvgSamplesPerSec=122.32051004203365, CurrSamplesPerSec=121.7252207508647, MemAllocated=0.15GB, MaxMemAllocated=10.17GB
[2026-06-04 16:59:44,136] [INFO] [logging.py:96:log_dist] [Rank 0] step=1300, skipped=0, lr=[0.001], mom=[(0.9, 0.999)]
[2026-06-04 16:59:45,183] [INFO] [timer.py:258:stop] epoch=0/micro_step=1300/global_step=1300, RunningAvgSamplesPerSec=122.31243266631661, CurrSamplesPerSec=121.13737483410117, MemAllocated=0.15GB, MaxMemAllocated=10.17GB
Train Epoch: 2, Iteration: 600, Train Loss: 4.138395309448242
[2026-06-04 16:59:54,744] [INFO] [logging.py:96:log_dist] [Rank 0] step=1310, skipped=0, lr=[0.001], mom=[(0.9, 0.999)]
[2026-06-04 16:59:55,785] [INFO] [timer.py:258:stop] epoch=0/micro_step=1310/global_step=1310, RunningAvgSamplesPerSec=122.30728731599345, CurrSamplesPerSec=121.667290710837, MemAllocated=0.15GB, MaxMemAllocated=10.17GB
[2026-06-04 17:00:05,328] [INFO] [logging.py:96:log_dist] [Rank 0] step=1320, skipped=0, lr=[0.001], mom=[(0.9, 0.999)]
[2026-06-04 17:00:06,375] [INFO] [timer.py:258:stop] epoch=0/micro_step=1320/global_step=1320, RunningAvgSamplesPerSec=122.29979957664376, CurrSamplesPerSec=121.26022422047292, MemAllocated=0.15GB, MaxMemAllocated=10.17GB
[2026-06-04 17:00:15,906] [INFO] [logging.py:96:log_dist] [Rank 0] step=1330, skipped=0, lr=[0.001], mom=[(0.9, 0.999)]
[2026-06-04 17:00:16,945] [INFO] [timer.py:258:stop] epoch=0/micro_step=1330/global_step=1330, RunningAvgSamplesPerSec=122.29463160848708, CurrSamplesPerSec=121.80461925202603, MemAllocated=0.15GB, MaxMemAllocated=10.17GB
[2026-06-04 17:00:26,452] [INFO] [logging.py:96:log_dist] [Rank 0] step=1340, skipped=0, lr=[0.001], mom=[(0.9, 0.999)]
[2026-06-04 17:00:27,490] [INFO] [timer.py:258:stop] epoch=0/micro_step=1340/global_step=1340, RunningAvgSamplesPerSec=122.29104644040382, CurrSamplesPerSec=121.86287379983307, MemAllocated=0.15GB, MaxMemAllocated=10.17GB
[2026-06-04 17:00:37,000] [INFO] [logging.py:96:log_dist] [Rank 0] step=1350, skipped=0, lr=[0.001], mom=[(0.9, 0.999)]
[2026-06-04 17:00:38,035] [INFO] [timer.py:258:stop] epoch=0/micro_step=1350/global_step=1350, RunningAvgSamplesPerSec=122.28777622976425, CurrSamplesPerSec=122.1575136857276, MemAllocated=0.15GB, MaxMemAllocated=10.17GB
[2026-06-04 17:00:47,547] [INFO] [logging.py:96:log_dist] [Rank 0] step=1360, skipped=0, lr=[0.001], mom=[(0.9, 0.999)]
[2026-06-04 17:00:48,584] [INFO] [timer.py:258:stop] epoch=0/micro_step=1360/global_step=1360, RunningAvgSamplesPerSec=122.28436852863355, CurrSamplesPerSec=122.16816019209361, MemAllocated=0.15GB, MaxMemAllocated=10.17GB
[2026-06-04 17:00:58,103] [INFO] [logging.py:96:log_dist] [Rank 0] step=1370, skipped=0, lr=[0.001], mom=[(0.9, 0.999)]
[2026-06-04 17:00:59,142] [INFO] [timer.py:258:stop] epoch=0/micro_step=1370/global_step=1370, RunningAvgSamplesPerSec=122.281130688568, CurrSamplesPerSec=121.68891147462358, MemAllocated=0.15GB, MaxMemAllocated=10.17GB
[2026-06-04 17:01:08,652] [INFO] [logging.py:96:log_dist] [Rank 0] step=1380, skipped=0, lr=[0.001], mom=[(0.9, 0.999)]
[2026-06-04 17:01:09,693] [INFO] [timer.py:258:stop] epoch=0/micro_step=1380/global_step=1380, RunningAvgSamplesPerSec=122.27784908258248, CurrSamplesPerSec=121.56725689646818, MemAllocated=0.15GB, MaxMemAllocated=10.17GB
[2026-06-04 17:01:19,182] [INFO] [logging.py:96:log_dist] [Rank 0] step=1390, skipped=0, lr=[0.001], mom=[(0.9, 0.999)]
[2026-06-04 17:01:20,216] [INFO] [timer.py:258:stop] epoch=0/micro_step=1390/global_step=1390, RunningAvgSamplesPerSec=122.27616624717241, CurrSamplesPerSec=122.47660054609867, MemAllocated=0.15GB, MaxMemAllocated=10.17GB
[2026-06-04 17:01:29,700] [INFO] [logging.py:96:log_dist] [Rank 0] step=1400, skipped=0, lr=[0.001], mom=[(0.9, 0.999)]
[2026-06-04 17:01:30,735] [INFO] [timer.py:258:stop] epoch=0/micro_step=1400/global_step=1400, RunningAvgSamplesPerSec=122.27444320953518, CurrSamplesPerSec=122.34332915853128, MemAllocated=0.15GB, MaxMemAllocated=10.17GB
ZeRO stage 0
Epoch 2 train time: 741.25 s
Peak VRAM: 10411.4 MB
Epoch 2. Train Loss = 4.4050. Val Loss = 4.2502. Val Accuracy = 0.125.
Train Epoch: 3, Iteration: 0, Train Loss: 4.1981916427612305
[2026-06-04 17:02:27,882] [INFO] [logging.py:96:log_dist] [Rank 0] step=1410, skipped=0, lr=[0.001], mom=[(0.9, 0.999)]
[2026-06-04 17:02:28,911] [INFO] [timer.py:258:stop] epoch=0/micro_step=1410/global_step=1410, RunningAvgSamplesPerSec=122.35046044447006, CurrSamplesPerSec=122.99983550257629, MemAllocated=0.15GB, MaxMemAllocated=10.17GB
[2026-06-04 17:02:38,385] [INFO] [logging.py:96:log_dist] [Rank 0] step=1420, skipped=0, lr=[0.001], mom=[(0.9, 0.999)]
[2026-06-04 17:02:39,428] [INFO] [timer.py:258:stop] epoch=0/micro_step=1420/global_step=1420, RunningAvgSamplesPerSec=122.34867654645947, CurrSamplesPerSec=121.9143732775738, MemAllocated=0.15GB, MaxMemAllocated=10.17GB
[2026-06-04 17:02:48,894] [INFO] [logging.py:96:log_dist] [Rank 0] step=1430, skipped=0, lr=[0.001], mom=[(0.9, 0.999)]
[2026-06-04 17:02:49,939] [INFO] [timer.py:258:stop] epoch=0/micro_step=1430/global_step=1430, RunningAvgSamplesPerSec=122.34727602479607, CurrSamplesPerSec=121.53970832964514, MemAllocated=0.15GB, MaxMemAllocated=10.17GB
[2026-06-04 17:02:59,413] [INFO] [logging.py:96:log_dist] [Rank 0] step=1440, skipped=0, lr=[0.001], mom=[(0.9, 0.999)]
[2026-06-04 17:03:00,457] [INFO] [timer.py:258:stop] epoch=0/micro_step=1440/global_step=1440, RunningAvgSamplesPerSec=122.3452765537198, CurrSamplesPerSec=121.58096702982145, MemAllocated=0.15GB, MaxMemAllocated=10.17GB
[2026-06-04 17:03:09,946] [INFO] [logging.py:96:log_dist] [Rank 0] step=1450, skipped=0, lr=[0.001], mom=[(0.9, 0.999)]
[2026-06-04 17:03:10,987] [INFO] [timer.py:258:stop] epoch=0/micro_step=1450/global_step=1450, RunningAvgSamplesPerSec=122.34259036574319, CurrSamplesPerSec=122.04440847651047, MemAllocated=0.15GB, MaxMemAllocated=10.17GB
[2026-06-04 17:03:20,486] [INFO] [logging.py:96:log_dist] [Rank 0] step=1460, skipped=0, lr=[0.001], mom=[(0.9, 0.999)]
[2026-06-04 17:03:21,532] [INFO] [timer.py:258:stop] epoch=0/micro_step=1460/global_step=1460, RunningAvgSamplesPerSec=122.33839442971619, CurrSamplesPerSec=121.42568397530644, MemAllocated=0.15GB, MaxMemAllocated=10.17GB
[2026-06-04 17:03:31,049] [INFO] [logging.py:96:log_dist] [Rank 0] step=1470, skipped=0, lr=[0.001], mom=[(0.9, 0.999)]
[2026-06-04 17:03:32,092] [INFO] [timer.py:258:stop] epoch=0/micro_step=1470/global_step=1470, RunningAvgSamplesPerSec=122.33316572090396, CurrSamplesPerSec=121.8229162932059, MemAllocated=0.15GB, MaxMemAllocated=10.17GB
[2026-06-04 17:03:41,614] [INFO] [logging.py:96:log_dist] [Rank 0] step=1480, skipped=0, lr=[0.001], mom=[(0.9, 0.999)]
[2026-06-04 17:03:42,657] [INFO] [timer.py:258:stop] epoch=0/micro_step=1480/global_step=1480, RunningAvgSamplesPerSec=122.32762673497005, CurrSamplesPerSec=121.80232559986187, MemAllocated=0.15GB, MaxMemAllocated=10.17GB
[2026-06-04 17:03:52,182] [INFO] [logging.py:96:log_dist] [Rank 0] step=1490, skipped=0, lr=[0.001], mom=[(0.9, 0.999)]
[2026-06-04 17:03:53,227] [INFO] [timer.py:258:stop] epoch=0/micro_step=1490/global_step=1490, RunningAvgSamplesPerSec=122.32171264677658, CurrSamplesPerSec=121.59214665591023, MemAllocated=0.15GB, MaxMemAllocated=10.17GB
[2026-06-04 17:04:02,775] [INFO] [logging.py:96:log_dist] [Rank 0] step=1500, skipped=0, lr=[0.001], mom=[(0.9, 0.999)]
[2026-06-04 17:04:03,825] [INFO] [timer.py:258:stop] epoch=0/micro_step=1500/global_step=1500, RunningAvgSamplesPerSec=122.31386561612238, CurrSamplesPerSec=120.93106240619676, MemAllocated=0.15GB, MaxMemAllocated=10.17GB
[2026-06-04 17:04:13,374] [INFO] [logging.py:96:log_dist] [Rank 0] step=1510, skipped=0, lr=[0.001], mom=[(0.9, 0.999)]
[2026-06-04 17:04:14,422] [INFO] [timer.py:258:stop] epoch=0/micro_step=1510/global_step=1510, RunningAvgSamplesPerSec=122.30603351483772, CurrSamplesPerSec=121.18659412683816, MemAllocated=0.15GB, MaxMemAllocated=10.17GB
[2026-06-04 17:04:23,968] [INFO] [logging.py:96:log_dist] [Rank 0] step=1520, skipped=0, lr=[0.001], mom=[(0.9, 0.999)]
[2026-06-04 17:04:25,014] [INFO] [timer.py:258:stop] epoch=0/micro_step=1520/global_step=1520, RunningAvgSamplesPerSec=122.29880591903047, CurrSamplesPerSec=121.42763389428144, MemAllocated=0.15GB, MaxMemAllocated=10.17GB
[2026-06-04 17:04:34,542] [INFO] [logging.py:96:log_dist] [Rank 0] step=1530, skipped=0, lr=[0.001], mom=[(0.9, 0.999)]
[2026-06-04 17:04:35,589] [INFO] [timer.py:258:stop] epoch=0/micro_step=1530/global_step=1530, RunningAvgSamplesPerSec=122.29287156021081, CurrSamplesPerSec=121.30493859183748, MemAllocated=0.15GB, MaxMemAllocated=10.17GB
[2026-06-04 17:04:45,142] [INFO] [logging.py:96:log_dist] [Rank 0] step=1540, skipped=0, lr=[0.001], mom=[(0.9, 0.999)]
[2026-06-04 17:04:46,192] [INFO] [timer.py:258:stop] epoch=0/micro_step=1540/global_step=1540, RunningAvgSamplesPerSec=122.28504887335795, CurrSamplesPerSec=120.90437317403449, MemAllocated=0.15GB, MaxMemAllocated=10.17GB
[2026-06-04 17:04:55,722] [INFO] [logging.py:96:log_dist] [Rank 0] step=1550, skipped=0, lr=[0.001], mom=[(0.9, 0.999)]
[2026-06-04 17:04:56,768] [INFO] [timer.py:258:stop] epoch=0/micro_step=1550/global_step=1550, RunningAvgSamplesPerSec=122.27910609729167, CurrSamplesPerSec=121.4693661824447, MemAllocated=0.15GB, MaxMemAllocated=10.17GB
[2026-06-04 17:05:06,313] [INFO] [logging.py:96:log_dist] [Rank 0] step=1560, skipped=0, lr=[0.001], mom=[(0.9, 0.999)]
[2026-06-04 17:05:07,359] [INFO] [timer.py:258:stop] epoch=0/micro_step=1560/global_step=1560, RunningAvgSamplesPerSec=122.2722127235701, CurrSamplesPerSec=121.30381484903307, MemAllocated=0.15GB, MaxMemAllocated=10.17GB
[2026-06-04 17:05:16,905] [INFO] [logging.py:96:log_dist] [Rank 0] step=1570, skipped=0, lr=[0.001], mom=[(0.9, 0.999)]
[2026-06-04 17:05:17,948] [INFO] [timer.py:258:stop] epoch=0/micro_step=1570/global_step=1570, RunningAvgSamplesPerSec=122.26556723755755, CurrSamplesPerSec=121.66624296086731, MemAllocated=0.15GB, MaxMemAllocated=10.17GB
[2026-06-04 17:05:27,466] [INFO] [logging.py:96:log_dist] [Rank 0] step=1580, skipped=0, lr=[0.001], mom=[(0.9, 0.999)]
[2026-06-04 17:05:28,512] [INFO] [timer.py:258:stop] epoch=0/micro_step=1580/global_step=1580, RunningAvgSamplesPerSec=122.26087046925495, CurrSamplesPerSec=121.35273062958332, MemAllocated=0.15GB, MaxMemAllocated=10.17GB
[2026-06-04 17:05:38,019] [INFO] [logging.py:96:log_dist] [Rank 0] step=1590, skipped=0, lr=[0.001], mom=[(0.9, 0.999)]
[2026-06-04 17:05:39,067] [INFO] [timer.py:258:stop] epoch=0/micro_step=1590/global_step=1590, RunningAvgSamplesPerSec=122.25687874284625, CurrSamplesPerSec=121.13874149681354, MemAllocated=0.15GB, MaxMemAllocated=10.17GB
[2026-06-04 17:05:48,579] [INFO] [logging.py:96:log_dist] [Rank 0] step=1600, skipped=0, lr=[0.001], mom=[(0.9, 0.999)]
[2026-06-04 17:05:49,623] [INFO] [timer.py:258:stop] epoch=0/micro_step=1600/global_step=1600, RunningAvgSamplesPerSec=122.25303738439051, CurrSamplesPerSec=121.61153689158658, MemAllocated=0.15GB, MaxMemAllocated=10.17GB
Train Epoch: 3, Iteration: 200, Train Loss: 4.338167667388916
[2026-06-04 17:05:59,116] [INFO] [logging.py:96:log_dist] [Rank 0] step=1610, skipped=0, lr=[0.001], mom=[(0.9, 0.999)]
[2026-06-04 17:06:00,162] [INFO] [timer.py:258:stop] epoch=0/micro_step=1610/global_step=1610, RunningAvgSamplesPerSec=122.25037337160123, CurrSamplesPerSec=121.37591359031725, MemAllocated=0.15GB, MaxMemAllocated=10.17GB
[2026-06-04 17:06:09,655] [INFO] [logging.py:96:log_dist] [Rank 0] step=1620, skipped=0, lr=[0.001], mom=[(0.9, 0.999)]
[2026-06-04 17:06:10,699] [INFO] [timer.py:258:stop] epoch=0/micro_step=1620/global_step=1620, RunningAvgSamplesPerSec=122.24792879255024, CurrSamplesPerSec=121.73305933408024, MemAllocated=0.15GB, MaxMemAllocated=10.17GB
[2026-06-04 17:06:20,177] [INFO] [logging.py:96:log_dist] [Rank 0] step=1630, skipped=0, lr=[0.001], mom=[(0.9, 0.999)]
[2026-06-04 17:06:21,218] [INFO] [timer.py:258:stop] epoch=0/micro_step=1630/global_step=1630, RunningAvgSamplesPerSec=122.24666043811028, CurrSamplesPerSec=121.95070643927347, MemAllocated=0.15GB, MaxMemAllocated=10.17GB
[2026-06-04 17:06:30,705] [INFO] [logging.py:96:log_dist] [Rank 0] step=1640, skipped=0, lr=[0.001], mom=[(0.9, 0.999)]
[2026-06-04 17:06:31,751] [INFO] [timer.py:258:stop] epoch=0/micro_step=1640/global_step=1640, RunningAvgSamplesPerSec=122.24461125467641, CurrSamplesPerSec=121.39424674508314, MemAllocated=0.15GB, MaxMemAllocated=10.17GB
[2026-06-04 17:06:41,228] [INFO] [logging.py:96:log_dist] [Rank 0] step=1650, skipped=0, lr=[0.001], mom=[(0.9, 0.999)]
[2026-06-04 17:06:42,268] [INFO] [timer.py:258:stop] epoch=0/micro_step=1650/global_step=1650, RunningAvgSamplesPerSec=122.24363205703675, CurrSamplesPerSec=122.01475756292714, MemAllocated=0.15GB, MaxMemAllocated=10.17GB
[2026-06-04 17:06:51,760] [INFO] [logging.py:96:log_dist] [Rank 0] step=1660, skipped=0, lr=[0.001], mom=[(0.9, 0.999)]
[2026-06-04 17:06:52,802] [INFO] [timer.py:258:stop] epoch=0/micro_step=1660/global_step=1660, RunningAvgSamplesPerSec=122.2417905572732, CurrSamplesPerSec=121.73573682795126, MemAllocated=0.15GB, MaxMemAllocated=10.17GB
[2026-06-04 17:07:02,275] [INFO] [logging.py:96:log_dist] [Rank 0] step=1670, skipped=0, lr=[0.001], mom=[(0.9, 0.999)]
[2026-06-04 17:07:03,318] [INFO] [timer.py:258:stop] epoch=0/micro_step=1670/global_step=1670, RunningAvgSamplesPerSec=122.24091357617925, CurrSamplesPerSec=121.63195289785874, MemAllocated=0.15GB, MaxMemAllocated=10.17GB
[2026-06-04 17:07:12,792] [INFO] [logging.py:96:log_dist] [Rank 0] step=1680, skipped=0, lr=[0.001], mom=[(0.9, 0.999)]
[2026-06-04 17:07:13,828] [INFO] [timer.py:258:stop] epoch=0/micro_step=1680/global_step=1680, RunningAvgSamplesPerSec=122.24055725867838, CurrSamplesPerSec=122.42509966818697, MemAllocated=0.15GB, MaxMemAllocated=10.17GB
[2026-06-04 17:07:23,304] [INFO] [logging.py:96:log_dist] [Rank 0] step=1690, skipped=0, lr=[0.001], mom=[(0.9, 0.999)]
[2026-06-04 17:07:24,340] [INFO] [timer.py:258:stop] epoch=0/micro_step=1690/global_step=1690, RunningAvgSamplesPerSec=122.23997582440424, CurrSamplesPerSec=122.54817038611043, MemAllocated=0.15GB, MaxMemAllocated=10.17GB
[2026-06-04 17:07:33,821] [INFO] [logging.py:96:log_dist] [Rank 0] step=1700, skipped=0, lr=[0.001], mom=[(0.9, 0.999)]
[2026-06-04 17:07:34,860] [INFO] [timer.py:258:stop] epoch=0/micro_step=1700/global_step=1700, RunningAvgSamplesPerSec=122.23891742230073, CurrSamplesPerSec=122.23931423877143, MemAllocated=0.15GB, MaxMemAllocated=10.17GB
[2026-06-04 17:07:44,349] [INFO] [logging.py:96:log_dist] [Rank 0] step=1710, skipped=0, lr=[0.001], mom=[(0.9, 0.999)]
[2026-06-04 17:07:45,390] [INFO] [timer.py:258:stop] epoch=0/micro_step=1710/global_step=1710, RunningAvgSamplesPerSec=122.23720682825362, CurrSamplesPerSec=121.8649484344193, MemAllocated=0.15GB, MaxMemAllocated=10.17GB
[2026-06-04 17:07:54,900] [INFO] [logging.py:96:log_dist] [Rank 0] step=1720, skipped=0, lr=[0.001], mom=[(0.9, 0.999)]
[2026-06-04 17:07:55,944] [INFO] [timer.py:258:stop] epoch=0/micro_step=1720/global_step=1720, RunningAvgSamplesPerSec=122.23393784888339, CurrSamplesPerSec=121.50045737703212, MemAllocated=0.15GB, MaxMemAllocated=10.17GB
[2026-06-04 17:08:05,450] [INFO] [logging.py:96:log_dist] [Rank 0] step=1730, skipped=0, lr=[0.001], mom=[(0.9, 0.999)]
[2026-06-04 17:08:06,489] [INFO] [timer.py:258:stop] epoch=0/micro_step=1730/global_step=1730, RunningAvgSamplesPerSec=122.23122182004454, CurrSamplesPerSec=122.16043225610619, MemAllocated=0.15GB, MaxMemAllocated=10.17GB
[2026-06-04 17:08:15,994] [INFO] [logging.py:96:log_dist] [Rank 0] step=1740, skipped=0, lr=[0.001], mom=[(0.9, 0.999)]
[2026-06-04 17:08:17,037] [INFO] [timer.py:258:stop] epoch=0/micro_step=1740/global_step=1740, RunningAvgSamplesPerSec=122.2283073712651, CurrSamplesPerSec=121.73369419310835, MemAllocated=0.15GB, MaxMemAllocated=10.17GB
[2026-06-04 17:08:26,545] [INFO] [logging.py:96:log_dist] [Rank 0] step=1750, skipped=0, lr=[0.001], mom=[(0.9, 0.999)]
[2026-06-04 17:08:27,590] [INFO] [timer.py:258:stop] epoch=0/micro_step=1750/global_step=1750, RunningAvgSamplesPerSec=122.22507217985596, CurrSamplesPerSec=121.322619725293, MemAllocated=0.15GB, MaxMemAllocated=10.17GB
[2026-06-04 17:08:37,101] [INFO] [logging.py:96:log_dist] [Rank 0] step=1760, skipped=0, lr=[0.001], mom=[(0.9, 0.999)]
[2026-06-04 17:08:38,140] [INFO] [timer.py:258:stop] epoch=0/micro_step=1760/global_step=1760, RunningAvgSamplesPerSec=122.22200642167272, CurrSamplesPerSec=122.12991924293091, MemAllocated=0.15GB, MaxMemAllocated=10.17GB
[2026-06-04 17:08:47,668] [INFO] [logging.py:96:log_dist] [Rank 0] step=1770, skipped=0, lr=[0.001], mom=[(0.9, 0.999)]
[2026-06-04 17:08:48,714] [INFO] [timer.py:258:stop] epoch=0/micro_step=1770/global_step=1770, RunningAvgSamplesPerSec=122.21751724849734, CurrSamplesPerSec=121.21860812093526, MemAllocated=0.15GB, MaxMemAllocated=10.17GB
[2026-06-04 17:08:58,256] [INFO] [logging.py:96:log_dist] [Rank 0] step=1780, skipped=0, lr=[0.001], mom=[(0.9, 0.999)]
[2026-06-04 17:08:59,305] [INFO] [timer.py:258:stop] epoch=0/micro_step=1780/global_step=1780, RunningAvgSamplesPerSec=122.2120312541102, CurrSamplesPerSec=121.07560655535106, MemAllocated=0.15GB, MaxMemAllocated=10.17GB
[2026-06-04 17:09:08,822] [INFO] [logging.py:96:log_dist] [Rank 0] step=1790, skipped=0, lr=[0.001], mom=[(0.9, 0.999)]
[2026-06-04 17:09:09,867] [INFO] [timer.py:258:stop] epoch=0/micro_step=1790/global_step=1790, RunningAvgSamplesPerSec=122.20835912842544, CurrSamplesPerSec=121.53687437038043, MemAllocated=0.15GB, MaxMemAllocated=10.17GB
[2026-06-04 17:09:19,412] [INFO] [logging.py:96:log_dist] [Rank 0] step=1800, skipped=0, lr=[0.001], mom=[(0.9, 0.999)]
[2026-06-04 17:09:20,463] [INFO] [timer.py:258:stop] epoch=0/micro_step=1800/global_step=1800, RunningAvgSamplesPerSec=122.20278627891122, CurrSamplesPerSec=120.9176346157138, MemAllocated=0.15GB, MaxMemAllocated=10.17GB
Train Epoch: 3, Iteration: 400, Train Loss: 4.5279154777526855
[2026-06-04 17:09:29,989] [INFO] [logging.py:96:log_dist] [Rank 0] step=1810, skipped=0, lr=[0.001], mom=[(0.9, 0.999)]
[2026-06-04 17:09:31,033] [INFO] [timer.py:258:stop] epoch=0/micro_step=1810/global_step=1810, RunningAvgSamplesPerSec=122.19877417641207, CurrSamplesPerSec=121.50942207358949, MemAllocated=0.15GB, MaxMemAllocated=10.17GB
[2026-06-04 17:09:40,549] [INFO] [logging.py:96:log_dist] [Rank 0] step=1820, skipped=0, lr=[0.001], mom=[(0.9, 0.999)]
[2026-06-04 17:09:41,594] [INFO] [timer.py:258:stop] epoch=0/micro_step=1820/global_step=1820, RunningAvgSamplesPerSec=122.1954385516098, CurrSamplesPerSec=121.54188203844635, MemAllocated=0.15GB, MaxMemAllocated=10.17GB
[2026-06-04 17:09:51,117] [INFO] [logging.py:96:log_dist] [Rank 0] step=1830, skipped=0, lr=[0.001], mom=[(0.9, 0.999)]
[2026-06-04 17:09:52,156] [INFO] [timer.py:258:stop] epoch=0/micro_step=1830/global_step=1830, RunningAvgSamplesPerSec=122.19218871120852, CurrSamplesPerSec=122.19607786012126, MemAllocated=0.15GB, MaxMemAllocated=10.17GB
[2026-06-04 17:10:01,679] [INFO] [logging.py:96:log_dist] [Rank 0] step=1840, skipped=0, lr=[0.001], mom=[(0.9, 0.999)]
[2026-06-04 17:10:02,724] [INFO] [timer.py:258:stop] epoch=0/micro_step=1840/global_step=1840, RunningAvgSamplesPerSec=122.18916447125717, CurrSamplesPerSec=121.44851019010244, MemAllocated=0.15GB, MaxMemAllocated=10.17GB
[2026-06-04 17:10:12,252] [INFO] [logging.py:96:log_dist] [Rank 0] step=1850, skipped=0, lr=[0.001], mom=[(0.9, 0.999)]
[2026-06-04 17:10:13,298] [INFO] [timer.py:258:stop] epoch=0/micro_step=1850/global_step=1850, RunningAvgSamplesPerSec=122.18568837640123, CurrSamplesPerSec=121.38861996339378, MemAllocated=0.15GB, MaxMemAllocated=10.17GB
[2026-06-04 17:10:22,805] [INFO] [logging.py:96:log_dist] [Rank 0] step=1860, skipped=0, lr=[0.001], mom=[(0.9, 0.999)]
[2026-06-04 17:10:23,844] [INFO] [timer.py:258:stop] epoch=0/micro_step=1860/global_step=1860, RunningAvgSamplesPerSec=122.18360560296868, CurrSamplesPerSec=122.31389510098221, MemAllocated=0.15GB, MaxMemAllocated=10.17GB
[2026-06-04 17:10:33,347] [INFO] [logging.py:96:log_dist] [Rank 0] step=1870, skipped=0, lr=[0.001], mom=[(0.9, 0.999)]
[2026-06-04 17:10:34,391] [INFO] [timer.py:258:stop] epoch=0/micro_step=1870/global_step=1870, RunningAvgSamplesPerSec=122.18134091015, CurrSamplesPerSec=121.59894905998625, MemAllocated=0.15GB, MaxMemAllocated=10.17GB
[2026-06-04 17:10:43,882] [INFO] [logging.py:96:log_dist] [Rank 0] step=1880, skipped=0, lr=[0.001], mom=[(0.9, 0.999)]
[2026-06-04 17:10:44,920] [INFO] [timer.py:258:stop] epoch=0/micro_step=1880/global_step=1880, RunningAvgSamplesPerSec=122.1804408799106, CurrSamplesPerSec=122.33000403307578, MemAllocated=0.15GB, MaxMemAllocated=10.17GB
[2026-06-04 17:10:54,400] [INFO] [logging.py:96:log_dist] [Rank 0] step=1890, skipped=0, lr=[0.001], mom=[(0.9, 0.999)]
[2026-06-04 17:10:55,445] [INFO] [timer.py:258:stop] epoch=0/micro_step=1890/global_step=1890, RunningAvgSamplesPerSec=122.1796644310676, CurrSamplesPerSec=121.49869759193689, MemAllocated=0.15GB, MaxMemAllocated=10.17GB
[2026-06-04 17:11:04,933] [INFO] [logging.py:96:log_dist] [Rank 0] step=1900, skipped=0, lr=[0.001], mom=[(0.9, 0.999)]
[2026-06-04 17:11:05,970] [INFO] [timer.py:258:stop] epoch=0/micro_step=1900/global_step=1900, RunningAvgSamplesPerSec=122.17890169660214, CurrSamplesPerSec=122.3836288381451, MemAllocated=0.15GB, MaxMemAllocated=10.17GB
[2026-06-04 17:11:15,453] [INFO] [logging.py:96:log_dist] [Rank 0] step=1910, skipped=0, lr=[0.001], mom=[(0.9, 0.999)]
[2026-06-04 17:11:16,490] [INFO] [timer.py:258:stop] epoch=0/micro_step=1910/global_step=1910, RunningAvgSamplesPerSec=122.17835650726389, CurrSamplesPerSec=122.33504939810128, MemAllocated=0.15GB, MaxMemAllocated=10.17GB
[2026-06-04 17:11:25,964] [INFO] [logging.py:96:log_dist] [Rank 0] step=1920, skipped=0, lr=[0.001], mom=[(0.9, 0.999)]
[2026-06-04 17:11:26,999] [INFO] [timer.py:258:stop] epoch=0/micro_step=1920/global_step=1920, RunningAvgSamplesPerSec=122.17853021572992, CurrSamplesPerSec=122.67580550775432, MemAllocated=0.15GB, MaxMemAllocated=10.17GB
[2026-06-04 17:11:36,485] [INFO] [logging.py:96:log_dist] [Rank 0] step=1930, skipped=0, lr=[0.001], mom=[(0.9, 0.999)]
[2026-06-04 17:11:37,520] [INFO] [timer.py:258:stop] epoch=0/micro_step=1930/global_step=1930, RunningAvgSamplesPerSec=122.17802309884642, CurrSamplesPerSec=122.54654795586806, MemAllocated=0.15GB, MaxMemAllocated=10.17GB
[2026-06-04 17:11:46,992] [INFO] [logging.py:96:log_dist] [Rank 0] step=1940, skipped=0, lr=[0.001], mom=[(0.9, 0.999)]
[2026-06-04 17:11:48,030] [INFO] [timer.py:258:stop] epoch=0/micro_step=1940/global_step=1940, RunningAvgSamplesPerSec=122.17821242980524, CurrSamplesPerSec=122.25111635047553, MemAllocated=0.15GB, MaxMemAllocated=10.17GB
[2026-06-04 17:11:57,504] [INFO] [logging.py:96:log_dist] [Rank 0] step=1950, skipped=0, lr=[0.001], mom=[(0.9, 0.999)]
[2026-06-04 17:11:58,547] [INFO] [timer.py:258:stop] epoch=0/micro_step=1950/global_step=1950, RunningAvgSamplesPerSec=122.17796129477037, CurrSamplesPerSec=121.74451541742332, MemAllocated=0.15GB, MaxMemAllocated=10.17GB
[2026-06-04 17:12:08,019] [INFO] [logging.py:96:log_dist] [Rank 0] step=1960, skipped=0, lr=[0.001], mom=[(0.9, 0.999)]
[2026-06-04 17:12:09,060] [INFO] [timer.py:258:stop] epoch=0/micro_step=1960/global_step=1960, RunningAvgSamplesPerSec=122.17796359123967, CurrSamplesPerSec=121.84976374299904, MemAllocated=0.15GB, MaxMemAllocated=10.17GB
[2026-06-04 17:12:18,530] [INFO] [logging.py:96:log_dist] [Rank 0] step=1970, skipped=0, lr=[0.001], mom=[(0.9, 0.999)]
[2026-06-04 17:12:19,563] [INFO] [timer.py:258:stop] epoch=0/micro_step=1970/global_step=1970, RunningAvgSamplesPerSec=122.17856603875262, CurrSamplesPerSec=122.80497083995922, MemAllocated=0.15GB, MaxMemAllocated=10.17GB
[2026-06-04 17:12:29,033] [INFO] [logging.py:96:log_dist] [Rank 0] step=1980, skipped=0, lr=[0.001], mom=[(0.9, 0.999)]
[2026-06-04 17:12:30,074] [INFO] [timer.py:258:stop] epoch=0/micro_step=1980/global_step=1980, RunningAvgSamplesPerSec=122.17869110746699, CurrSamplesPerSec=121.93832525477497, MemAllocated=0.15GB, MaxMemAllocated=10.17GB
[2026-06-04 17:12:39,544] [INFO] [logging.py:96:log_dist] [Rank 0] step=1990, skipped=0, lr=[0.001], mom=[(0.9, 0.999)]
[2026-06-04 17:12:40,579] [INFO] [timer.py:258:stop] epoch=0/micro_step=1990/global_step=1990, RunningAvgSamplesPerSec=122.17911821376701, CurrSamplesPerSec=122.5093277800673, MemAllocated=0.15GB, MaxMemAllocated=10.17GB
[2026-06-04 17:12:50,048] [INFO] [logging.py:96:log_dist] [Rank 0] step=2000, skipped=0, lr=[0.001], mom=[(0.9, 0.999)]
[2026-06-04 17:12:51,089] [INFO] [timer.py:258:stop] epoch=0/micro_step=2000/global_step=2000, RunningAvgSamplesPerSec=122.17913623045452, CurrSamplesPerSec=122.04207804205622, MemAllocated=0.15GB, MaxMemAllocated=10.17GB
Train Epoch: 3, Iteration: 600, Train Loss: 4.1097331047058105
[2026-06-04 17:13:00,556] [INFO] [logging.py:96:log_dist] [Rank 0] step=2010, skipped=0, lr=[0.001], mom=[(0.9, 0.999)]
[2026-06-04 17:13:01,590] [INFO] [timer.py:258:stop] epoch=0/micro_step=2010/global_step=2010, RunningAvgSamplesPerSec=122.17979761775209, CurrSamplesPerSec=122.70936851878179, MemAllocated=0.15GB, MaxMemAllocated=10.17GB
[2026-06-04 17:13:11,057] [INFO] [logging.py:96:log_dist] [Rank 0] step=2020, skipped=0, lr=[0.001], mom=[(0.9, 0.999)]
[2026-06-04 17:13:12,101] [INFO] [timer.py:258:stop] epoch=0/micro_step=2020/global_step=2020, RunningAvgSamplesPerSec=122.17992139576958, CurrSamplesPerSec=121.63997239445479, MemAllocated=0.15GB, MaxMemAllocated=10.17GB
[2026-06-04 17:13:21,571] [INFO] [logging.py:96:log_dist] [Rank 0] step=2030, skipped=0, lr=[0.001], mom=[(0.9, 0.999)]
[2026-06-04 17:13:22,605] [INFO] [timer.py:258:stop] epoch=0/micro_step=2030/global_step=2030, RunningAvgSamplesPerSec=122.18037217701624, CurrSamplesPerSec=122.69453347840823, MemAllocated=0.15GB, MaxMemAllocated=10.17GB
[2026-06-04 17:13:32,073] [INFO] [logging.py:96:log_dist] [Rank 0] step=2040, skipped=0, lr=[0.001], mom=[(0.9, 0.999)]
[2026-06-04 17:13:33,114] [INFO] [timer.py:258:stop] epoch=0/micro_step=2040/global_step=2040, RunningAvgSamplesPerSec=122.18048323124789, CurrSamplesPerSec=121.96768964686066, MemAllocated=0.15GB, MaxMemAllocated=10.17GB
[2026-06-04 17:13:42,583] [INFO] [logging.py:96:log_dist] [Rank 0] step=2050, skipped=0, lr=[0.001], mom=[(0.9, 0.999)]
[2026-06-04 17:13:43,618] [INFO] [timer.py:258:stop] epoch=0/micro_step=2050/global_step=2050, RunningAvgSamplesPerSec=122.18086706395874, CurrSamplesPerSec=122.59647134126527, MemAllocated=0.15GB, MaxMemAllocated=10.17GB
[2026-06-04 17:13:53,081] [INFO] [logging.py:96:log_dist] [Rank 0] step=2060, skipped=0, lr=[0.001], mom=[(0.9, 0.999)]
[2026-06-04 17:13:54,118] [INFO] [timer.py:258:stop] epoch=0/micro_step=2060/global_step=2060, RunningAvgSamplesPerSec=122.18130813144997, CurrSamplesPerSec=122.44246659789691, MemAllocated=0.15GB, MaxMemAllocated=10.17GB
[2026-06-04 17:14:03,577] [INFO] [logging.py:96:log_dist] [Rank 0] step=2070, skipped=0, lr=[0.001], mom=[(0.9, 0.999)]
[2026-06-04 17:14:04,616] [INFO] [timer.py:258:stop] epoch=0/micro_step=2070/global_step=2070, RunningAvgSamplesPerSec=122.18211682629223, CurrSamplesPerSec=122.29202384561715, MemAllocated=0.15GB, MaxMemAllocated=10.17GB
[2026-06-04 17:14:14,094] [INFO] [logging.py:96:log_dist] [Rank 0] step=2080, skipped=0, lr=[0.001], mom=[(0.9, 0.999)]
[2026-06-04 17:14:15,130] [INFO] [timer.py:258:stop] epoch=0/micro_step=2080/global_step=2080, RunningAvgSamplesPerSec=122.18202358804072, CurrSamplesPerSec=122.46481073040565, MemAllocated=0.15GB, MaxMemAllocated=10.17GB
[2026-06-04 17:14:24,615] [INFO] [logging.py:96:log_dist] [Rank 0] step=2090, skipped=0, lr=[0.001], mom=[(0.9, 0.999)]
[2026-06-04 17:14:25,658] [INFO] [timer.py:258:stop] epoch=0/micro_step=2090/global_step=2090, RunningAvgSamplesPerSec=122.18110723221571, CurrSamplesPerSec=121.72660070990247, MemAllocated=0.15GB, MaxMemAllocated=10.17GB
[2026-06-04 17:14:35,168] [INFO] [logging.py:96:log_dist] [Rank 0] step=2100, skipped=0, lr=[0.001], mom=[(0.9, 0.999)]
[2026-06-04 17:14:36,203] [INFO] [timer.py:258:stop] epoch=0/micro_step=2100/global_step=2100, RunningAvgSamplesPerSec=122.17946921013032, CurrSamplesPerSec=122.58980880753545, MemAllocated=0.15GB, MaxMemAllocated=10.17GB
[2026-06-04 17:14:45,703] [INFO] [logging.py:96:log_dist] [Rank 0] step=2110, skipped=0, lr=[0.001], mom=[(0.9, 0.999)]
[2026-06-04 17:14:46,751] [INFO] [timer.py:258:stop] epoch=0/micro_step=2110/global_step=2110, RunningAvgSamplesPerSec=122.17744611453786, CurrSamplesPerSec=121.16949956248872, MemAllocated=0.15GB, MaxMemAllocated=10.17GB
ZeRO stage 0
Epoch 3 train time: 741.38 s
Peak VRAM: 10411.4 MB
Epoch 3. Train Loss = 4.1725. Val Loss = 4.5461. Val Accuracy = 0.110.
===== ZeRO stage 1 =====
W0604 17:15:58.622000 2917531 torch/distributed/run.py:803]
W0604 17:15:58.622000 2917531 torch/distributed/run.py:803] *****************************************
W0604 17:15:58.622000 2917531 torch/distributed/run.py:803] Setting OMP_NUM_THREADS environment variable for each process to be 1 in default, to avoid your system being overloaded, please further tune the variable for optimal performance in your application as needed.
W0604 17:15:58.622000 2917531 torch/distributed/run.py:803] *****************************************
[2026-06-04 17:16:04,304] [INFO] [real_accelerator.py:203:get_accelerator] Setting ds_accelerator to cuda (auto detect)
[2026-06-04 17:16:04,324] [INFO] [real_accelerator.py:203:get_accelerator] Setting ds_accelerator to cuda (auto detect)
[93m [WARNING] [0m async_io requires the dev libaio .so object and headers but these were not found.
[93m [WARNING] [0m async_io requires the dev libaio .so object and headers but these were not found.
[93m [WARNING] [0m async_io: please install the libaio-dev package with apt
[93m [WARNING] [0m If libaio is already installed (perhaps from source), try setting the CFLAGS and LDFLAGS environment variables to where it can be found.
[93m [WARNING] [0m Please specify the CUTLASS repo directory as environment variable $CUTLASS_PATH
[93m [WARNING] [0m async_io: please install the libaio-dev package with apt
[93m [WARNING] [0m If libaio is already installed (perhaps from source), try setting the CFLAGS and LDFLAGS environment variables to where it can be found.
[93m [WARNING] [0m Please specify the CUTLASS repo directory as environment variable $CUTLASS_PATH
[93m [WARNING] [0m sparse_attn requires a torch version >= 1.5 and < 2.0 but detected 2.9
[93m [WARNING] [0m using untested triton version (3.5.1), only 1.0.0 is known to be compatible
[93m [WARNING] [0m sparse_attn requires a torch version >= 1.5 and < 2.0 but detected 2.9
[93m [WARNING] [0m using untested triton version (3.5.1), only 1.0.0 is known to be compatible
/ceph/home/student.aau.dk/yt84fi/.local/lib/python3.12/site-packages/deepspeed/runtime/zero/linear.py:47: FutureWarning: `torch.cuda.amp.custom_fwd(args...)` is deprecated. Please use `torch.amp.custom_fwd(args..., device_type='cuda')` instead.
  @autocast_custom_fwd
/ceph/home/student.aau.dk/yt84fi/.local/lib/python3.12/site-packages/deepspeed/runtime/zero/linear.py:66: FutureWarning: `torch.cuda.amp.custom_bwd(args...)` is deprecated. Please use `torch.amp.custom_bwd(args..., device_type='cuda')` instead.
  @autocast_custom_bwd
/ceph/home/student.aau.dk/yt84fi/.local/lib/python3.12/site-packages/deepspeed/runtime/zero/linear.py:47: FutureWarning: `torch.cuda.amp.custom_fwd(args...)` is deprecated. Please use `torch.amp.custom_fwd(args..., device_type='cuda')` instead.
  @autocast_custom_fwd
/ceph/home/student.aau.dk/yt84fi/.local/lib/python3.12/site-packages/deepspeed/runtime/zero/linear.py:66: FutureWarning: `torch.cuda.amp.custom_bwd(args...)` is deprecated. Please use `torch.amp.custom_bwd(args..., device_type='cuda')` instead.
  @autocast_custom_bwd
[2026-06-04 17:16:34,523] [INFO] [comm.py:637:init_distributed] cdb=None
[2026-06-04 17:16:34,523] [INFO] [comm.py:668:init_distributed] Initializing TorchBackend in DeepSpeed with backend nccl
[2026-06-04 17:16:34,749] [INFO] [logging.py:96:log_dist] [Rank 0] DeepSpeed info: version=0.14.4, git-hash=unknown, git-branch=unknown
[2026-06-04 17:16:34,955] [INFO] [comm.py:637:init_distributed] cdb=None
[2026-06-04 17:16:35,560] [INFO] [logging.py:96:log_dist] [Rank 0] DeepSpeed Flops Profiler Enabled: False
ninja: no work to do.
Time to load fused_adam op: 1.1333353519439697 seconds
Time to load fused_adam op: 1.1394603252410889 seconds
[2026-06-04 17:16:36,704] [INFO] [logging.py:96:log_dist] [Rank 0] Using DeepSpeed Optimizer param name adam as basic optimizer
[2026-06-04 17:16:36,704] [INFO] [logging.py:96:log_dist] [Rank 0] Removing param_group that has no 'params' in the basic Optimizer
[2026-06-04 17:16:36,705] [INFO] [logging.py:96:log_dist] [Rank 0] DeepSpeed Basic Optimizer = FusedAdam
[2026-06-04 17:16:36,705] [INFO] [utils.py:56:is_zero_supported_optimizer] Checking ZeRO support for optimizer=FusedAdam type=<class 'deepspeed.ops.adam.fused_adam.FusedAdam'>
[2026-06-04 17:16:36,705] [INFO] [logging.py:96:log_dist] [Rank 0] Creating torch.float32 ZeRO stage 1 optimizer
[2026-06-04 17:16:36,705] [INFO] [stage_1_and_2.py:148:__init__] Reduce bucket size 500,000,000
[2026-06-04 17:16:36,705] [INFO] [stage_1_and_2.py:149:__init__] Allgather bucket size 500,000,000
[2026-06-04 17:16:36,705] [INFO] [stage_1_and_2.py:150:__init__] CPU Offload: False
[2026-06-04 17:16:36,705] [INFO] [stage_1_and_2.py:151:__init__] Round robin gradient partitioning: False
[2026-06-04 17:16:37,226] [INFO] [utils.py:781:see_memory_usage] Before initializing optimizer states
[2026-06-04 17:16:37,227] [INFO] [utils.py:782:see_memory_usage] MA 0.06 GB         Max_MA 0.06 GB         CA 0.07 GB         Max_CA 0 GB
[2026-06-04 17:16:37,227] [INFO] [utils.py:789:see_memory_usage] CPU Virtual Memory:  used = 23.07 GB, percent = 4.6%
[2026-06-04 17:16:37,527] [INFO] [utils.py:781:see_memory_usage] After initializing optimizer states
[2026-06-04 17:16:37,528] [INFO] [utils.py:782:see_memory_usage] MA 0.06 GB         Max_MA 0.09 GB         CA 0.09 GB         Max_CA 0 GB
[2026-06-04 17:16:37,528] [INFO] [utils.py:789:see_memory_usage] CPU Virtual Memory:  used = 23.08 GB, percent = 4.6%
[2026-06-04 17:16:37,528] [INFO] [stage_1_and_2.py:543:__init__] optimizer state initialized
Rank 1 num_batches = 704
[2026-06-04 17:16:37,810] [INFO] [utils.py:781:see_memory_usage] After initializing ZeRO optimizer
[2026-06-04 17:16:37,811] [INFO] [utils.py:782:see_memory_usage] MA 0.06 GB         Max_MA 0.06 GB         CA 0.09 GB         Max_CA 0 GB
[2026-06-04 17:16:37,811] [INFO] [utils.py:789:see_memory_usage] CPU Virtual Memory:  used = 23.11 GB, percent = 4.6%
[2026-06-04 17:16:37,813] [INFO] [logging.py:96:log_dist] [Rank 0] DeepSpeed Final Optimizer = DeepSpeedZeroOptimizer
[2026-06-04 17:16:37,813] [INFO] [logging.py:96:log_dist] [Rank 0] DeepSpeed using client LR scheduler
[2026-06-04 17:16:37,813] [INFO] [logging.py:96:log_dist] [Rank 0] DeepSpeed LR Scheduler = None
[2026-06-04 17:16:37,814] [INFO] [logging.py:96:log_dist] [Rank 0] step=0, skipped=0, lr=[0.001], mom=[(0.9, 0.999)]
[2026-06-04 17:16:37,814] [INFO] [config.py:997:print] DeepSpeedEngine configuration:
[2026-06-04 17:16:37,815] [INFO] [config.py:1001:print]   activation_checkpointing_config  {
    "partition_activations": false,
    "contiguous_memory_optimization": false,
    "cpu_checkpointing": false,
    "number_checkpoints": null,
    "synchronize_checkpoint_boundary": false,
    "profile": false
}
[2026-06-04 17:16:37,815] [INFO] [config.py:1001:print]   aio_config ................... {'block_size': 1048576, 'queue_depth': 8, 'thread_count': 1, 'single_submit': False, 'overlap_events': True}
[2026-06-04 17:16:37,815] [INFO] [config.py:1001:print]   amp_enabled .................. False
[2026-06-04 17:16:37,815] [INFO] [config.py:1001:print]   amp_params ................... False
[2026-06-04 17:16:37,815] [INFO] [config.py:1001:print]   autotuning_config ............ {
    "enabled": false,
    "start_step": null,
    "end_step": null,
    "metric_path": null,
    "arg_mappings": null,
    "metric": "throughput",
    "model_info": null,
    "results_dir": "autotuning_results",
    "exps_dir": "autotuning_exps",
    "overwrite": true,
    "fast": true,
    "start_profile_step": 3,
    "end_profile_step": 5,
    "tuner_type": "gridsearch",
    "tuner_early_stopping": 5,
    "tuner_num_trials": 50,
    "model_info_path": null,
    "mp_size": 1,
    "max_train_batch_size": null,
    "min_train_batch_size": 1,
    "max_train_micro_batch_size_per_gpu": 1.024000e+03,
    "min_train_micro_batch_size_per_gpu": 1,
    "num_tuning_micro_batch_sizes": 3
}
[2026-06-04 17:16:37,815] [INFO] [config.py:1001:print]   bfloat16_enabled ............. False
[2026-06-04 17:16:37,815] [INFO] [config.py:1001:print]   bfloat16_immediate_grad_update  False
[2026-06-04 17:16:37,815] [INFO] [config.py:1001:print]   checkpoint_parallel_write_pipeline  False
[2026-06-04 17:16:37,815] [INFO] [config.py:1001:print]   checkpoint_tag_validation_enabled  True
[2026-06-04 17:16:37,815] [INFO] [config.py:1001:print]   checkpoint_tag_validation_fail  False
[2026-06-04 17:16:37,815] [INFO] [config.py:1001:print]   comms_config ................. <deepspeed.comm.config.DeepSpeedCommsConfig object at 0x7f6ce2349c10>
[2026-06-04 17:16:37,815] [INFO] [config.py:1001:print]   communication_data_type ...... None
[2026-06-04 17:16:37,815] [INFO] [config.py:1001:print]   compression_config ........... {'weight_quantization': {'shared_parameters': {'enabled': False, 'quantizer_kernel': False, 'schedule_offset': 0, 'quantize_groups': 1, 'quantize_verbose': False, 'quantization_type': 'symmetric', 'quantize_weight_in_forward': False, 'rounding': 'nearest', 'fp16_mixed_quantize': False, 'quantize_change_ratio': 0.001}, 'different_groups': {}}, 'activation_quantization': {'shared_parameters': {'enabled': False, 'quantization_type': 'symmetric', 'range_calibration': 'dynamic', 'schedule_offset': 1000}, 'different_groups': {}}, 'sparse_pruning': {'shared_parameters': {'enabled': False, 'method': 'l1', 'schedule_offset': 1000}, 'different_groups': {}}, 'row_pruning': {'shared_parameters': {'enabled': False, 'method': 'l1', 'schedule_offset': 1000}, 'different_groups': {}}, 'head_pruning': {'shared_parameters': {'enabled': False, 'method': 'topk', 'schedule_offset': 1000}, 'different_groups': {}}, 'channel_pruning': {'shared_parameters': {'enabled': False, 'method': 'l1', 'schedule_offset': 1000}, 'different_groups': {}}, 'layer_reduction': {'enabled': False}}
[2026-06-04 17:16:37,815] [INFO] [config.py:1001:print]   curriculum_enabled_legacy .... False
[2026-06-04 17:16:37,815] [INFO] [config.py:1001:print]   curriculum_params_legacy ..... False
[2026-06-04 17:16:37,815] [INFO] [config.py:1001:print]   data_efficiency_config ....... {'enabled': False, 'seed': 1234, 'data_sampling': {'enabled': False, 'num_epochs': 1000, 'num_workers': 0, 'curriculum_learning': {'enabled': False}}, 'data_routing': {'enabled': False, 'random_ltd': {'enabled': False, 'layer_token_lr_schedule': {'enabled': False}}}}
[2026-06-04 17:16:37,815] [INFO] [config.py:1001:print]   data_efficiency_enabled ...... False
[2026-06-04 17:16:37,816] [INFO] [config.py:1001:print]   dataloader_drop_last ......... False
[2026-06-04 17:16:37,816] [INFO] [config.py:1001:print]   disable_allgather ............ False
[2026-06-04 17:16:37,816] [INFO] [config.py:1001:print]   dump_state ................... False
[2026-06-04 17:16:37,816] [INFO] [config.py:1001:print]   dynamic_loss_scale_args ...... None
[2026-06-04 17:16:37,816] [INFO] [config.py:1001:print]   eigenvalue_enabled ........... False
[2026-06-04 17:16:37,816] [INFO] [config.py:1001:print]   eigenvalue_gas_boundary_resolution  1
[2026-06-04 17:16:37,816] [INFO] [config.py:1001:print]   eigenvalue_layer_name ........ bert.encoder.layer
[2026-06-04 17:16:37,816] [INFO] [config.py:1001:print]   eigenvalue_layer_num ......... 0
[2026-06-04 17:16:37,816] [INFO] [config.py:1001:print]   eigenvalue_max_iter .......... 100
[2026-06-04 17:16:37,816] [INFO] [config.py:1001:print]   eigenvalue_stability ......... 1e-06
[2026-06-04 17:16:37,816] [INFO] [config.py:1001:print]   eigenvalue_tol ............... 0.01
[2026-06-04 17:16:37,816] [INFO] [config.py:1001:print]   eigenvalue_verbose ........... False
[2026-06-04 17:16:37,816] [INFO] [config.py:1001:print]   elasticity_enabled ........... False
[2026-06-04 17:16:37,816] [INFO] [config.py:1001:print]   flops_profiler_config ........ {
    "enabled": false,
    "recompute_fwd_factor": 0.0,
    "profile_step": 1,
    "module_depth": -1,
    "top_modules": 1,
    "detailed": true,
    "output_file": null
}
[2026-06-04 17:16:37,816] [INFO] [config.py:1001:print]   fp16_auto_cast ............... None
[2026-06-04 17:16:37,816] [INFO] [config.py:1001:print]   fp16_enabled ................. False
[2026-06-04 17:16:37,816] [INFO] [config.py:1001:print]   fp16_master_weights_and_gradients  False
[2026-06-04 17:16:37,816] [INFO] [config.py:1001:print]   global_rank .................. 0
[2026-06-04 17:16:37,816] [INFO] [config.py:1001:print]   grad_accum_dtype ............. None
[2026-06-04 17:16:37,816] [INFO] [config.py:1001:print]   gradient_accumulation_steps .. 1
[2026-06-04 17:16:37,816] [INFO] [config.py:1001:print]   gradient_clipping ............ 0.0
[2026-06-04 17:16:37,816] [INFO] [config.py:1001:print]   gradient_predivide_factor .... 1.0
[2026-06-04 17:16:37,816] [INFO] [config.py:1001:print]   graph_harvesting ............. False
[2026-06-04 17:16:37,816] [INFO] [config.py:1001:print]   hybrid_engine ................ enabled=False max_out_tokens=512 inference_tp_size=1 release_inference_cache=False pin_parameters=True tp_gather_partition_size=8
[2026-06-04 17:16:37,816] [INFO] [config.py:1001:print]   initial_dynamic_scale ........ 65536
[2026-06-04 17:16:37,816] [INFO] [config.py:1001:print]   load_universal_checkpoint .... False
[2026-06-04 17:16:37,816] [INFO] [config.py:1001:print]   loss_scale ................... 0
[2026-06-04 17:16:37,816] [INFO] [config.py:1001:print]   memory_breakdown ............. False
[2026-06-04 17:16:37,816] [INFO] [config.py:1001:print]   mics_hierarchial_params_gather  False
[2026-06-04 17:16:37,817] [INFO] [config.py:1001:print]   mics_shard_size .............. -1
[2026-06-04 17:16:37,817] [INFO] [config.py:1001:print]   monitor_config ............... tensorboard=TensorBoardConfig(enabled=False, output_path='', job_name='DeepSpeedJobName') comet=CometConfig(enabled=False, samples_log_interval=100, project=None, workspace=None, api_key=None, experiment_name=None, experiment_key=None, online=None, mode=None) wandb=WandbConfig(enabled=False, group=None, team=None, project='deepspeed') csv_monitor=CSVConfig(enabled=False, output_path='', job_name='DeepSpeedJobName') enabled=False
[2026-06-04 17:16:37,817] [INFO] [config.py:1001:print]   nebula_config ................ {
    "enabled": false,
    "persistent_storage_path": null,
    "persistent_time_interval": 100,
    "num_of_version_in_retention": 2,
    "enable_nebula_load": true,
    "load_path": null
}
[2026-06-04 17:16:37,817] [INFO] [config.py:1001:print]   optimizer_legacy_fusion ...... False
[2026-06-04 17:16:37,817] [INFO] [config.py:1001:print]   optimizer_name ............... adam
[2026-06-04 17:16:37,817] [INFO] [config.py:1001:print]   optimizer_params ............. {'lr': 0.001}
[2026-06-04 17:16:37,817] [INFO] [config.py:1001:print]   pipeline ..................... {'stages': 'auto', 'partition': 'best', 'seed_layers': False, 'activation_checkpoint_interval': 0, 'pipe_partitioned': True, 'grad_partitioned': True}
[2026-06-04 17:16:37,817] [INFO] [config.py:1001:print]   pld_enabled .................. False
[2026-06-04 17:16:37,817] [INFO] [config.py:1001:print]   pld_params ................... False
[2026-06-04 17:16:37,817] [INFO] [config.py:1001:print]   prescale_gradients ........... False
[2026-06-04 17:16:37,817] [INFO] [config.py:1001:print]   scheduler_name ............... None
[2026-06-04 17:16:37,817] [INFO] [config.py:1001:print]   scheduler_params ............. None
[2026-06-04 17:16:37,817] [INFO] [config.py:1001:print]   seq_parallel_communication_data_type  torch.float32
[2026-06-04 17:16:37,817] [INFO] [config.py:1001:print]   sparse_attention ............. None
[2026-06-04 17:16:37,817] [INFO] [config.py:1001:print]   sparse_gradients_enabled ..... False
[2026-06-04 17:16:37,817] [INFO] [config.py:1001:print]   steps_per_print .............. 10
[2026-06-04 17:16:37,817] [INFO] [config.py:1001:print]   timers_config ................ enabled=True synchronized=True
[2026-06-04 17:16:37,817] [INFO] [config.py:1001:print]   train_batch_size ............. 128
[2026-06-04 17:16:37,817] [INFO] [config.py:1001:print]   train_micro_batch_size_per_gpu  64
[2026-06-04 17:16:37,817] [INFO] [config.py:1001:print]   use_data_before_expert_parallel_  False
[2026-06-04 17:16:37,817] [INFO] [config.py:1001:print]   use_node_local_storage ....... False
[2026-06-04 17:16:37,817] [INFO] [config.py:1001:print]   wall_clock_breakdown ......... False
[2026-06-04 17:16:37,817] [INFO] [config.py:1001:print]   weight_quantization_config ... None
[2026-06-04 17:16:37,817] [INFO] [config.py:1001:print]   world_size ................... 2
[2026-06-04 17:16:37,817] [INFO] [config.py:1001:print]   zero_allow_untested_optimizer  False
[2026-06-04 17:16:37,818] [INFO] [config.py:1001:print]   zero_config .................. stage=1 contiguous_gradients=True reduce_scatter=True reduce_bucket_size=500,000,000 use_multi_rank_bucket_allreduce=True allgather_partitions=True allgather_bucket_size=500,000,000 overlap_comm=False load_from_fp32_weights=True elastic_checkpoint=False offload_param=None offload_optimizer=None sub_group_size=1,000,000,000 cpu_offload_param=None cpu_offload_use_pin_memory=None cpu_offload=None prefetch_bucket_size=50,000,000 param_persistence_threshold=100,000 model_persistence_threshold=sys.maxsize max_live_parameters=1,000,000,000 max_reuse_distance=1,000,000,000 gather_16bit_weights_on_model_save=False use_all_reduce_for_fetch_params=False stage3_gather_fp16_weights_on_model_save=False ignore_unused_parameters=True legacy_stage1=False round_robin_gradients=False zero_hpz_partition_size=1 zero_quantized_weights=False zero_quantized_nontrainable_weights=False zero_quantized_gradients=False mics_shard_size=-1 mics_hierarchical_params_gather=False memory_efficient_linear=True pipeline_loading_checkpoint=False override_module_apply=True
[2026-06-04 17:16:37,818] [INFO] [config.py:1001:print]   zero_enabled ................. True
[2026-06-04 17:16:37,818] [INFO] [config.py:1001:print]   zero_force_ds_cpu_optimizer .. True
[2026-06-04 17:16:37,818] [INFO] [config.py:1001:print]   zero_optimization_stage ...... 1
[2026-06-04 17:16:37,818] [INFO] [config.py:987:print_user_config]   json = {
    "train_micro_batch_size_per_gpu": 64,
    "gradient_accumulation_steps": 1,
    "optimizer": {
        "type": "Adam",
        "params": {
            "lr": 0.001
        }
    },
    "zero_optimization": {
        "stage": 1
    },
    "fp16": {
        "enabled": false
    }
}
Rank 0 num_batches = 704
Train Epoch: 1, Iteration: 0, Train Loss: 5.384698390960693
[2026-06-04 17:16:50,390] [INFO] [logging.py:96:log_dist] [Rank 0] step=10, skipped=0, lr=[0.001], mom=[(0.9, 0.999)]
[2026-06-04 17:16:50,393] [INFO] [timer.py:258:stop] epoch=0/micro_step=10/global_step=10, RunningAvgSamplesPerSec=124.93756117114657, CurrSamplesPerSec=124.85564589029643, MemAllocated=0.13GB, MaxMemAllocated=12.01GB
[2026-06-04 17:17:00,729] [INFO] [logging.py:96:log_dist] [Rank 0] step=20, skipped=0, lr=[0.001], mom=[(0.9, 0.999)]
[2026-06-04 17:17:00,732] [INFO] [timer.py:258:stop] epoch=0/micro_step=20/global_step=20, RunningAvgSamplesPerSec=124.5630228343499, CurrSamplesPerSec=124.37062183120355, MemAllocated=0.13GB, MaxMemAllocated=12.01GB
[2026-06-04 17:17:11,122] [INFO] [logging.py:96:log_dist] [Rank 0] step=30, skipped=0, lr=[0.001], mom=[(0.9, 0.999)]
[2026-06-04 17:17:11,125] [INFO] [timer.py:258:stop] epoch=0/micro_step=30/global_step=30, RunningAvgSamplesPerSec=124.24626830217466, CurrSamplesPerSec=123.60491711299078, MemAllocated=0.13GB, MaxMemAllocated=12.01GB
[2026-06-04 17:17:21,520] [INFO] [logging.py:96:log_dist] [Rank 0] step=40, skipped=0, lr=[0.001], mom=[(0.9, 0.999)]
[2026-06-04 17:17:21,523] [INFO] [timer.py:258:stop] epoch=0/micro_step=40/global_step=40, RunningAvgSamplesPerSec=124.07812712316543, CurrSamplesPerSec=123.61114968972358, MemAllocated=0.13GB, MaxMemAllocated=12.01GB
[2026-06-04 17:17:31,943] [INFO] [logging.py:96:log_dist] [Rank 0] step=50, skipped=0, lr=[0.001], mom=[(0.9, 0.999)]
[2026-06-04 17:17:31,946] [INFO] [timer.py:258:stop] epoch=0/micro_step=50/global_step=50, RunningAvgSamplesPerSec=123.93370407218569, CurrSamplesPerSec=123.57293879919449, MemAllocated=0.13GB, MaxMemAllocated=12.01GB
[2026-06-04 17:17:42,419] [INFO] [logging.py:96:log_dist] [Rank 0] step=60, skipped=0, lr=[0.001], mom=[(0.9, 0.999)]
[2026-06-04 17:17:42,422] [INFO] [timer.py:258:stop] epoch=0/micro_step=60/global_step=60, RunningAvgSamplesPerSec=123.74979916423565, CurrSamplesPerSec=123.16739560143083, MemAllocated=0.13GB, MaxMemAllocated=12.01GB
[2026-06-04 17:17:52,912] [INFO] [logging.py:96:log_dist] [Rank 0] step=70, skipped=0, lr=[0.001], mom=[(0.9, 0.999)]
[2026-06-04 17:17:52,915] [INFO] [timer.py:258:stop] epoch=0/micro_step=70/global_step=70, RunningAvgSamplesPerSec=123.5849990124973, CurrSamplesPerSec=122.24760888118136, MemAllocated=0.13GB, MaxMemAllocated=12.01GB
[2026-06-04 17:18:03,411] [INFO] [logging.py:96:log_dist] [Rank 0] step=80, skipped=0, lr=[0.001], mom=[(0.9, 0.999)]
[2026-06-04 17:18:03,414] [INFO] [timer.py:258:stop] epoch=0/micro_step=80/global_step=80, RunningAvgSamplesPerSec=123.44589753846304, CurrSamplesPerSec=122.54825430608456, MemAllocated=0.13GB, MaxMemAllocated=12.01GB
[2026-06-04 17:18:13,948] [INFO] [logging.py:96:log_dist] [Rank 0] step=90, skipped=0, lr=[0.001], mom=[(0.9, 0.999)]
[2026-06-04 17:18:13,951] [INFO] [timer.py:258:stop] epoch=0/micro_step=90/global_step=90, RunningAvgSamplesPerSec=123.29272367777972, CurrSamplesPerSec=122.27291727922211, MemAllocated=0.13GB, MaxMemAllocated=12.01GB
[2026-06-04 17:18:24,480] [INFO] [logging.py:96:log_dist] [Rank 0] step=100, skipped=0, lr=[0.001], mom=[(0.9, 0.999)]
[2026-06-04 17:18:24,483] [INFO] [timer.py:258:stop] epoch=0/micro_step=100/global_step=100, RunningAvgSamplesPerSec=123.17464243303395, CurrSamplesPerSec=121.75415123868713, MemAllocated=0.13GB, MaxMemAllocated=12.01GB
[2026-06-04 17:18:35,020] [INFO] [logging.py:96:log_dist] [Rank 0] step=110, skipped=0, lr=[0.001], mom=[(0.9, 0.999)]
[2026-06-04 17:18:35,023] [INFO] [timer.py:258:stop] epoch=0/micro_step=110/global_step=110, RunningAvgSamplesPerSec=123.06935540610624, CurrSamplesPerSec=122.09197988022558, MemAllocated=0.13GB, MaxMemAllocated=12.01GB
[2026-06-04 17:18:45,575] [INFO] [logging.py:96:log_dist] [Rank 0] step=120, skipped=0, lr=[0.001], mom=[(0.9, 0.999)]
[2026-06-04 17:18:45,578] [INFO] [timer.py:258:stop] epoch=0/micro_step=120/global_step=120, RunningAvgSamplesPerSec=122.96738299116397, CurrSamplesPerSec=121.73833162510998, MemAllocated=0.13GB, MaxMemAllocated=12.01GB
[2026-06-04 17:18:56,155] [INFO] [logging.py:96:log_dist] [Rank 0] step=130, skipped=0, lr=[0.001], mom=[(0.9, 0.999)]
[2026-06-04 17:18:56,157] [INFO] [timer.py:258:stop] epoch=0/micro_step=130/global_step=130, RunningAvgSamplesPerSec=122.86204312741212, CurrSamplesPerSec=121.41983459411146, MemAllocated=0.13GB, MaxMemAllocated=12.01GB
[2026-06-04 17:19:06,731] [INFO] [logging.py:96:log_dist] [Rank 0] step=140, skipped=0, lr=[0.001], mom=[(0.9, 0.999)]
[2026-06-04 17:19:06,734] [INFO] [timer.py:258:stop] epoch=0/micro_step=140/global_step=140, RunningAvgSamplesPerSec=122.76984720196738, CurrSamplesPerSec=121.48134993932392, MemAllocated=0.13GB, MaxMemAllocated=12.01GB
[2026-06-04 17:19:17,326] [INFO] [logging.py:96:log_dist] [Rank 0] step=150, skipped=0, lr=[0.001], mom=[(0.9, 0.999)]
[2026-06-04 17:19:17,328] [INFO] [timer.py:258:stop] epoch=0/micro_step=150/global_step=150, RunningAvgSamplesPerSec=122.67445337652944, CurrSamplesPerSec=121.47552267963863, MemAllocated=0.13GB, MaxMemAllocated=12.01GB
[2026-06-04 17:19:27,926] [INFO] [logging.py:96:log_dist] [Rank 0] step=160, skipped=0, lr=[0.001], mom=[(0.9, 0.999)]
[2026-06-04 17:19:27,928] [INFO] [timer.py:258:stop] epoch=0/micro_step=160/global_step=160, RunningAvgSamplesPerSec=122.58896319733556, CurrSamplesPerSec=121.382088061383, MemAllocated=0.13GB, MaxMemAllocated=12.01GB
[2026-06-04 17:19:38,521] [INFO] [logging.py:96:log_dist] [Rank 0] step=170, skipped=0, lr=[0.001], mom=[(0.9, 0.999)]
[2026-06-04 17:19:38,524] [INFO] [timer.py:258:stop] epoch=0/micro_step=170/global_step=170, RunningAvgSamplesPerSec=122.51402166777522, CurrSamplesPerSec=121.30715873028426, MemAllocated=0.13GB, MaxMemAllocated=12.01GB
[2026-06-04 17:19:49,122] [INFO] [logging.py:96:log_dist] [Rank 0] step=180, skipped=0, lr=[0.001], mom=[(0.9, 0.999)]
[2026-06-04 17:19:49,125] [INFO] [timer.py:258:stop] epoch=0/micro_step=180/global_step=180, RunningAvgSamplesPerSec=122.44374222209409, CurrSamplesPerSec=121.08461790196283, MemAllocated=0.13GB, MaxMemAllocated=12.01GB
[2026-06-04 17:19:59,722] [INFO] [logging.py:96:log_dist] [Rank 0] step=190, skipped=0, lr=[0.001], mom=[(0.9, 0.999)]
[2026-06-04 17:19:59,724] [INFO] [timer.py:258:stop] epoch=0/micro_step=190/global_step=190, RunningAvgSamplesPerSec=122.38214164268754, CurrSamplesPerSec=121.22167359550004, MemAllocated=0.13GB, MaxMemAllocated=12.01GB
[2026-06-04 17:20:10,319] [INFO] [logging.py:96:log_dist] [Rank 0] step=200, skipped=0, lr=[0.001], mom=[(0.9, 0.999)]
[2026-06-04 17:20:10,322] [INFO] [timer.py:258:stop] epoch=0/micro_step=200/global_step=200, RunningAvgSamplesPerSec=122.3302018247206, CurrSamplesPerSec=121.07587960675383, MemAllocated=0.13GB, MaxMemAllocated=12.01GB
Train Epoch: 1, Iteration: 200, Train Loss: 4.891185760498047
[2026-06-04 17:20:20,911] [INFO] [logging.py:96:log_dist] [Rank 0] step=210, skipped=0, lr=[0.001], mom=[(0.9, 0.999)]
[2026-06-04 17:20:20,914] [INFO] [timer.py:258:stop] epoch=0/micro_step=210/global_step=210, RunningAvgSamplesPerSec=122.28451122435868, CurrSamplesPerSec=121.6609493422044, MemAllocated=0.13GB, MaxMemAllocated=12.01GB
[2026-06-04 17:20:31,516] [INFO] [logging.py:96:log_dist] [Rank 0] step=220, skipped=0, lr=[0.001], mom=[(0.9, 0.999)]
[2026-06-04 17:20:31,519] [INFO] [timer.py:258:stop] epoch=0/micro_step=220/global_step=220, RunningAvgSamplesPerSec=122.2373090562477, CurrSamplesPerSec=120.84972426356796, MemAllocated=0.13GB, MaxMemAllocated=12.01GB
[2026-06-04 17:20:42,128] [INFO] [logging.py:96:log_dist] [Rank 0] step=230, skipped=0, lr=[0.001], mom=[(0.9, 0.999)]
[2026-06-04 17:20:42,131] [INFO] [timer.py:258:stop] epoch=0/micro_step=230/global_step=230, RunningAvgSamplesPerSec=122.19035320571567, CurrSamplesPerSec=121.35648868558987, MemAllocated=0.13GB, MaxMemAllocated=12.01GB
[2026-06-04 17:20:52,765] [INFO] [logging.py:96:log_dist] [Rank 0] step=240, skipped=0, lr=[0.001], mom=[(0.9, 0.999)]
[2026-06-04 17:20:52,768] [INFO] [timer.py:258:stop] epoch=0/micro_step=240/global_step=240, RunningAvgSamplesPerSec=122.13365239311982, CurrSamplesPerSec=121.36587112592669, MemAllocated=0.13GB, MaxMemAllocated=12.01GB
[2026-06-04 17:21:03,401] [INFO] [logging.py:96:log_dist] [Rank 0] step=250, skipped=0, lr=[0.001], mom=[(0.9, 0.999)]
[2026-06-04 17:21:03,404] [INFO] [timer.py:258:stop] epoch=0/micro_step=250/global_step=250, RunningAvgSamplesPerSec=122.08196174854598, CurrSamplesPerSec=121.31571113410462, MemAllocated=0.13GB, MaxMemAllocated=12.01GB
[2026-06-04 17:21:13,997] [INFO] [logging.py:96:log_dist] [Rank 0] step=260, skipped=0, lr=[0.001], mom=[(0.9, 0.999)]
[2026-06-04 17:21:13,999] [INFO] [timer.py:258:stop] epoch=0/micro_step=260/global_step=260, RunningAvgSamplesPerSec=122.05349245025282, CurrSamplesPerSec=121.1888099354475, MemAllocated=0.13GB, MaxMemAllocated=12.01GB
[2026-06-04 17:21:24,594] [INFO] [logging.py:96:log_dist] [Rank 0] step=270, skipped=0, lr=[0.001], mom=[(0.9, 0.999)]
[2026-06-04 17:21:24,597] [INFO] [timer.py:258:stop] epoch=0/micro_step=270/global_step=270, RunningAvgSamplesPerSec=122.02357530302868, CurrSamplesPerSec=120.96335033235744, MemAllocated=0.13GB, MaxMemAllocated=12.01GB
[2026-06-04 17:21:35,188] [INFO] [logging.py:96:log_dist] [Rank 0] step=280, skipped=0, lr=[0.001], mom=[(0.9, 0.999)]
[2026-06-04 17:21:35,191] [INFO] [timer.py:258:stop] epoch=0/micro_step=280/global_step=280, RunningAvgSamplesPerSec=121.99821298624892, CurrSamplesPerSec=121.11264356821826, MemAllocated=0.13GB, MaxMemAllocated=12.01GB
[2026-06-04 17:21:45,785] [INFO] [logging.py:96:log_dist] [Rank 0] step=290, skipped=0, lr=[0.001], mom=[(0.9, 0.999)]
[2026-06-04 17:21:45,788] [INFO] [timer.py:258:stop] epoch=0/micro_step=290/global_step=290, RunningAvgSamplesPerSec=121.97914951967729, CurrSamplesPerSec=121.50202472855194, MemAllocated=0.13GB, MaxMemAllocated=12.01GB
[2026-06-04 17:21:56,380] [INFO] [logging.py:96:log_dist] [Rank 0] step=300, skipped=0, lr=[0.001], mom=[(0.9, 0.999)]
[2026-06-04 17:21:56,383] [INFO] [timer.py:258:stop] epoch=0/micro_step=300/global_step=300, RunningAvgSamplesPerSec=121.95940784336949, CurrSamplesPerSec=121.68019605874419, MemAllocated=0.13GB, MaxMemAllocated=12.01GB
[2026-06-04 17:22:06,974] [INFO] [logging.py:96:log_dist] [Rank 0] step=310, skipped=0, lr=[0.001], mom=[(0.9, 0.999)]
[2026-06-04 17:22:06,977] [INFO] [timer.py:258:stop] epoch=0/micro_step=310/global_step=310, RunningAvgSamplesPerSec=121.94090639426544, CurrSamplesPerSec=121.11135945786815, MemAllocated=0.13GB, MaxMemAllocated=12.01GB
[2026-06-04 17:22:17,569] [INFO] [logging.py:96:log_dist] [Rank 0] step=320, skipped=0, lr=[0.001], mom=[(0.9, 0.999)]
[2026-06-04 17:22:17,571] [INFO] [timer.py:258:stop] epoch=0/micro_step=320/global_step=320, RunningAvgSamplesPerSec=121.92476863996193, CurrSamplesPerSec=121.32961136261734, MemAllocated=0.13GB, MaxMemAllocated=12.01GB
[2026-06-04 17:22:28,145] [INFO] [logging.py:96:log_dist] [Rank 0] step=330, skipped=0, lr=[0.001], mom=[(0.9, 0.999)]
[2026-06-04 17:22:28,148] [INFO] [timer.py:258:stop] epoch=0/micro_step=330/global_step=330, RunningAvgSamplesPerSec=121.91380270516545, CurrSamplesPerSec=121.53371039725272, MemAllocated=0.13GB, MaxMemAllocated=12.01GB
[2026-06-04 17:22:38,739] [INFO] [logging.py:96:log_dist] [Rank 0] step=340, skipped=0, lr=[0.001], mom=[(0.9, 0.999)]
[2026-06-04 17:22:38,742] [INFO] [timer.py:258:stop] epoch=0/micro_step=340/global_step=340, RunningAvgSamplesPerSec=121.89527554124186, CurrSamplesPerSec=121.37717587553881, MemAllocated=0.13GB, MaxMemAllocated=12.01GB
[2026-06-04 17:22:49,299] [INFO] [logging.py:96:log_dist] [Rank 0] step=350, skipped=0, lr=[0.001], mom=[(0.9, 0.999)]
[2026-06-04 17:22:49,302] [INFO] [timer.py:258:stop] epoch=0/micro_step=350/global_step=350, RunningAvgSamplesPerSec=121.8895632827365, CurrSamplesPerSec=121.83472107777716, MemAllocated=0.13GB, MaxMemAllocated=12.01GB
[2026-06-04 17:22:59,874] [INFO] [logging.py:96:log_dist] [Rank 0] step=360, skipped=0, lr=[0.001], mom=[(0.9, 0.999)]
[2026-06-04 17:22:59,877] [INFO] [timer.py:258:stop] epoch=0/micro_step=360/global_step=360, RunningAvgSamplesPerSec=121.87827815899665, CurrSamplesPerSec=121.51869065061177, MemAllocated=0.13GB, MaxMemAllocated=12.01GB
[2026-06-04 17:23:10,469] [INFO] [logging.py:96:log_dist] [Rank 0] step=370, skipped=0, lr=[0.001], mom=[(0.9, 0.999)]
[2026-06-04 17:23:10,471] [INFO] [timer.py:258:stop] epoch=0/micro_step=370/global_step=370, RunningAvgSamplesPerSec=121.86652730874059, CurrSamplesPerSec=121.45460962070355, MemAllocated=0.13GB, MaxMemAllocated=12.01GB
[2026-06-04 17:23:21,047] [INFO] [logging.py:96:log_dist] [Rank 0] step=380, skipped=0, lr=[0.001], mom=[(0.9, 0.999)]
[2026-06-04 17:23:21,050] [INFO] [timer.py:258:stop] epoch=0/micro_step=380/global_step=380, RunningAvgSamplesPerSec=121.86013224381973, CurrSamplesPerSec=121.50452707531878, MemAllocated=0.13GB, MaxMemAllocated=12.01GB
[2026-06-04 17:23:31,612] [INFO] [logging.py:96:log_dist] [Rank 0] step=390, skipped=0, lr=[0.001], mom=[(0.9, 0.999)]
[2026-06-04 17:23:31,615] [INFO] [timer.py:258:stop] epoch=0/micro_step=390/global_step=390, RunningAvgSamplesPerSec=121.85749419505922, CurrSamplesPerSec=122.44989511708864, MemAllocated=0.13GB, MaxMemAllocated=12.01GB
[2026-06-04 17:23:42,201] [INFO] [logging.py:96:log_dist] [Rank 0] step=400, skipped=0, lr=[0.001], mom=[(0.9, 0.999)]
[2026-06-04 17:23:42,204] [INFO] [timer.py:258:stop] epoch=0/micro_step=400/global_step=400, RunningAvgSamplesPerSec=121.84875217624793, CurrSamplesPerSec=121.3781912109651, MemAllocated=0.13GB, MaxMemAllocated=12.01GB
Train Epoch: 1, Iteration: 400, Train Loss: 4.8313212394714355
[2026-06-04 17:23:52,797] [INFO] [logging.py:96:log_dist] [Rank 0] step=410, skipped=0, lr=[0.001], mom=[(0.9, 0.999)]
[2026-06-04 17:23:52,801] [INFO] [timer.py:258:stop] epoch=0/micro_step=410/global_step=410, RunningAvgSamplesPerSec=121.83825206186968, CurrSamplesPerSec=121.33043396116402, MemAllocated=0.13GB, MaxMemAllocated=12.01GB
[2026-06-04 17:24:03,397] [INFO] [logging.py:96:log_dist] [Rank 0] step=420, skipped=0, lr=[0.001], mom=[(0.9, 0.999)]
[2026-06-04 17:24:03,399] [INFO] [timer.py:258:stop] epoch=0/micro_step=420/global_step=420, RunningAvgSamplesPerSec=121.82588060113379, CurrSamplesPerSec=121.42464038242805, MemAllocated=0.13GB, MaxMemAllocated=12.01GB
[2026-06-04 17:24:13,998] [INFO] [logging.py:96:log_dist] [Rank 0] step=430, skipped=0, lr=[0.001], mom=[(0.9, 0.999)]
[2026-06-04 17:24:14,000] [INFO] [timer.py:258:stop] epoch=0/micro_step=430/global_step=430, RunningAvgSamplesPerSec=121.81497088072673, CurrSamplesPerSec=121.41409560820811, MemAllocated=0.13GB, MaxMemAllocated=12.01GB
[2026-06-04 17:24:24,595] [INFO] [logging.py:96:log_dist] [Rank 0] step=440, skipped=0, lr=[0.001], mom=[(0.9, 0.999)]
[2026-06-04 17:24:24,598] [INFO] [timer.py:258:stop] epoch=0/micro_step=440/global_step=440, RunningAvgSamplesPerSec=121.80368282784299, CurrSamplesPerSec=121.3128876110438, MemAllocated=0.13GB, MaxMemAllocated=12.01GB
[2026-06-04 17:24:35,222] [INFO] [logging.py:96:log_dist] [Rank 0] step=450, skipped=0, lr=[0.001], mom=[(0.9, 0.999)]
[2026-06-04 17:24:35,225] [INFO] [timer.py:258:stop] epoch=0/micro_step=450/global_step=450, RunningAvgSamplesPerSec=121.78548368291645, CurrSamplesPerSec=120.6238972729299, MemAllocated=0.13GB, MaxMemAllocated=12.01GB
[2026-06-04 17:24:45,867] [INFO] [logging.py:96:log_dist] [Rank 0] step=460, skipped=0, lr=[0.001], mom=[(0.9, 0.999)]
[2026-06-04 17:24:45,870] [INFO] [timer.py:258:stop] epoch=0/micro_step=460/global_step=460, RunningAvgSamplesPerSec=121.76326797701887, CurrSamplesPerSec=120.58759189995607, MemAllocated=0.13GB, MaxMemAllocated=12.01GB
[2026-06-04 17:24:56,524] [INFO] [logging.py:96:log_dist] [Rank 0] step=470, skipped=0, lr=[0.001], mom=[(0.9, 0.999)]
[2026-06-04 17:24:56,527] [INFO] [timer.py:258:stop] epoch=0/micro_step=470/global_step=470, RunningAvgSamplesPerSec=121.73879967006103, CurrSamplesPerSec=120.52676169093235, MemAllocated=0.13GB, MaxMemAllocated=12.01GB
[2026-06-04 17:25:07,177] [INFO] [logging.py:96:log_dist] [Rank 0] step=480, skipped=0, lr=[0.001], mom=[(0.9, 0.999)]
[2026-06-04 17:25:07,179] [INFO] [timer.py:258:stop] epoch=0/micro_step=480/global_step=480, RunningAvgSamplesPerSec=121.71658563152968, CurrSamplesPerSec=121.13920616916047, MemAllocated=0.13GB, MaxMemAllocated=12.01GB
[2026-06-04 17:25:17,773] [INFO] [logging.py:96:log_dist] [Rank 0] step=490, skipped=0, lr=[0.001], mom=[(0.9, 0.999)]
[2026-06-04 17:25:17,776] [INFO] [timer.py:258:stop] epoch=0/micro_step=490/global_step=490, RunningAvgSamplesPerSec=121.70857932540478, CurrSamplesPerSec=121.31645130266897, MemAllocated=0.13GB, MaxMemAllocated=12.01GB
[2026-06-04 17:25:28,356] [INFO] [logging.py:96:log_dist] [Rank 0] step=500, skipped=0, lr=[0.001], mom=[(0.9, 0.999)]
[2026-06-04 17:25:28,360] [INFO] [timer.py:258:stop] epoch=0/micro_step=500/global_step=500, RunningAvgSamplesPerSec=121.7040911680922, CurrSamplesPerSec=122.1963838016492, MemAllocated=0.13GB, MaxMemAllocated=12.01GB
[2026-06-04 17:25:38,903] [INFO] [logging.py:96:log_dist] [Rank 0] step=510, skipped=0, lr=[0.001], mom=[(0.9, 0.999)]
[2026-06-04 17:25:38,906] [INFO] [timer.py:258:stop] epoch=0/micro_step=510/global_step=510, RunningAvgSamplesPerSec=121.70820022548779, CurrSamplesPerSec=122.24109554357088, MemAllocated=0.13GB, MaxMemAllocated=12.01GB
[2026-06-04 17:25:49,420] [INFO] [logging.py:96:log_dist] [Rank 0] step=520, skipped=0, lr=[0.001], mom=[(0.9, 0.999)]
[2026-06-04 17:25:49,423] [INFO] [timer.py:258:stop] epoch=0/micro_step=520/global_step=520, RunningAvgSamplesPerSec=121.71831732289901, CurrSamplesPerSec=123.09504442804821, MemAllocated=0.13GB, MaxMemAllocated=12.01GB
[2026-06-04 17:25:59,935] [INFO] [logging.py:96:log_dist] [Rank 0] step=530, skipped=0, lr=[0.001], mom=[(0.9, 0.999)]
[2026-06-04 17:25:59,938] [INFO] [timer.py:258:stop] epoch=0/micro_step=530/global_step=530, RunningAvgSamplesPerSec=121.72866093197334, CurrSamplesPerSec=122.11808496458178, MemAllocated=0.13GB, MaxMemAllocated=12.01GB
[2026-06-04 17:26:10,429] [INFO] [logging.py:96:log_dist] [Rank 0] step=540, skipped=0, lr=[0.001], mom=[(0.9, 0.999)]
[2026-06-04 17:26:10,432] [INFO] [timer.py:258:stop] epoch=0/micro_step=540/global_step=540, RunningAvgSamplesPerSec=121.74306352034694, CurrSamplesPerSec=122.0379167733145, MemAllocated=0.13GB, MaxMemAllocated=12.01GB
[2026-06-04 17:26:20,909] [INFO] [logging.py:96:log_dist] [Rank 0] step=550, skipped=0, lr=[0.001], mom=[(0.9, 0.999)]
[2026-06-04 17:26:20,912] [INFO] [timer.py:258:stop] epoch=0/micro_step=550/global_step=550, RunningAvgSamplesPerSec=121.75799113931372, CurrSamplesPerSec=122.53166835825371, MemAllocated=0.13GB, MaxMemAllocated=12.01GB
[2026-06-04 17:26:31,385] [INFO] [logging.py:96:log_dist] [Rank 0] step=560, skipped=0, lr=[0.001], mom=[(0.9, 0.999)]
[2026-06-04 17:26:31,388] [INFO] [timer.py:258:stop] epoch=0/micro_step=560/global_step=560, RunningAvgSamplesPerSec=121.77191546430758, CurrSamplesPerSec=122.41954440770722, MemAllocated=0.13GB, MaxMemAllocated=12.01GB
[2026-06-04 17:26:41,903] [INFO] [logging.py:96:log_dist] [Rank 0] step=570, skipped=0, lr=[0.001], mom=[(0.9, 0.999)]
[2026-06-04 17:26:41,906] [INFO] [timer.py:258:stop] epoch=0/micro_step=570/global_step=570, RunningAvgSamplesPerSec=121.7773414608576, CurrSamplesPerSec=122.25395587779863, MemAllocated=0.13GB, MaxMemAllocated=12.01GB
[2026-06-04 17:26:52,439] [INFO] [logging.py:96:log_dist] [Rank 0] step=580, skipped=0, lr=[0.001], mom=[(0.9, 0.999)]
[2026-06-04 17:26:52,442] [INFO] [timer.py:258:stop] epoch=0/micro_step=580/global_step=580, RunningAvgSamplesPerSec=121.77969223865124, CurrSamplesPerSec=121.49649793225247, MemAllocated=0.13GB, MaxMemAllocated=12.01GB
[2026-06-04 17:27:03,020] [INFO] [logging.py:96:log_dist] [Rank 0] step=590, skipped=0, lr=[0.001], mom=[(0.9, 0.999)]
[2026-06-04 17:27:03,023] [INFO] [timer.py:258:stop] epoch=0/micro_step=590/global_step=590, RunningAvgSamplesPerSec=121.77409167433504, CurrSamplesPerSec=121.16457722239814, MemAllocated=0.13GB, MaxMemAllocated=12.01GB
[2026-06-04 17:27:13,635] [INFO] [logging.py:96:log_dist] [Rank 0] step=600, skipped=0, lr=[0.001], mom=[(0.9, 0.999)]
[2026-06-04 17:27:13,639] [INFO] [timer.py:258:stop] epoch=0/micro_step=600/global_step=600, RunningAvgSamplesPerSec=121.76480259451074, CurrSamplesPerSec=120.92528781845404, MemAllocated=0.13GB, MaxMemAllocated=12.01GB
Train Epoch: 1, Iteration: 600, Train Loss: 4.932765960693359
[2026-06-04 17:27:24,277] [INFO] [logging.py:96:log_dist] [Rank 0] step=610, skipped=0, lr=[0.001], mom=[(0.9, 0.999)]
[2026-06-04 17:27:24,279] [INFO] [timer.py:258:stop] epoch=0/micro_step=610/global_step=610, RunningAvgSamplesPerSec=121.75016752226271, CurrSamplesPerSec=120.83568899543393, MemAllocated=0.13GB, MaxMemAllocated=12.01GB
[2026-06-04 17:27:34,955] [INFO] [logging.py:96:log_dist] [Rank 0] step=620, skipped=0, lr=[0.001], mom=[(0.9, 0.999)]
[2026-06-04 17:27:34,957] [INFO] [timer.py:258:stop] epoch=0/micro_step=620/global_step=620, RunningAvgSamplesPerSec=121.72877708946748, CurrSamplesPerSec=120.60124449076966, MemAllocated=0.13GB, MaxMemAllocated=12.01GB
[2026-06-04 17:27:45,632] [INFO] [logging.py:96:log_dist] [Rank 0] step=630, skipped=0, lr=[0.001], mom=[(0.9, 0.999)]
[2026-06-04 17:27:45,635] [INFO] [timer.py:258:stop] epoch=0/micro_step=630/global_step=630, RunningAvgSamplesPerSec=121.70803607019646, CurrSamplesPerSec=120.62652619696689, MemAllocated=0.13GB, MaxMemAllocated=12.01GB
[2026-06-04 17:27:56,251] [INFO] [logging.py:96:log_dist] [Rank 0] step=640, skipped=0, lr=[0.001], mom=[(0.9, 0.999)]
[2026-06-04 17:27:56,254] [INFO] [timer.py:258:stop] epoch=0/micro_step=640/global_step=640, RunningAvgSamplesPerSec=121.69782102769739, CurrSamplesPerSec=120.67345957118928, MemAllocated=0.13GB, MaxMemAllocated=12.01GB
[2026-06-04 17:28:06,839] [INFO] [logging.py:96:log_dist] [Rank 0] step=650, skipped=0, lr=[0.001], mom=[(0.9, 0.999)]
[2026-06-04 17:28:06,842] [INFO] [timer.py:258:stop] epoch=0/micro_step=650/global_step=650, RunningAvgSamplesPerSec=121.69150963945447, CurrSamplesPerSec=121.21885444798404, MemAllocated=0.13GB, MaxMemAllocated=12.01GB
[2026-06-04 17:28:17,435] [INFO] [logging.py:96:log_dist] [Rank 0] step=660, skipped=0, lr=[0.001], mom=[(0.9, 0.999)]
[2026-06-04 17:28:17,437] [INFO] [timer.py:258:stop] epoch=0/micro_step=660/global_step=660, RunningAvgSamplesPerSec=121.68551721476962, CurrSamplesPerSec=121.29123583239802, MemAllocated=0.13GB, MaxMemAllocated=12.01GB
[2026-06-04 17:28:28,009] [INFO] [logging.py:96:log_dist] [Rank 0] step=670, skipped=0, lr=[0.001], mom=[(0.9, 0.999)]
[2026-06-04 17:28:28,012] [INFO] [timer.py:258:stop] epoch=0/micro_step=670/global_step=670, RunningAvgSamplesPerSec=121.68323665935013, CurrSamplesPerSec=121.53761724012485, MemAllocated=0.13GB, MaxMemAllocated=12.01GB
[2026-06-04 17:28:38,567] [INFO] [logging.py:96:log_dist] [Rank 0] step=680, skipped=0, lr=[0.001], mom=[(0.9, 0.999)]
[2026-06-04 17:28:38,570] [INFO] [timer.py:258:stop] epoch=0/micro_step=680/global_step=680, RunningAvgSamplesPerSec=121.68377920752486, CurrSamplesPerSec=121.99892560593734, MemAllocated=0.13GB, MaxMemAllocated=12.01GB
[2026-06-04 17:28:49,111] [INFO] [logging.py:96:log_dist] [Rank 0] step=690, skipped=0, lr=[0.001], mom=[(0.9, 0.999)]
[2026-06-04 17:28:49,115] [INFO] [timer.py:258:stop] epoch=0/micro_step=690/global_step=690, RunningAvgSamplesPerSec=121.68668780409004, CurrSamplesPerSec=122.37255423980393, MemAllocated=0.13GB, MaxMemAllocated=12.01GB
[2026-06-04 17:28:59,645] [INFO] [logging.py:96:log_dist] [Rank 0] step=700, skipped=0, lr=[0.001], mom=[(0.9, 0.999)]
[2026-06-04 17:28:59,648] [INFO] [timer.py:258:stop] epoch=0/micro_step=700/global_step=700, RunningAvgSamplesPerSec=121.69157991352544, CurrSamplesPerSec=122.70154392000221, MemAllocated=0.13GB, MaxMemAllocated=12.01GB
ZeRO stage 1
Epoch 1 train time: 744.63 s
Peak VRAM: 12296.8 MB
Epoch 1. Train Loss = 4.8484. Val Loss = 4.9930. Val Accuracy = 0.041.
Train Epoch: 2, Iteration: 0, Train Loss: 4.576198577880859
[2026-06-04 17:29:58,006] [INFO] [logging.py:96:log_dist] [Rank 0] step=710, skipped=0, lr=[0.001], mom=[(0.9, 0.999)]
[2026-06-04 17:29:58,009] [INFO] [timer.py:258:stop] epoch=0/micro_step=710/global_step=710, RunningAvgSamplesPerSec=121.85053973893699, CurrSamplesPerSec=122.60898654493866, MemAllocated=0.13GB, MaxMemAllocated=12.01GB
[2026-06-04 17:30:08,535] [INFO] [logging.py:96:log_dist] [Rank 0] step=720, skipped=0, lr=[0.001], mom=[(0.9, 0.999)]
[2026-06-04 17:30:08,537] [INFO] [timer.py:258:stop] epoch=0/micro_step=720/global_step=720, RunningAvgSamplesPerSec=121.85309187677439, CurrSamplesPerSec=121.63537001109935, MemAllocated=0.13GB, MaxMemAllocated=12.01GB
[2026-06-04 17:30:19,053] [INFO] [logging.py:96:log_dist] [Rank 0] step=730, skipped=0, lr=[0.001], mom=[(0.9, 0.999)]
[2026-06-04 17:30:19,055] [INFO] [timer.py:258:stop] epoch=0/micro_step=730/global_step=730, RunningAvgSamplesPerSec=121.85706352708559, CurrSamplesPerSec=122.17644518056194, MemAllocated=0.13GB, MaxMemAllocated=12.01GB
[2026-06-04 17:30:29,577] [INFO] [logging.py:96:log_dist] [Rank 0] step=740, skipped=0, lr=[0.001], mom=[(0.9, 0.999)]
[2026-06-04 17:30:29,580] [INFO] [timer.py:258:stop] epoch=0/micro_step=740/global_step=740, RunningAvgSamplesPerSec=121.8608932362773, CurrSamplesPerSec=122.53306666283231, MemAllocated=0.13GB, MaxMemAllocated=12.01GB
[2026-06-04 17:30:40,107] [INFO] [logging.py:96:log_dist] [Rank 0] step=750, skipped=0, lr=[0.001], mom=[(0.9, 0.999)]
[2026-06-04 17:30:40,109] [INFO] [timer.py:258:stop] epoch=0/micro_step=750/global_step=750, RunningAvgSamplesPerSec=121.86335428779321, CurrSamplesPerSec=122.42752850830085, MemAllocated=0.13GB, MaxMemAllocated=12.01GB
[2026-06-04 17:30:50,641] [INFO] [logging.py:96:log_dist] [Rank 0] step=760, skipped=0, lr=[0.001], mom=[(0.9, 0.999)]
[2026-06-04 17:30:50,644] [INFO] [timer.py:258:stop] epoch=0/micro_step=760/global_step=760, RunningAvgSamplesPerSec=121.86523137114969, CurrSamplesPerSec=121.51296981883424, MemAllocated=0.13GB, MaxMemAllocated=12.01GB
[2026-06-04 17:31:01,164] [INFO] [logging.py:96:log_dist] [Rank 0] step=770, skipped=0, lr=[0.001], mom=[(0.9, 0.999)]
[2026-06-04 17:31:01,167] [INFO] [timer.py:258:stop] epoch=0/micro_step=770/global_step=770, RunningAvgSamplesPerSec=121.86885290097723, CurrSamplesPerSec=122.72535736067437, MemAllocated=0.13GB, MaxMemAllocated=12.01GB
[2026-06-04 17:31:11,683] [INFO] [logging.py:96:log_dist] [Rank 0] step=780, skipped=0, lr=[0.001], mom=[(0.9, 0.999)]
[2026-06-04 17:31:11,686] [INFO] [timer.py:258:stop] epoch=0/micro_step=780/global_step=780, RunningAvgSamplesPerSec=121.87161398271805, CurrSamplesPerSec=122.46671035772299, MemAllocated=0.13GB, MaxMemAllocated=12.01GB
[2026-06-04 17:31:22,208] [INFO] [logging.py:96:log_dist] [Rank 0] step=790, skipped=0, lr=[0.001], mom=[(0.9, 0.999)]
[2026-06-04 17:31:22,211] [INFO] [timer.py:258:stop] epoch=0/micro_step=790/global_step=790, RunningAvgSamplesPerSec=121.87319824549357, CurrSamplesPerSec=121.75583559327492, MemAllocated=0.13GB, MaxMemAllocated=12.01GB
[2026-06-04 17:31:32,730] [INFO] [logging.py:96:log_dist] [Rank 0] step=800, skipped=0, lr=[0.001], mom=[(0.9, 0.999)]
[2026-06-04 17:31:32,733] [INFO] [timer.py:258:stop] epoch=0/micro_step=800/global_step=800, RunningAvgSamplesPerSec=121.87582649928405, CurrSamplesPerSec=122.14492373775983, MemAllocated=0.13GB, MaxMemAllocated=12.01GB
[2026-06-04 17:31:43,253] [INFO] [logging.py:96:log_dist] [Rank 0] step=810, skipped=0, lr=[0.001], mom=[(0.9, 0.999)]
[2026-06-04 17:31:43,256] [INFO] [timer.py:258:stop] epoch=0/micro_step=810/global_step=810, RunningAvgSamplesPerSec=121.87824742412431, CurrSamplesPerSec=122.54067399881082, MemAllocated=0.13GB, MaxMemAllocated=12.01GB
[2026-06-04 17:31:53,783] [INFO] [logging.py:96:log_dist] [Rank 0] step=820, skipped=0, lr=[0.001], mom=[(0.9, 0.999)]
[2026-06-04 17:31:53,786] [INFO] [timer.py:258:stop] epoch=0/micro_step=820/global_step=820, RunningAvgSamplesPerSec=121.87916771997092, CurrSamplesPerSec=121.98908469146042, MemAllocated=0.13GB, MaxMemAllocated=12.01GB
[2026-06-04 17:32:04,319] [INFO] [logging.py:96:log_dist] [Rank 0] step=830, skipped=0, lr=[0.001], mom=[(0.9, 0.999)]
[2026-06-04 17:32:04,322] [INFO] [timer.py:258:stop] epoch=0/micro_step=830/global_step=830, RunningAvgSamplesPerSec=121.88049480652258, CurrSamplesPerSec=121.34883566388913, MemAllocated=0.13GB, MaxMemAllocated=12.01GB
[2026-06-04 17:32:14,857] [INFO] [logging.py:96:log_dist] [Rank 0] step=840, skipped=0, lr=[0.001], mom=[(0.9, 0.999)]
[2026-06-04 17:32:14,860] [INFO] [timer.py:258:stop] epoch=0/micro_step=840/global_step=840, RunningAvgSamplesPerSec=121.88165054506068, CurrSamplesPerSec=121.95461243522868, MemAllocated=0.13GB, MaxMemAllocated=12.01GB
[2026-06-04 17:32:25,413] [INFO] [logging.py:96:log_dist] [Rank 0] step=850, skipped=0, lr=[0.001], mom=[(0.9, 0.999)]
[2026-06-04 17:32:25,415] [INFO] [timer.py:258:stop] epoch=0/micro_step=850/global_step=850, RunningAvgSamplesPerSec=121.88125709803535, CurrSamplesPerSec=121.19671638206056, MemAllocated=0.13GB, MaxMemAllocated=12.01GB
[2026-06-04 17:32:35,967] [INFO] [logging.py:96:log_dist] [Rank 0] step=860, skipped=0, lr=[0.001], mom=[(0.9, 0.999)]
[2026-06-04 17:32:35,970] [INFO] [timer.py:258:stop] epoch=0/micro_step=860/global_step=860, RunningAvgSamplesPerSec=121.88118841257902, CurrSamplesPerSec=121.43620329463027, MemAllocated=0.13GB, MaxMemAllocated=12.01GB
[2026-06-04 17:32:46,512] [INFO] [logging.py:96:log_dist] [Rank 0] step=870, skipped=0, lr=[0.001], mom=[(0.9, 0.999)]
[2026-06-04 17:32:46,514] [INFO] [timer.py:258:stop] epoch=0/micro_step=870/global_step=870, RunningAvgSamplesPerSec=121.88117792415126, CurrSamplesPerSec=122.62539737212487, MemAllocated=0.13GB, MaxMemAllocated=12.01GB
[2026-06-04 17:32:57,063] [INFO] [logging.py:96:log_dist] [Rank 0] step=880, skipped=0, lr=[0.001], mom=[(0.9, 0.999)]
[2026-06-04 17:32:57,066] [INFO] [timer.py:258:stop] epoch=0/micro_step=880/global_step=880, RunningAvgSamplesPerSec=121.88028155963492, CurrSamplesPerSec=121.56045803763303, MemAllocated=0.13GB, MaxMemAllocated=12.01GB
[2026-06-04 17:33:07,618] [INFO] [logging.py:96:log_dist] [Rank 0] step=890, skipped=0, lr=[0.001], mom=[(0.9, 0.999)]
[2026-06-04 17:33:07,621] [INFO] [timer.py:258:stop] epoch=0/micro_step=890/global_step=890, RunningAvgSamplesPerSec=121.87895216506845, CurrSamplesPerSec=121.43142405680285, MemAllocated=0.13GB, MaxMemAllocated=12.01GB
[2026-06-04 17:33:18,178] [INFO] [logging.py:96:log_dist] [Rank 0] step=900, skipped=0, lr=[0.001], mom=[(0.9, 0.999)]
[2026-06-04 17:33:18,180] [INFO] [timer.py:258:stop] epoch=0/micro_step=900/global_step=900, RunningAvgSamplesPerSec=121.87706780650223, CurrSamplesPerSec=121.62988618867541, MemAllocated=0.13GB, MaxMemAllocated=12.01GB
Train Epoch: 2, Iteration: 200, Train Loss: 4.61022424697876
[2026-06-04 17:33:28,750] [INFO] [logging.py:96:log_dist] [Rank 0] step=910, skipped=0, lr=[0.001], mom=[(0.9, 0.999)]
[2026-06-04 17:33:28,753] [INFO] [timer.py:258:stop] epoch=0/micro_step=910/global_step=910, RunningAvgSamplesPerSec=121.87372921633113, CurrSamplesPerSec=121.38019449013939, MemAllocated=0.13GB, MaxMemAllocated=12.01GB
[2026-06-04 17:33:39,310] [INFO] [logging.py:96:log_dist] [Rank 0] step=920, skipped=0, lr=[0.001], mom=[(0.9, 0.999)]
[2026-06-04 17:33:39,313] [INFO] [timer.py:258:stop] epoch=0/micro_step=920/global_step=920, RunningAvgSamplesPerSec=121.87195968526218, CurrSamplesPerSec=121.54127669400683, MemAllocated=0.13GB, MaxMemAllocated=12.01GB
[2026-06-04 17:33:49,886] [INFO] [logging.py:96:log_dist] [Rank 0] step=930, skipped=0, lr=[0.001], mom=[(0.9, 0.999)]
[2026-06-04 17:33:49,889] [INFO] [timer.py:258:stop] epoch=0/micro_step=930/global_step=930, RunningAvgSamplesPerSec=121.86814368870084, CurrSamplesPerSec=121.17401205892324, MemAllocated=0.13GB, MaxMemAllocated=12.01GB
[2026-06-04 17:34:00,462] [INFO] [logging.py:96:log_dist] [Rank 0] step=940, skipped=0, lr=[0.001], mom=[(0.9, 0.999)]
[2026-06-04 17:34:00,465] [INFO] [timer.py:258:stop] epoch=0/micro_step=940/global_step=940, RunningAvgSamplesPerSec=121.86446478905445, CurrSamplesPerSec=121.28263208188659, MemAllocated=0.13GB, MaxMemAllocated=12.01GB
[2026-06-04 17:34:11,059] [INFO] [logging.py:96:log_dist] [Rank 0] step=950, skipped=0, lr=[0.001], mom=[(0.9, 0.999)]
[2026-06-04 17:34:11,062] [INFO] [timer.py:258:stop] epoch=0/micro_step=950/global_step=950, RunningAvgSamplesPerSec=121.85839207160102, CurrSamplesPerSec=121.43551659938608, MemAllocated=0.13GB, MaxMemAllocated=12.01GB
[2026-06-04 17:34:21,637] [INFO] [logging.py:96:log_dist] [Rank 0] step=960, skipped=0, lr=[0.001], mom=[(0.9, 0.999)]
[2026-06-04 17:34:21,640] [INFO] [timer.py:258:stop] epoch=0/micro_step=960/global_step=960, RunningAvgSamplesPerSec=121.85475120957824, CurrSamplesPerSec=121.31784942348867, MemAllocated=0.13GB, MaxMemAllocated=12.01GB
[2026-06-04 17:34:32,233] [INFO] [logging.py:96:log_dist] [Rank 0] step=970, skipped=0, lr=[0.001], mom=[(0.9, 0.999)]
[2026-06-04 17:34:32,235] [INFO] [timer.py:258:stop] epoch=0/micro_step=970/global_step=970, RunningAvgSamplesPerSec=121.84894242969042, CurrSamplesPerSec=121.26750997591685, MemAllocated=0.13GB, MaxMemAllocated=12.01GB
[2026-06-04 17:34:42,826] [INFO] [logging.py:96:log_dist] [Rank 0] step=980, skipped=0, lr=[0.001], mom=[(0.9, 0.999)]
[2026-06-04 17:34:42,829] [INFO] [timer.py:258:stop] epoch=0/micro_step=980/global_step=980, RunningAvgSamplesPerSec=121.8436636069588, CurrSamplesPerSec=121.48014046209305, MemAllocated=0.13GB, MaxMemAllocated=12.01GB
[2026-06-04 17:34:53,387] [INFO] [logging.py:96:log_dist] [Rank 0] step=990, skipped=0, lr=[0.001], mom=[(0.9, 0.999)]
[2026-06-04 17:34:53,389] [INFO] [timer.py:258:stop] epoch=0/micro_step=990/global_step=990, RunningAvgSamplesPerSec=121.84220435847595, CurrSamplesPerSec=121.5602103202942, MemAllocated=0.13GB, MaxMemAllocated=12.01GB
[2026-06-04 17:35:03,962] [INFO] [logging.py:96:log_dist] [Rank 0] step=1000, skipped=0, lr=[0.001], mom=[(0.9, 0.999)]
[2026-06-04 17:35:03,965] [INFO] [timer.py:258:stop] epoch=0/micro_step=1000/global_step=1000, RunningAvgSamplesPerSec=121.83863613219539, CurrSamplesPerSec=121.14054553881243, MemAllocated=0.13GB, MaxMemAllocated=12.01GB
[2026-06-04 17:35:14,540] [INFO] [logging.py:96:log_dist] [Rank 0] step=1010, skipped=0, lr=[0.001], mom=[(0.9, 0.999)]
[2026-06-04 17:35:14,543] [INFO] [timer.py:258:stop] epoch=0/micro_step=1010/global_step=1010, RunningAvgSamplesPerSec=121.83511485137497, CurrSamplesPerSec=121.4234869585376, MemAllocated=0.13GB, MaxMemAllocated=12.01GB
[2026-06-04 17:35:25,117] [INFO] [logging.py:96:log_dist] [Rank 0] step=1020, skipped=0, lr=[0.001], mom=[(0.9, 0.999)]
[2026-06-04 17:35:25,120] [INFO] [timer.py:258:stop] epoch=0/micro_step=1020/global_step=1020, RunningAvgSamplesPerSec=121.83189922622667, CurrSamplesPerSec=121.32629366169667, MemAllocated=0.13GB, MaxMemAllocated=12.01GB
[2026-06-04 17:35:35,713] [INFO] [logging.py:96:log_dist] [Rank 0] step=1030, skipped=0, lr=[0.001], mom=[(0.9, 0.999)]
[2026-06-04 17:35:35,716] [INFO] [timer.py:258:stop] epoch=0/micro_step=1030/global_step=1030, RunningAvgSamplesPerSec=121.82682792974053, CurrSamplesPerSec=121.26145671156075, MemAllocated=0.13GB, MaxMemAllocated=12.01GB
[2026-06-04 17:35:46,310] [INFO] [logging.py:96:log_dist] [Rank 0] step=1040, skipped=0, lr=[0.001], mom=[(0.9, 0.999)]
[2026-06-04 17:35:46,312] [INFO] [timer.py:258:stop] epoch=0/micro_step=1040/global_step=1040, RunningAvgSamplesPerSec=121.82157508078599, CurrSamplesPerSec=121.17097634250564, MemAllocated=0.13GB, MaxMemAllocated=12.01GB
[2026-06-04 17:35:56,904] [INFO] [logging.py:96:log_dist] [Rank 0] step=1050, skipped=0, lr=[0.001], mom=[(0.9, 0.999)]
[2026-06-04 17:35:56,907] [INFO] [timer.py:258:stop] epoch=0/micro_step=1050/global_step=1050, RunningAvgSamplesPerSec=121.81670158834102, CurrSamplesPerSec=121.36954768234678, MemAllocated=0.13GB, MaxMemAllocated=12.01GB
[2026-06-04 17:36:07,482] [INFO] [logging.py:96:log_dist] [Rank 0] step=1060, skipped=0, lr=[0.001], mom=[(0.9, 0.999)]
[2026-06-04 17:36:07,485] [INFO] [timer.py:258:stop] epoch=0/micro_step=1060/global_step=1060, RunningAvgSamplesPerSec=121.81372497390504, CurrSamplesPerSec=121.15235514073525, MemAllocated=0.13GB, MaxMemAllocated=12.01GB
[2026-06-04 17:36:18,076] [INFO] [logging.py:96:log_dist] [Rank 0] step=1070, skipped=0, lr=[0.001], mom=[(0.9, 0.999)]
[2026-06-04 17:36:18,078] [INFO] [timer.py:258:stop] epoch=0/micro_step=1070/global_step=1070, RunningAvgSamplesPerSec=121.80901858426262, CurrSamplesPerSec=121.41901078288181, MemAllocated=0.13GB, MaxMemAllocated=12.01GB
[2026-06-04 17:36:28,675] [INFO] [logging.py:96:log_dist] [Rank 0] step=1080, skipped=0, lr=[0.001], mom=[(0.9, 0.999)]
[2026-06-04 17:36:28,678] [INFO] [timer.py:258:stop] epoch=0/micro_step=1080/global_step=1080, RunningAvgSamplesPerSec=121.80407442683267, CurrSamplesPerSec=121.28835864622297, MemAllocated=0.13GB, MaxMemAllocated=12.01GB
[2026-06-04 17:36:39,253] [INFO] [logging.py:96:log_dist] [Rank 0] step=1090, skipped=0, lr=[0.001], mom=[(0.9, 0.999)]
[2026-06-04 17:36:39,256] [INFO] [timer.py:258:stop] epoch=0/micro_step=1090/global_step=1090, RunningAvgSamplesPerSec=121.80172276344769, CurrSamplesPerSec=121.42818317853737, MemAllocated=0.13GB, MaxMemAllocated=12.01GB
[2026-06-04 17:36:49,852] [INFO] [logging.py:96:log_dist] [Rank 0] step=1100, skipped=0, lr=[0.001], mom=[(0.9, 0.999)]
[2026-06-04 17:36:49,855] [INFO] [timer.py:258:stop] epoch=0/micro_step=1100/global_step=1100, RunningAvgSamplesPerSec=121.79702753168307, CurrSamplesPerSec=121.2402887341819, MemAllocated=0.13GB, MaxMemAllocated=12.01GB
Train Epoch: 2, Iteration: 400, Train Loss: 4.397850513458252
[2026-06-04 17:37:00,448] [INFO] [logging.py:96:log_dist] [Rank 0] step=1110, skipped=0, lr=[0.001], mom=[(0.9, 0.999)]
[2026-06-04 17:37:00,450] [INFO] [timer.py:258:stop] epoch=0/micro_step=1110/global_step=1110, RunningAvgSamplesPerSec=121.79184419710818, CurrSamplesPerSec=121.36367627305391, MemAllocated=0.13GB, MaxMemAllocated=12.01GB
[2026-06-04 17:37:11,045] [INFO] [logging.py:96:log_dist] [Rank 0] step=1120, skipped=0, lr=[0.001], mom=[(0.9, 0.999)]
[2026-06-04 17:37:11,048] [INFO] [timer.py:258:stop] epoch=0/micro_step=1120/global_step=1120, RunningAvgSamplesPerSec=121.78767747010811, CurrSamplesPerSec=121.39778776780358, MemAllocated=0.13GB, MaxMemAllocated=12.01GB
[2026-06-04 17:37:21,642] [INFO] [logging.py:96:log_dist] [Rank 0] step=1130, skipped=0, lr=[0.001], mom=[(0.9, 0.999)]
[2026-06-04 17:37:21,644] [INFO] [timer.py:258:stop] epoch=0/micro_step=1130/global_step=1130, RunningAvgSamplesPerSec=121.783578139411, CurrSamplesPerSec=121.65221036526644, MemAllocated=0.13GB, MaxMemAllocated=12.01GB
[2026-06-04 17:37:32,241] [INFO] [logging.py:96:log_dist] [Rank 0] step=1140, skipped=0, lr=[0.001], mom=[(0.9, 0.999)]
[2026-06-04 17:37:32,244] [INFO] [timer.py:258:stop] epoch=0/micro_step=1140/global_step=1140, RunningAvgSamplesPerSec=121.77942895232864, CurrSamplesPerSec=121.1474615309455, MemAllocated=0.13GB, MaxMemAllocated=12.01GB
[2026-06-04 17:37:42,838] [INFO] [logging.py:96:log_dist] [Rank 0] step=1150, skipped=0, lr=[0.001], mom=[(0.9, 0.999)]
[2026-06-04 17:37:42,841] [INFO] [timer.py:258:stop] epoch=0/micro_step=1150/global_step=1150, RunningAvgSamplesPerSec=121.77544072493329, CurrSamplesPerSec=121.16340138922303, MemAllocated=0.13GB, MaxMemAllocated=12.01GB
[2026-06-04 17:37:53,431] [INFO] [logging.py:96:log_dist] [Rank 0] step=1160, skipped=0, lr=[0.001], mom=[(0.9, 0.999)]
[2026-06-04 17:37:53,434] [INFO] [timer.py:258:stop] epoch=0/micro_step=1160/global_step=1160, RunningAvgSamplesPerSec=121.77126463553567, CurrSamplesPerSec=121.13401297506047, MemAllocated=0.13GB, MaxMemAllocated=12.01GB
[2026-06-04 17:38:04,027] [INFO] [logging.py:96:log_dist] [Rank 0] step=1170, skipped=0, lr=[0.001], mom=[(0.9, 0.999)]
[2026-06-04 17:38:04,030] [INFO] [timer.py:258:stop] epoch=0/micro_step=1170/global_step=1170, RunningAvgSamplesPerSec=121.76691342829822, CurrSamplesPerSec=121.370947027268, MemAllocated=0.13GB, MaxMemAllocated=12.01GB
[2026-06-04 17:38:14,623] [INFO] [logging.py:96:log_dist] [Rank 0] step=1180, skipped=0, lr=[0.001], mom=[(0.9, 0.999)]
[2026-06-04 17:38:14,626] [INFO] [timer.py:258:stop] epoch=0/micro_step=1180/global_step=1180, RunningAvgSamplesPerSec=121.76262631813913, CurrSamplesPerSec=121.27350905579765, MemAllocated=0.13GB, MaxMemAllocated=12.01GB
[2026-06-04 17:38:25,220] [INFO] [logging.py:96:log_dist] [Rank 0] step=1190, skipped=0, lr=[0.001], mom=[(0.9, 0.999)]
[2026-06-04 17:38:25,223] [INFO] [timer.py:258:stop] epoch=0/micro_step=1190/global_step=1190, RunningAvgSamplesPerSec=121.75833255317391, CurrSamplesPerSec=121.43007824736753, MemAllocated=0.13GB, MaxMemAllocated=12.01GB
[2026-06-04 17:38:35,815] [INFO] [logging.py:96:log_dist] [Rank 0] step=1200, skipped=0, lr=[0.001], mom=[(0.9, 0.999)]
[2026-06-04 17:38:35,818] [INFO] [timer.py:258:stop] epoch=0/micro_step=1200/global_step=1200, RunningAvgSamplesPerSec=121.75428540359617, CurrSamplesPerSec=121.23716756205019, MemAllocated=0.13GB, MaxMemAllocated=12.01GB
[2026-06-04 17:38:46,397] [INFO] [logging.py:96:log_dist] [Rank 0] step=1210, skipped=0, lr=[0.001], mom=[(0.9, 0.999)]
[2026-06-04 17:38:46,399] [INFO] [timer.py:258:stop] epoch=0/micro_step=1210/global_step=1210, RunningAvgSamplesPerSec=121.75158141226221, CurrSamplesPerSec=121.98243257827669, MemAllocated=0.13GB, MaxMemAllocated=12.01GB
[2026-06-04 17:38:56,989] [INFO] [logging.py:96:log_dist] [Rank 0] step=1220, skipped=0, lr=[0.001], mom=[(0.9, 0.999)]
[2026-06-04 17:38:56,992] [INFO] [timer.py:258:stop] epoch=0/micro_step=1220/global_step=1220, RunningAvgSamplesPerSec=121.74793641021107, CurrSamplesPerSec=121.23040557369431, MemAllocated=0.13GB, MaxMemAllocated=12.01GB
[2026-06-04 17:39:07,586] [INFO] [logging.py:96:log_dist] [Rank 0] step=1230, skipped=0, lr=[0.001], mom=[(0.9, 0.999)]
[2026-06-04 17:39:07,589] [INFO] [timer.py:258:stop] epoch=0/micro_step=1230/global_step=1230, RunningAvgSamplesPerSec=121.74433014540912, CurrSamplesPerSec=121.27487879196538, MemAllocated=0.13GB, MaxMemAllocated=12.01GB
[2026-06-04 17:39:18,182] [INFO] [logging.py:96:log_dist] [Rank 0] step=1240, skipped=0, lr=[0.001], mom=[(0.9, 0.999)]
[2026-06-04 17:39:18,185] [INFO] [timer.py:258:stop] epoch=0/micro_step=1240/global_step=1240, RunningAvgSamplesPerSec=121.74115090444332, CurrSamplesPerSec=121.38870230277959, MemAllocated=0.13GB, MaxMemAllocated=12.01GB
[2026-06-04 17:39:28,783] [INFO] [logging.py:96:log_dist] [Rank 0] step=1250, skipped=0, lr=[0.001], mom=[(0.9, 0.999)]
[2026-06-04 17:39:28,785] [INFO] [timer.py:258:stop] epoch=0/micro_step=1250/global_step=1250, RunningAvgSamplesPerSec=121.73839512948564, CurrSamplesPerSec=121.489157144522, MemAllocated=0.13GB, MaxMemAllocated=12.01GB
[2026-06-04 17:39:39,376] [INFO] [logging.py:96:log_dist] [Rank 0] step=1260, skipped=0, lr=[0.001], mom=[(0.9, 0.999)]
[2026-06-04 17:39:39,378] [INFO] [timer.py:258:stop] epoch=0/micro_step=1260/global_step=1260, RunningAvgSamplesPerSec=121.735477095399, CurrSamplesPerSec=121.3823350532922, MemAllocated=0.13GB, MaxMemAllocated=12.01GB
[2026-06-04 17:39:49,972] [INFO] [logging.py:96:log_dist] [Rank 0] step=1270, skipped=0, lr=[0.001], mom=[(0.9, 0.999)]
[2026-06-04 17:39:49,975] [INFO] [timer.py:258:stop] epoch=0/micro_step=1270/global_step=1270, RunningAvgSamplesPerSec=121.73227118988598, CurrSamplesPerSec=121.16342873392139, MemAllocated=0.13GB, MaxMemAllocated=12.01GB
[2026-06-04 17:40:00,569] [INFO] [logging.py:96:log_dist] [Rank 0] step=1280, skipped=0, lr=[0.001], mom=[(0.9, 0.999)]
[2026-06-04 17:40:00,572] [INFO] [timer.py:258:stop] epoch=0/micro_step=1280/global_step=1280, RunningAvgSamplesPerSec=121.72900631894166, CurrSamplesPerSec=121.41560581505743, MemAllocated=0.13GB, MaxMemAllocated=12.01GB
[2026-06-04 17:40:11,167] [INFO] [logging.py:96:log_dist] [Rank 0] step=1290, skipped=0, lr=[0.001], mom=[(0.9, 0.999)]
[2026-06-04 17:40:11,169] [INFO] [timer.py:258:stop] epoch=0/micro_step=1290/global_step=1290, RunningAvgSamplesPerSec=121.72590524092136, CurrSamplesPerSec=121.26981092268987, MemAllocated=0.13GB, MaxMemAllocated=12.01GB
[2026-06-04 17:40:21,762] [INFO] [logging.py:96:log_dist] [Rank 0] step=1300, skipped=0, lr=[0.001], mom=[(0.9, 0.999)]
[2026-06-04 17:40:21,765] [INFO] [timer.py:258:stop] epoch=0/micro_step=1300/global_step=1300, RunningAvgSamplesPerSec=121.72299795567301, CurrSamplesPerSec=121.53602145705793, MemAllocated=0.13GB, MaxMemAllocated=12.01GB
Train Epoch: 2, Iteration: 600, Train Loss: 4.12413215637207
[2026-06-04 17:40:32,360] [INFO] [logging.py:96:log_dist] [Rank 0] step=1310, skipped=0, lr=[0.001], mom=[(0.9, 0.999)]
[2026-06-04 17:40:32,363] [INFO] [timer.py:258:stop] epoch=0/micro_step=1310/global_step=1310, RunningAvgSamplesPerSec=121.71983041161734, CurrSamplesPerSec=121.22698380225812, MemAllocated=0.13GB, MaxMemAllocated=12.01GB
[2026-06-04 17:40:42,956] [INFO] [logging.py:96:log_dist] [Rank 0] step=1320, skipped=0, lr=[0.001], mom=[(0.9, 0.999)]
[2026-06-04 17:40:42,959] [INFO] [timer.py:258:stop] epoch=0/micro_step=1320/global_step=1320, RunningAvgSamplesPerSec=121.71693233662579, CurrSamplesPerSec=121.32933716558047, MemAllocated=0.13GB, MaxMemAllocated=12.01GB
[2026-06-04 17:40:53,554] [INFO] [logging.py:96:log_dist] [Rank 0] step=1330, skipped=0, lr=[0.001], mom=[(0.9, 0.999)]
[2026-06-04 17:40:53,556] [INFO] [timer.py:258:stop] epoch=0/micro_step=1330/global_step=1330, RunningAvgSamplesPerSec=121.71389228295325, CurrSamplesPerSec=121.26271661723514, MemAllocated=0.13GB, MaxMemAllocated=12.01GB
[2026-06-04 17:41:04,147] [INFO] [logging.py:96:log_dist] [Rank 0] step=1340, skipped=0, lr=[0.001], mom=[(0.9, 0.999)]
[2026-06-04 17:41:04,149] [INFO] [timer.py:258:stop] epoch=0/micro_step=1340/global_step=1340, RunningAvgSamplesPerSec=121.71132597710894, CurrSamplesPerSec=121.35163343085237, MemAllocated=0.13GB, MaxMemAllocated=12.01GB
[2026-06-04 17:41:14,744] [INFO] [logging.py:96:log_dist] [Rank 0] step=1350, skipped=0, lr=[0.001], mom=[(0.9, 0.999)]
[2026-06-04 17:41:14,747] [INFO] [timer.py:258:stop] epoch=0/micro_step=1350/global_step=1350, RunningAvgSamplesPerSec=121.70838580460553, CurrSamplesPerSec=121.33235340115115, MemAllocated=0.13GB, MaxMemAllocated=12.01GB
[2026-06-04 17:41:25,341] [INFO] [logging.py:96:log_dist] [Rank 0] step=1360, skipped=0, lr=[0.001], mom=[(0.9, 0.999)]
[2026-06-04 17:41:25,344] [INFO] [timer.py:258:stop] epoch=0/micro_step=1360/global_step=1360, RunningAvgSamplesPerSec=121.7055320624437, CurrSamplesPerSec=121.28246769089526, MemAllocated=0.13GB, MaxMemAllocated=12.01GB
[2026-06-04 17:41:35,937] [INFO] [logging.py:96:log_dist] [Rank 0] step=1370, skipped=0, lr=[0.001], mom=[(0.9, 0.999)]
[2026-06-04 17:41:35,940] [INFO] [timer.py:258:stop] epoch=0/micro_step=1370/global_step=1370, RunningAvgSamplesPerSec=121.70268052395014, CurrSamplesPerSec=121.22966645470837, MemAllocated=0.13GB, MaxMemAllocated=12.01GB
[2026-06-04 17:41:46,534] [INFO] [logging.py:96:log_dist] [Rank 0] step=1380, skipped=0, lr=[0.001], mom=[(0.9, 0.999)]
[2026-06-04 17:41:46,537] [INFO] [timer.py:258:stop] epoch=0/micro_step=1380/global_step=1380, RunningAvgSamplesPerSec=121.69998651803324, CurrSamplesPerSec=121.24201366141136, MemAllocated=0.13GB, MaxMemAllocated=12.01GB
[2026-06-04 17:41:57,130] [INFO] [logging.py:96:log_dist] [Rank 0] step=1390, skipped=0, lr=[0.001], mom=[(0.9, 0.999)]
[2026-06-04 17:41:57,133] [INFO] [timer.py:258:stop] epoch=0/micro_step=1390/global_step=1390, RunningAvgSamplesPerSec=121.69731435502052, CurrSamplesPerSec=121.30798102440639, MemAllocated=0.13GB, MaxMemAllocated=12.01GB
[2026-06-04 17:42:07,729] [INFO] [logging.py:96:log_dist] [Rank 0] step=1400, skipped=0, lr=[0.001], mom=[(0.9, 0.999)]
[2026-06-04 17:42:07,731] [INFO] [timer.py:258:stop] epoch=0/micro_step=1400/global_step=1400, RunningAvgSamplesPerSec=121.69467305687155, CurrSamplesPerSec=121.39712895723736, MemAllocated=0.13GB, MaxMemAllocated=12.01GB
ZeRO stage 1
Epoch 2 train time: 743.94 s
Peak VRAM: 12296.8 MB
Epoch 2. Train Loss = 4.3905. Val Loss = 4.3121. Val Accuracy = 0.117.
Train Epoch: 3, Iteration: 0, Train Loss: 4.223031520843506
[2026-06-04 17:43:06,230] [INFO] [logging.py:96:log_dist] [Rank 0] step=1410, skipped=0, lr=[0.001], mom=[(0.9, 0.999)]
[2026-06-04 17:43:06,233] [INFO] [timer.py:258:stop] epoch=0/micro_step=1410/global_step=1410, RunningAvgSamplesPerSec=121.77019907614013, CurrSamplesPerSec=121.99482272185219, MemAllocated=0.13GB, MaxMemAllocated=12.01GB
[2026-06-04 17:43:16,808] [INFO] [logging.py:96:log_dist] [Rank 0] step=1420, skipped=0, lr=[0.001], mom=[(0.9, 0.999)]
[2026-06-04 17:43:16,811] [INFO] [timer.py:258:stop] epoch=0/micro_step=1420/global_step=1420, RunningAvgSamplesPerSec=121.76812552104765, CurrSamplesPerSec=121.41025161483931, MemAllocated=0.13GB, MaxMemAllocated=12.01GB
[2026-06-04 17:43:27,397] [INFO] [logging.py:96:log_dist] [Rank 0] step=1430, skipped=0, lr=[0.001], mom=[(0.9, 0.999)]
[2026-06-04 17:43:27,400] [INFO] [timer.py:258:stop] epoch=0/micro_step=1430/global_step=1430, RunningAvgSamplesPerSec=121.76501015741215, CurrSamplesPerSec=121.37890470007567, MemAllocated=0.13GB, MaxMemAllocated=12.01GB
[2026-06-04 17:43:37,982] [INFO] [logging.py:96:log_dist] [Rank 0] step=1440, skipped=0, lr=[0.001], mom=[(0.9, 0.999)]
[2026-06-04 17:43:37,985] [INFO] [timer.py:258:stop] epoch=0/micro_step=1440/global_step=1440, RunningAvgSamplesPerSec=121.7624795686413, CurrSamplesPerSec=121.00187316270146, MemAllocated=0.13GB, MaxMemAllocated=12.01GB
[2026-06-04 17:43:48,575] [INFO] [logging.py:96:log_dist] [Rank 0] step=1450, skipped=0, lr=[0.001], mom=[(0.9, 0.999)]
[2026-06-04 17:43:48,577] [INFO] [timer.py:258:stop] epoch=0/micro_step=1450/global_step=1450, RunningAvgSamplesPerSec=121.75938891280073, CurrSamplesPerSec=121.06190095747586, MemAllocated=0.13GB, MaxMemAllocated=12.01GB
[2026-06-04 17:43:59,152] [INFO] [logging.py:96:log_dist] [Rank 0] step=1460, skipped=0, lr=[0.001], mom=[(0.9, 0.999)]
[2026-06-04 17:43:59,155] [INFO] [timer.py:258:stop] epoch=0/micro_step=1460/global_step=1460, RunningAvgSamplesPerSec=121.75720903070356, CurrSamplesPerSec=121.24666847187721, MemAllocated=0.13GB, MaxMemAllocated=12.01GB
[2026-06-04 17:44:09,730] [INFO] [logging.py:96:log_dist] [Rank 0] step=1470, skipped=0, lr=[0.001], mom=[(0.9, 0.999)]
[2026-06-04 17:44:09,733] [INFO] [timer.py:258:stop] epoch=0/micro_step=1470/global_step=1470, RunningAvgSamplesPerSec=121.75526360946053, CurrSamplesPerSec=121.3236067311245, MemAllocated=0.13GB, MaxMemAllocated=12.01GB
[2026-06-04 17:44:20,304] [INFO] [logging.py:96:log_dist] [Rank 0] step=1480, skipped=0, lr=[0.001], mom=[(0.9, 0.999)]
[2026-06-04 17:44:20,307] [INFO] [timer.py:258:stop] epoch=0/micro_step=1480/global_step=1480, RunningAvgSamplesPerSec=121.75288276313813, CurrSamplesPerSec=121.12034880218818, MemAllocated=0.13GB, MaxMemAllocated=12.01GB
[2026-06-04 17:44:30,884] [INFO] [logging.py:96:log_dist] [Rank 0] step=1490, skipped=0, lr=[0.001], mom=[(0.9, 0.999)]
[2026-06-04 17:44:30,887] [INFO] [timer.py:258:stop] epoch=0/micro_step=1490/global_step=1490, RunningAvgSamplesPerSec=121.75089667390313, CurrSamplesPerSec=121.40143880597284, MemAllocated=0.13GB, MaxMemAllocated=12.01GB
[2026-06-04 17:44:41,477] [INFO] [logging.py:96:log_dist] [Rank 0] step=1500, skipped=0, lr=[0.001], mom=[(0.9, 0.999)]
[2026-06-04 17:44:41,479] [INFO] [timer.py:258:stop] epoch=0/micro_step=1500/global_step=1500, RunningAvgSamplesPerSec=121.74775925152517, CurrSamplesPerSec=121.0523470974611, MemAllocated=0.13GB, MaxMemAllocated=12.01GB
[2026-06-04 17:44:52,054] [INFO] [logging.py:96:log_dist] [Rank 0] step=1510, skipped=0, lr=[0.001], mom=[(0.9, 0.999)]
[2026-06-04 17:44:52,057] [INFO] [timer.py:258:stop] epoch=0/micro_step=1510/global_step=1510, RunningAvgSamplesPerSec=121.74579903873291, CurrSamplesPerSec=121.10816296100124, MemAllocated=0.13GB, MaxMemAllocated=12.01GB
[2026-06-04 17:45:02,656] [INFO] [logging.py:96:log_dist] [Rank 0] step=1520, skipped=0, lr=[0.001], mom=[(0.9, 0.999)]
[2026-06-04 17:45:02,658] [INFO] [timer.py:258:stop] epoch=0/micro_step=1520/global_step=1520, RunningAvgSamplesPerSec=121.74290110246493, CurrSamplesPerSec=120.92487926002308, MemAllocated=0.13GB, MaxMemAllocated=12.01GB
[2026-06-04 17:45:13,252] [INFO] [logging.py:96:log_dist] [Rank 0] step=1530, skipped=0, lr=[0.001], mom=[(0.9, 0.999)]
[2026-06-04 17:45:13,255] [INFO] [timer.py:258:stop] epoch=0/micro_step=1530/global_step=1530, RunningAvgSamplesPerSec=121.74026122854333, CurrSamplesPerSec=121.31604009679597, MemAllocated=0.13GB, MaxMemAllocated=12.01GB
[2026-06-04 17:45:23,849] [INFO] [logging.py:96:log_dist] [Rank 0] step=1540, skipped=0, lr=[0.001], mom=[(0.9, 0.999)]
[2026-06-04 17:45:23,851] [INFO] [timer.py:258:stop] epoch=0/micro_step=1540/global_step=1540, RunningAvgSamplesPerSec=121.73751999874905, CurrSamplesPerSec=121.29570259185614, MemAllocated=0.13GB, MaxMemAllocated=12.01GB
[2026-06-04 17:45:34,441] [INFO] [logging.py:96:log_dist] [Rank 0] step=1550, skipped=0, lr=[0.001], mom=[(0.9, 0.999)]
[2026-06-04 17:45:34,444] [INFO] [timer.py:258:stop] epoch=0/micro_step=1550/global_step=1550, RunningAvgSamplesPerSec=121.73452449115304, CurrSamplesPerSec=121.10799904263327, MemAllocated=0.13GB, MaxMemAllocated=12.01GB
[2026-06-04 17:45:45,038] [INFO] [logging.py:96:log_dist] [Rank 0] step=1560, skipped=0, lr=[0.001], mom=[(0.9, 0.999)]
[2026-06-04 17:45:45,041] [INFO] [timer.py:258:stop] epoch=0/micro_step=1560/global_step=1560, RunningAvgSamplesPerSec=121.73106804143885, CurrSamplesPerSec=121.27934434672999, MemAllocated=0.13GB, MaxMemAllocated=12.01GB
[2026-06-04 17:45:55,637] [INFO] [logging.py:96:log_dist] [Rank 0] step=1570, skipped=0, lr=[0.001], mom=[(0.9, 0.999)]
[2026-06-04 17:45:55,640] [INFO] [timer.py:258:stop] epoch=0/micro_step=1570/global_step=1570, RunningAvgSamplesPerSec=121.72855680264198, CurrSamplesPerSec=121.2951271013164, MemAllocated=0.13GB, MaxMemAllocated=12.01GB
[2026-06-04 17:46:06,232] [INFO] [logging.py:96:log_dist] [Rank 0] step=1580, skipped=0, lr=[0.001], mom=[(0.9, 0.999)]
[2026-06-04 17:46:06,235] [INFO] [timer.py:258:stop] epoch=0/micro_step=1580/global_step=1580, RunningAvgSamplesPerSec=121.72560753850885, CurrSamplesPerSec=121.15547194745689, MemAllocated=0.13GB, MaxMemAllocated=12.01GB
[2026-06-04 17:46:16,833] [INFO] [logging.py:96:log_dist] [Rank 0] step=1590, skipped=0, lr=[0.001], mom=[(0.9, 0.999)]
[2026-06-04 17:46:16,836] [INFO] [timer.py:258:stop] epoch=0/micro_step=1590/global_step=1590, RunningAvgSamplesPerSec=121.72317843414932, CurrSamplesPerSec=121.00836420690148, MemAllocated=0.13GB, MaxMemAllocated=12.01GB
[2026-06-04 17:46:27,427] [INFO] [logging.py:96:log_dist] [Rank 0] step=1600, skipped=0, lr=[0.001], mom=[(0.9, 0.999)]
[2026-06-04 17:46:27,429] [INFO] [timer.py:258:stop] epoch=0/micro_step=1600/global_step=1600, RunningAvgSamplesPerSec=121.72080326161057, CurrSamplesPerSec=121.23380016181942, MemAllocated=0.13GB, MaxMemAllocated=12.01GB
Train Epoch: 3, Iteration: 200, Train Loss: 4.360843658447266
[2026-06-04 17:46:38,021] [INFO] [logging.py:96:log_dist] [Rank 0] step=1610, skipped=0, lr=[0.001], mom=[(0.9, 0.999)]
[2026-06-04 17:46:38,023] [INFO] [timer.py:258:stop] epoch=0/micro_step=1610/global_step=1610, RunningAvgSamplesPerSec=121.71843959937488, CurrSamplesPerSec=121.24505293833624, MemAllocated=0.13GB, MaxMemAllocated=12.01GB
[2026-06-04 17:46:48,617] [INFO] [logging.py:96:log_dist] [Rank 0] step=1620, skipped=0, lr=[0.001], mom=[(0.9, 0.999)]
[2026-06-04 17:46:48,620] [INFO] [timer.py:258:stop] epoch=0/micro_step=1620/global_step=1620, RunningAvgSamplesPerSec=121.71630534911792, CurrSamplesPerSec=121.39778776780358, MemAllocated=0.13GB, MaxMemAllocated=12.01GB
[2026-06-04 17:46:59,224] [INFO] [logging.py:96:log_dist] [Rank 0] step=1630, skipped=0, lr=[0.001], mom=[(0.9, 0.999)]
[2026-06-04 17:46:59,227] [INFO] [timer.py:258:stop] epoch=0/micro_step=1630/global_step=1630, RunningAvgSamplesPerSec=121.71342634447076, CurrSamplesPerSec=121.23861861331547, MemAllocated=0.13GB, MaxMemAllocated=12.01GB
[2026-06-04 17:47:09,813] [INFO] [logging.py:96:log_dist] [Rank 0] step=1640, skipped=0, lr=[0.001], mom=[(0.9, 0.999)]
[2026-06-04 17:47:09,816] [INFO] [timer.py:258:stop] epoch=0/micro_step=1640/global_step=1640, RunningAvgSamplesPerSec=121.71198760579087, CurrSamplesPerSec=121.50158476614827, MemAllocated=0.13GB, MaxMemAllocated=12.01GB
[2026-06-04 17:47:20,410] [INFO] [logging.py:96:log_dist] [Rank 0] step=1650, skipped=0, lr=[0.001], mom=[(0.9, 0.999)]
[2026-06-04 17:47:20,413] [INFO] [timer.py:258:stop] epoch=0/micro_step=1650/global_step=1650, RunningAvgSamplesPerSec=121.70961503941123, CurrSamplesPerSec=121.432495232572, MemAllocated=0.13GB, MaxMemAllocated=12.01GB
[2026-06-04 17:47:31,006] [INFO] [logging.py:96:log_dist] [Rank 0] step=1660, skipped=0, lr=[0.001], mom=[(0.9, 0.999)]
[2026-06-04 17:47:31,009] [INFO] [timer.py:258:stop] epoch=0/micro_step=1660/global_step=1660, RunningAvgSamplesPerSec=121.70704421770677, CurrSamplesPerSec=121.23048769858241, MemAllocated=0.13GB, MaxMemAllocated=12.01GB
[2026-06-04 17:47:41,605] [INFO] [logging.py:96:log_dist] [Rank 0] step=1670, skipped=0, lr=[0.001], mom=[(0.9, 0.999)]
[2026-06-04 17:47:41,608] [INFO] [timer.py:258:stop] epoch=0/micro_step=1670/global_step=1670, RunningAvgSamplesPerSec=121.70432056371118, CurrSamplesPerSec=120.94983362583046, MemAllocated=0.13GB, MaxMemAllocated=12.01GB
[2026-06-04 17:47:52,202] [INFO] [logging.py:96:log_dist] [Rank 0] step=1680, skipped=0, lr=[0.001], mom=[(0.9, 0.999)]
[2026-06-04 17:47:52,205] [INFO] [timer.py:258:stop] epoch=0/micro_step=1680/global_step=1680, RunningAvgSamplesPerSec=121.70206927720393, CurrSamplesPerSec=121.45537896176606, MemAllocated=0.13GB, MaxMemAllocated=12.01GB
[2026-06-04 17:48:02,796] [INFO] [logging.py:96:log_dist] [Rank 0] step=1690, skipped=0, lr=[0.001], mom=[(0.9, 0.999)]
[2026-06-04 17:48:02,799] [INFO] [timer.py:258:stop] epoch=0/micro_step=1690/global_step=1690, RunningAvgSamplesPerSec=121.70075933654881, CurrSamplesPerSec=121.81078214291954, MemAllocated=0.13GB, MaxMemAllocated=12.01GB
[2026-06-04 17:48:13,391] [INFO] [logging.py:96:log_dist] [Rank 0] step=1700, skipped=0, lr=[0.001], mom=[(0.9, 0.999)]
[2026-06-04 17:48:13,393] [INFO] [timer.py:258:stop] epoch=0/micro_step=1700/global_step=1700, RunningAvgSamplesPerSec=121.6993622701472, CurrSamplesPerSec=121.37193481958144, MemAllocated=0.13GB, MaxMemAllocated=12.01GB
[2026-06-04 17:48:23,985] [INFO] [logging.py:96:log_dist] [Rank 0] step=1710, skipped=0, lr=[0.001], mom=[(0.9, 0.999)]
[2026-06-04 17:48:23,988] [INFO] [timer.py:258:stop] epoch=0/micro_step=1710/global_step=1710, RunningAvgSamplesPerSec=121.69681741569244, CurrSamplesPerSec=121.59087989549276, MemAllocated=0.13GB, MaxMemAllocated=12.01GB
[2026-06-04 17:48:34,585] [INFO] [logging.py:96:log_dist] [Rank 0] step=1720, skipped=0, lr=[0.001], mom=[(0.9, 0.999)]
[2026-06-04 17:48:34,588] [INFO] [timer.py:258:stop] epoch=0/micro_step=1720/global_step=1720, RunningAvgSamplesPerSec=121.69405831549147, CurrSamplesPerSec=121.25474678541197, MemAllocated=0.13GB, MaxMemAllocated=12.01GB
[2026-06-04 17:48:45,182] [INFO] [logging.py:96:log_dist] [Rank 0] step=1730, skipped=0, lr=[0.001], mom=[(0.9, 0.999)]
[2026-06-04 17:48:45,185] [INFO] [timer.py:258:stop] epoch=0/micro_step=1730/global_step=1730, RunningAvgSamplesPerSec=121.69192990744578, CurrSamplesPerSec=121.26671562171137, MemAllocated=0.13GB, MaxMemAllocated=12.01GB
[2026-06-04 17:48:55,777] [INFO] [logging.py:96:log_dist] [Rank 0] step=1740, skipped=0, lr=[0.001], mom=[(0.9, 0.999)]
[2026-06-04 17:48:55,783] [INFO] [timer.py:258:stop] epoch=0/micro_step=1740/global_step=1740, RunningAvgSamplesPerSec=121.68979018213413, CurrSamplesPerSec=121.07448705747572, MemAllocated=0.13GB, MaxMemAllocated=12.01GB
[2026-06-04 17:49:06,375] [INFO] [logging.py:96:log_dist] [Rank 0] step=1750, skipped=0, lr=[0.001], mom=[(0.9, 0.999)]
[2026-06-04 17:49:06,377] [INFO] [timer.py:258:stop] epoch=0/micro_step=1750/global_step=1750, RunningAvgSamplesPerSec=121.68766043288873, CurrSamplesPerSec=121.27255025888992, MemAllocated=0.13GB, MaxMemAllocated=12.01GB
[2026-06-04 17:49:16,970] [INFO] [logging.py:96:log_dist] [Rank 0] step=1760, skipped=0, lr=[0.001], mom=[(0.9, 0.999)]
[2026-06-04 17:49:16,972] [INFO] [timer.py:258:stop] epoch=0/micro_step=1760/global_step=1760, RunningAvgSamplesPerSec=121.68662821832727, CurrSamplesPerSec=121.32974846160052, MemAllocated=0.13GB, MaxMemAllocated=12.01GB
[2026-06-04 17:49:27,567] [INFO] [logging.py:96:log_dist] [Rank 0] step=1770, skipped=0, lr=[0.001], mom=[(0.9, 0.999)]
[2026-06-04 17:49:27,570] [INFO] [timer.py:258:stop] epoch=0/micro_step=1770/global_step=1770, RunningAvgSamplesPerSec=121.68454528034012, CurrSamplesPerSec=121.2354975271722, MemAllocated=0.13GB, MaxMemAllocated=12.01GB
[2026-06-04 17:49:38,163] [INFO] [logging.py:96:log_dist] [Rank 0] step=1780, skipped=0, lr=[0.001], mom=[(0.9, 0.999)]
[2026-06-04 17:49:38,166] [INFO] [timer.py:258:stop] epoch=0/micro_step=1780/global_step=1780, RunningAvgSamplesPerSec=121.68293400323499, CurrSamplesPerSec=121.30693945373446, MemAllocated=0.13GB, MaxMemAllocated=12.01GB
[2026-06-04 17:49:48,740] [INFO] [logging.py:96:log_dist] [Rank 0] step=1790, skipped=0, lr=[0.001], mom=[(0.9, 0.999)]
[2026-06-04 17:49:48,743] [INFO] [timer.py:258:stop] epoch=0/micro_step=1790/global_step=1790, RunningAvgSamplesPerSec=121.68219887672292, CurrSamplesPerSec=121.34856137995413, MemAllocated=0.13GB, MaxMemAllocated=12.01GB
[2026-06-04 17:49:59,337] [INFO] [logging.py:96:log_dist] [Rank 0] step=1800, skipped=0, lr=[0.001], mom=[(0.9, 0.999)]
[2026-06-04 17:49:59,340] [INFO] [timer.py:258:stop] epoch=0/micro_step=1800/global_step=1800, RunningAvgSamplesPerSec=121.68040728430515, CurrSamplesPerSec=121.33887995139854, MemAllocated=0.13GB, MaxMemAllocated=12.01GB
Train Epoch: 3, Iteration: 400, Train Loss: 4.507248878479004
[2026-06-04 17:50:09,938] [INFO] [logging.py:96:log_dist] [Rank 0] step=1810, skipped=0, lr=[0.001], mom=[(0.9, 0.999)]
[2026-06-04 17:50:09,940] [INFO] [timer.py:258:stop] epoch=0/micro_step=1810/global_step=1810, RunningAvgSamplesPerSec=121.67842046232424, CurrSamplesPerSec=121.46029747960186, MemAllocated=0.13GB, MaxMemAllocated=12.01GB
[2026-06-04 17:50:20,532] [INFO] [logging.py:96:log_dist] [Rank 0] step=1820, skipped=0, lr=[0.001], mom=[(0.9, 0.999)]
[2026-06-04 17:50:20,536] [INFO] [timer.py:258:stop] epoch=0/micro_step=1820/global_step=1820, RunningAvgSamplesPerSec=121.6772542763388, CurrSamplesPerSec=121.30863886773072, MemAllocated=0.13GB, MaxMemAllocated=12.01GB
[2026-06-04 17:50:31,124] [INFO] [logging.py:96:log_dist] [Rank 0] step=1830, skipped=0, lr=[0.001], mom=[(0.9, 0.999)]
[2026-06-04 17:50:31,127] [INFO] [timer.py:258:stop] epoch=0/micro_step=1830/global_step=1830, RunningAvgSamplesPerSec=121.67589537488574, CurrSamplesPerSec=121.29731947545386, MemAllocated=0.13GB, MaxMemAllocated=12.01GB
[2026-06-04 17:50:41,723] [INFO] [logging.py:96:log_dist] [Rank 0] step=1840, skipped=0, lr=[0.001], mom=[(0.9, 0.999)]
[2026-06-04 17:50:41,726] [INFO] [timer.py:258:stop] epoch=0/micro_step=1840/global_step=1840, RunningAvgSamplesPerSec=121.67374083714637, CurrSamplesPerSec=121.19138146924239, MemAllocated=0.13GB, MaxMemAllocated=12.01GB
[2026-06-04 17:50:52,318] [INFO] [logging.py:96:log_dist] [Rank 0] step=1850, skipped=0, lr=[0.001], mom=[(0.9, 0.999)]
[2026-06-04 17:50:52,320] [INFO] [timer.py:258:stop] epoch=0/micro_step=1850/global_step=1850, RunningAvgSamplesPerSec=121.67199931821807, CurrSamplesPerSec=121.29252375996019, MemAllocated=0.13GB, MaxMemAllocated=12.01GB
[2026-06-04 17:51:02,915] [INFO] [logging.py:96:log_dist] [Rank 0] step=1860, skipped=0, lr=[0.001], mom=[(0.9, 0.999)]
[2026-06-04 17:51:02,918] [INFO] [timer.py:258:stop] epoch=0/micro_step=1860/global_step=1860, RunningAvgSamplesPerSec=121.66980829907689, CurrSamplesPerSec=121.37284030999339, MemAllocated=0.13GB, MaxMemAllocated=12.01GB
[2026-06-04 17:51:13,488] [INFO] [logging.py:96:log_dist] [Rank 0] step=1870, skipped=0, lr=[0.001], mom=[(0.9, 0.999)]
[2026-06-04 17:51:13,491] [INFO] [timer.py:258:stop] epoch=0/micro_step=1870/global_step=1870, RunningAvgSamplesPerSec=121.66879352493845, CurrSamplesPerSec=121.26079937986275, MemAllocated=0.13GB, MaxMemAllocated=12.01GB
[2026-06-04 17:51:24,069] [INFO] [logging.py:96:log_dist] [Rank 0] step=1880, skipped=0, lr=[0.001], mom=[(0.9, 0.999)]
[2026-06-04 17:51:24,072] [INFO] [timer.py:258:stop] epoch=0/micro_step=1880/global_step=1880, RunningAvgSamplesPerSec=121.66748968024858, CurrSamplesPerSec=121.20563631101304, MemAllocated=0.13GB, MaxMemAllocated=12.01GB
[2026-06-04 17:51:34,626] [INFO] [logging.py:96:log_dist] [Rank 0] step=1890, skipped=0, lr=[0.001], mom=[(0.9, 0.999)]
[2026-06-04 17:51:34,629] [INFO] [timer.py:258:stop] epoch=0/micro_step=1890/global_step=1890, RunningAvgSamplesPerSec=121.66701177251633, CurrSamplesPerSec=121.35429417205621, MemAllocated=0.13GB, MaxMemAllocated=12.01GB
[2026-06-04 17:51:45,202] [INFO] [logging.py:96:log_dist] [Rank 0] step=1900, skipped=0, lr=[0.001], mom=[(0.9, 0.999)]
[2026-06-04 17:51:45,204] [INFO] [timer.py:258:stop] epoch=0/micro_step=1900/global_step=1900, RunningAvgSamplesPerSec=121.66562671671022, CurrSamplesPerSec=121.26819477237773, MemAllocated=0.13GB, MaxMemAllocated=12.01GB
[2026-06-04 17:51:55,779] [INFO] [logging.py:96:log_dist] [Rank 0] step=1910, skipped=0, lr=[0.001], mom=[(0.9, 0.999)]
[2026-06-04 17:51:55,782] [INFO] [timer.py:258:stop] epoch=0/micro_step=1910/global_step=1910, RunningAvgSamplesPerSec=121.66425362374022, CurrSamplesPerSec=121.30337632090357, MemAllocated=0.13GB, MaxMemAllocated=12.01GB
[2026-06-04 17:52:06,374] [INFO] [logging.py:96:log_dist] [Rank 0] step=1920, skipped=0, lr=[0.001], mom=[(0.9, 0.999)]
[2026-06-04 17:52:06,378] [INFO] [timer.py:258:stop] epoch=0/micro_step=1920/global_step=1920, RunningAvgSamplesPerSec=121.66267444411572, CurrSamplesPerSec=121.42680997721513, MemAllocated=0.13GB, MaxMemAllocated=12.01GB
[2026-06-04 17:52:16,972] [INFO] [logging.py:96:log_dist] [Rank 0] step=1930, skipped=0, lr=[0.001], mom=[(0.9, 0.999)]
[2026-06-04 17:52:16,974] [INFO] [timer.py:258:stop] epoch=0/micro_step=1930/global_step=1930, RunningAvgSamplesPerSec=121.66089902174639, CurrSamplesPerSec=121.26918089286872, MemAllocated=0.13GB, MaxMemAllocated=12.01GB
[2026-06-04 17:52:27,578] [INFO] [logging.py:96:log_dist] [Rank 0] step=1940, skipped=0, lr=[0.001], mom=[(0.9, 0.999)]
[2026-06-04 17:52:27,580] [INFO] [timer.py:258:stop] epoch=0/micro_step=1940/global_step=1940, RunningAvgSamplesPerSec=121.65939074769211, CurrSamplesPerSec=121.40827479874058, MemAllocated=0.13GB, MaxMemAllocated=12.01GB
[2026-06-04 17:52:38,165] [INFO] [logging.py:96:log_dist] [Rank 0] step=1950, skipped=0, lr=[0.001], mom=[(0.9, 0.999)]
[2026-06-04 17:52:38,168] [INFO] [timer.py:258:stop] epoch=0/micro_step=1950/global_step=1950, RunningAvgSamplesPerSec=121.65824151142684, CurrSamplesPerSec=121.14049087008361, MemAllocated=0.13GB, MaxMemAllocated=12.01GB
[2026-06-04 17:52:48,762] [INFO] [logging.py:96:log_dist] [Rank 0] step=1960, skipped=0, lr=[0.001], mom=[(0.9, 0.999)]
[2026-06-04 17:52:48,764] [INFO] [timer.py:258:stop] epoch=0/micro_step=1960/global_step=1960, RunningAvgSamplesPerSec=121.65686014791645, CurrSamplesPerSec=121.10231681351692, MemAllocated=0.13GB, MaxMemAllocated=12.01GB
[2026-06-04 17:52:59,354] [INFO] [logging.py:96:log_dist] [Rank 0] step=1970, skipped=0, lr=[0.001], mom=[(0.9, 0.999)]
[2026-06-04 17:52:59,357] [INFO] [timer.py:258:stop] epoch=0/micro_step=1970/global_step=1970, RunningAvgSamplesPerSec=121.65569532194493, CurrSamplesPerSec=121.69034577661301, MemAllocated=0.13GB, MaxMemAllocated=12.01GB
[2026-06-04 17:53:09,931] [INFO] [logging.py:96:log_dist] [Rank 0] step=1980, skipped=0, lr=[0.001], mom=[(0.9, 0.999)]
[2026-06-04 17:53:09,934] [INFO] [timer.py:258:stop] epoch=0/micro_step=1980/global_step=1980, RunningAvgSamplesPerSec=121.65524639673703, CurrSamplesPerSec=121.23911143108067, MemAllocated=0.13GB, MaxMemAllocated=12.01GB
[2026-06-04 17:53:20,505] [INFO] [logging.py:96:log_dist] [Rank 0] step=1990, skipped=0, lr=[0.001], mom=[(0.9, 0.999)]
[2026-06-04 17:53:20,508] [INFO] [timer.py:258:stop] epoch=0/micro_step=1990/global_step=1990, RunningAvgSamplesPerSec=121.65509287302683, CurrSamplesPerSec=121.62498148001313, MemAllocated=0.13GB, MaxMemAllocated=12.01GB
[2026-06-04 17:53:31,067] [INFO] [logging.py:96:log_dist] [Rank 0] step=2000, skipped=0, lr=[0.001], mom=[(0.9, 0.999)]
[2026-06-04 17:53:31,070] [INFO] [timer.py:258:stop] epoch=0/micro_step=2000/global_step=2000, RunningAvgSamplesPerSec=121.65531824383115, CurrSamplesPerSec=121.33057106200624, MemAllocated=0.13GB, MaxMemAllocated=12.01GB
Train Epoch: 3, Iteration: 600, Train Loss: 4.129888534545898
[2026-06-04 17:53:41,645] [INFO] [logging.py:96:log_dist] [Rank 0] step=2010, skipped=0, lr=[0.001], mom=[(0.9, 0.999)]
[2026-06-04 17:53:41,649] [INFO] [timer.py:258:stop] epoch=0/micro_step=2010/global_step=2010, RunningAvgSamplesPerSec=121.65459277813659, CurrSamplesPerSec=121.22194730612583, MemAllocated=0.13GB, MaxMemAllocated=12.01GB
[2026-06-04 17:53:52,242] [INFO] [logging.py:96:log_dist] [Rank 0] step=2020, skipped=0, lr=[0.001], mom=[(0.9, 0.999)]
[2026-06-04 17:53:52,244] [INFO] [timer.py:258:stop] epoch=0/micro_step=2020/global_step=2020, RunningAvgSamplesPerSec=121.65313191316288, CurrSamplesPerSec=121.3257178808408, MemAllocated=0.13GB, MaxMemAllocated=12.01GB
[2026-06-04 17:54:02,825] [INFO] [logging.py:96:log_dist] [Rank 0] step=2030, skipped=0, lr=[0.001], mom=[(0.9, 0.999)]
[2026-06-04 17:54:02,828] [INFO] [timer.py:258:stop] epoch=0/micro_step=2030/global_step=2030, RunningAvgSamplesPerSec=121.65259280755137, CurrSamplesPerSec=122.07498980189992, MemAllocated=0.13GB, MaxMemAllocated=12.01GB
[2026-06-04 17:54:13,404] [INFO] [logging.py:96:log_dist] [Rank 0] step=2040, skipped=0, lr=[0.001], mom=[(0.9, 0.999)]
[2026-06-04 17:54:13,406] [INFO] [timer.py:258:stop] epoch=0/micro_step=2040/global_step=2040, RunningAvgSamplesPerSec=121.65187184015292, CurrSamplesPerSec=122.27088442463752, MemAllocated=0.13GB, MaxMemAllocated=12.01GB
[2026-06-04 17:54:23,972] [INFO] [logging.py:96:log_dist] [Rank 0] step=2050, skipped=0, lr=[0.001], mom=[(0.9, 0.999)]
[2026-06-04 17:54:23,975] [INFO] [timer.py:258:stop] epoch=0/micro_step=2050/global_step=2050, RunningAvgSamplesPerSec=121.65178036499607, CurrSamplesPerSec=121.31943948240863, MemAllocated=0.13GB, MaxMemAllocated=12.01GB
[2026-06-04 17:54:34,566] [INFO] [logging.py:96:log_dist] [Rank 0] step=2060, skipped=0, lr=[0.001], mom=[(0.9, 0.999)]
[2026-06-04 17:54:34,569] [INFO] [timer.py:258:stop] epoch=0/micro_step=2060/global_step=2060, RunningAvgSamplesPerSec=121.65065930816667, CurrSamplesPerSec=121.5242194662061, MemAllocated=0.13GB, MaxMemAllocated=12.01GB
[2026-06-04 17:54:45,147] [INFO] [logging.py:96:log_dist] [Rank 0] step=2070, skipped=0, lr=[0.001], mom=[(0.9, 0.999)]
[2026-06-04 17:54:45,149] [INFO] [timer.py:258:stop] epoch=0/micro_step=2070/global_step=2070, RunningAvgSamplesPerSec=121.64958227643473, CurrSamplesPerSec=121.57334073063446, MemAllocated=0.13GB, MaxMemAllocated=12.01GB
[2026-06-04 17:54:55,742] [INFO] [logging.py:96:log_dist] [Rank 0] step=2080, skipped=0, lr=[0.001], mom=[(0.9, 0.999)]
[2026-06-04 17:54:55,745] [INFO] [timer.py:258:stop] epoch=0/micro_step=2080/global_step=2080, RunningAvgSamplesPerSec=121.64800842841278, CurrSamplesPerSec=121.41198138173371, MemAllocated=0.13GB, MaxMemAllocated=12.01GB
[2026-06-04 17:55:06,316] [INFO] [logging.py:96:log_dist] [Rank 0] step=2090, skipped=0, lr=[0.001], mom=[(0.9, 0.999)]
[2026-06-04 17:55:06,319] [INFO] [timer.py:258:stop] epoch=0/micro_step=2090/global_step=2090, RunningAvgSamplesPerSec=121.64760396677404, CurrSamplesPerSec=121.26140193364706, MemAllocated=0.13GB, MaxMemAllocated=12.01GB
[2026-06-04 17:55:16,917] [INFO] [logging.py:96:log_dist] [Rank 0] step=2100, skipped=0, lr=[0.001], mom=[(0.9, 0.999)]
[2026-06-04 17:55:16,919] [INFO] [timer.py:258:stop] epoch=0/micro_step=2100/global_step=2100, RunningAvgSamplesPerSec=121.6458641704277, CurrSamplesPerSec=121.01660174454578, MemAllocated=0.13GB, MaxMemAllocated=12.01GB
[2026-06-04 17:55:27,511] [INFO] [logging.py:96:log_dist] [Rank 0] step=2110, skipped=0, lr=[0.001], mom=[(0.9, 0.999)]
[2026-06-04 17:55:27,515] [INFO] [timer.py:258:stop] epoch=0/micro_step=2110/global_step=2110, RunningAvgSamplesPerSec=121.64485344331926, CurrSamplesPerSec=121.38754956154314, MemAllocated=0.13GB, MaxMemAllocated=12.01GB
ZeRO stage 1
Epoch 3 train time: 745.41 s
Peak VRAM: 12296.8 MB
Epoch 3. Train Loss = 4.1672. Val Loss = 4.8208. Val Accuracy = 0.085.
===== ZeRO stage 2 =====
W0604 17:56:47.987000 2927154 torch/distributed/run.py:803]
W0604 17:56:47.987000 2927154 torch/distributed/run.py:803] *****************************************
W0604 17:56:47.987000 2927154 torch/distributed/run.py:803] Setting OMP_NUM_THREADS environment variable for each process to be 1 in default, to avoid your system being overloaded, please further tune the variable for optimal performance in your application as needed.
W0604 17:56:47.987000 2927154 torch/distributed/run.py:803] *****************************************
[2026-06-04 17:56:58,164] [INFO] [real_accelerator.py:203:get_accelerator] Setting ds_accelerator to cuda (auto detect)
[2026-06-04 17:56:58,188] [INFO] [real_accelerator.py:203:get_accelerator] Setting ds_accelerator to cuda (auto detect)
[93m [WARNING] [0m async_io requires the dev libaio .so object and headers but these were not found.
[93m [WARNING] [0m async_io requires the dev libaio .so object and headers but these were not found.
[93m [WARNING] [0m async_io: please install the libaio-dev package with apt
[93m [WARNING] [0m If libaio is already installed (perhaps from source), try setting the CFLAGS and LDFLAGS environment variables to where it can be found.
[93m [WARNING] [0m Please specify the CUTLASS repo directory as environment variable $CUTLASS_PATH
[93m [WARNING] [0m async_io: please install the libaio-dev package with apt
[93m [WARNING] [0m If libaio is already installed (perhaps from source), try setting the CFLAGS and LDFLAGS environment variables to where it can be found.
[93m [WARNING] [0m Please specify the CUTLASS repo directory as environment variable $CUTLASS_PATH
[93m [WARNING] [0m sparse_attn requires a torch version >= 1.5 and < 2.0 but detected 2.9
[93m [WARNING] [0m using untested triton version (3.5.1), only 1.0.0 is known to be compatible
[93m [WARNING] [0m sparse_attn requires a torch version >= 1.5 and < 2.0 but detected 2.9
[93m [WARNING] [0m using untested triton version (3.5.1), only 1.0.0 is known to be compatible
/ceph/home/student.aau.dk/yt84fi/.local/lib/python3.12/site-packages/deepspeed/runtime/zero/linear.py:47: FutureWarning: `torch.cuda.amp.custom_fwd(args...)` is deprecated. Please use `torch.amp.custom_fwd(args..., device_type='cuda')` instead.
  @autocast_custom_fwd
/ceph/home/student.aau.dk/yt84fi/.local/lib/python3.12/site-packages/deepspeed/runtime/zero/linear.py:47: FutureWarning: `torch.cuda.amp.custom_fwd(args...)` is deprecated. Please use `torch.amp.custom_fwd(args..., device_type='cuda')` instead.
  @autocast_custom_fwd
/ceph/home/student.aau.dk/yt84fi/.local/lib/python3.12/site-packages/deepspeed/runtime/zero/linear.py:66: FutureWarning: `torch.cuda.amp.custom_bwd(args...)` is deprecated. Please use `torch.amp.custom_bwd(args..., device_type='cuda')` instead.
  @autocast_custom_bwd
/ceph/home/student.aau.dk/yt84fi/.local/lib/python3.12/site-packages/deepspeed/runtime/zero/linear.py:66: FutureWarning: `torch.cuda.amp.custom_bwd(args...)` is deprecated. Please use `torch.amp.custom_bwd(args..., device_type='cuda')` instead.
  @autocast_custom_bwd
[2026-06-04 17:57:50,189] [INFO] [comm.py:637:init_distributed] cdb=None
[2026-06-04 17:57:50,197] [INFO] [comm.py:637:init_distributed] cdb=None
[2026-06-04 17:57:50,197] [INFO] [comm.py:668:init_distributed] Initializing TorchBackend in DeepSpeed with backend nccl
[2026-06-04 17:57:50,409] [INFO] [logging.py:96:log_dist] [Rank 0] DeepSpeed info: version=0.14.4, git-hash=unknown, git-branch=unknown
[2026-06-04 17:57:51,006] [INFO] [logging.py:96:log_dist] [Rank 0] DeepSpeed Flops Profiler Enabled: False
ninja: no work to do.
Time to load fused_adam op: 2.479764938354492 seconds
[2026-06-04 17:57:53,491] [INFO] [logging.py:96:log_dist] [Rank 0] Using DeepSpeed Optimizer param name adam as basic optimizer
[2026-06-04 17:57:53,492] [INFO] [logging.py:96:log_dist] [Rank 0] Removing param_group that has no 'params' in the basic Optimizer
[2026-06-04 17:57:53,493] [INFO] [logging.py:96:log_dist] [Rank 0] DeepSpeed Basic Optimizer = FusedAdam
[2026-06-04 17:57:53,493] [INFO] [utils.py:56:is_zero_supported_optimizer] Checking ZeRO support for optimizer=FusedAdam type=<class 'deepspeed.ops.adam.fused_adam.FusedAdam'>
[2026-06-04 17:57:53,493] [INFO] [logging.py:96:log_dist] [Rank 0] Creating torch.float32 ZeRO stage 2 optimizer
[2026-06-04 17:57:53,493] [INFO] [stage_1_and_2.py:148:__init__] Reduce bucket size 500,000,000
[2026-06-04 17:57:53,493] [INFO] [stage_1_and_2.py:149:__init__] Allgather bucket size 500,000,000
[2026-06-04 17:57:53,493] [INFO] [stage_1_and_2.py:150:__init__] CPU Offload: False
[2026-06-04 17:57:53,493] [INFO] [stage_1_and_2.py:151:__init__] Round robin gradient partitioning: False
Time to load fused_adam op: 2.541968584060669 seconds
[2026-06-04 17:57:53,961] [INFO] [utils.py:781:see_memory_usage] Before initializing optimizer states
[2026-06-04 17:57:53,962] [INFO] [utils.py:782:see_memory_usage] MA 0.06 GB         Max_MA 0.06 GB         CA 0.07 GB         Max_CA 0 GB
[2026-06-04 17:57:53,962] [INFO] [utils.py:789:see_memory_usage] CPU Virtual Memory:  used = 24.16 GB, percent = 4.8%
[2026-06-04 17:57:54,247] [INFO] [utils.py:781:see_memory_usage] After initializing optimizer states
[2026-06-04 17:57:54,248] [INFO] [utils.py:782:see_memory_usage] MA 0.06 GB         Max_MA 0.09 GB         CA 0.09 GB         Max_CA 0 GB
[2026-06-04 17:57:54,249] [INFO] [utils.py:789:see_memory_usage] CPU Virtual Memory:  used = 24.14 GB, percent = 4.8%
[2026-06-04 17:57:54,249] [INFO] [stage_1_and_2.py:543:__init__] optimizer state initialized
[2026-06-04 17:57:54,479] [INFO] [utils.py:781:see_memory_usage] After initializing ZeRO optimizer
[2026-06-04 17:57:54,480] [INFO] [utils.py:782:see_memory_usage] MA 0.06 GB         Max_MA 0.06 GB         CA 0.09 GB         Max_CA 0 GB
[2026-06-04 17:57:54,480] [INFO] [utils.py:789:see_memory_usage] CPU Virtual Memory:  used = 24.17 GB, percent = 4.8%
[2026-06-04 17:57:54,482] [INFO] [logging.py:96:log_dist] [Rank 0] DeepSpeed Final Optimizer = DeepSpeedZeroOptimizer
[2026-06-04 17:57:54,482] [INFO] [logging.py:96:log_dist] [Rank 0] DeepSpeed using client LR scheduler
[2026-06-04 17:57:54,482] [INFO] [logging.py:96:log_dist] [Rank 0] DeepSpeed LR Scheduler = None
[2026-06-04 17:57:54,482] [INFO] [logging.py:96:log_dist] [Rank 0] step=0, skipped=0, lr=[0.001], mom=[(0.9, 0.999)]
[2026-06-04 17:57:54,482] [INFO] [config.py:997:print] DeepSpeedEngine configuration:
[2026-06-04 17:57:54,483] [INFO] [config.py:1001:print]   activation_checkpointing_config  {
    "partition_activations": false,
    "contiguous_memory_optimization": false,
    "cpu_checkpointing": false,
    "number_checkpoints": null,
    "synchronize_checkpoint_boundary": false,
    "profile": false
}
[2026-06-04 17:57:54,483] [INFO] [config.py:1001:print]   aio_config ................... {'block_size': 1048576, 'queue_depth': 8, 'thread_count': 1, 'single_submit': False, 'overlap_events': True}
[2026-06-04 17:57:54,483] [INFO] [config.py:1001:print]   amp_enabled .................. False
[2026-06-04 17:57:54,483] [INFO] [config.py:1001:print]   amp_params ................... False
[2026-06-04 17:57:54,483] [INFO] [config.py:1001:print]   autotuning_config ............ {
    "enabled": false,
    "start_step": null,
    "end_step": null,
    "metric_path": null,
    "arg_mappings": null,
    "metric": "throughput",
    "model_info": null,
    "results_dir": "autotuning_results",
    "exps_dir": "autotuning_exps",
    "overwrite": true,
    "fast": true,
    "start_profile_step": 3,
    "end_profile_step": 5,
    "tuner_type": "gridsearch",
    "tuner_early_stopping": 5,
    "tuner_num_trials": 50,
    "model_info_path": null,
    "mp_size": 1,
    "max_train_batch_size": null,
    "min_train_batch_size": 1,
    "max_train_micro_batch_size_per_gpu": 1.024000e+03,
    "min_train_micro_batch_size_per_gpu": 1,
    "num_tuning_micro_batch_sizes": 3
}
[2026-06-04 17:57:54,483] [INFO] [config.py:1001:print]   bfloat16_enabled ............. False
[2026-06-04 17:57:54,483] [INFO] [config.py:1001:print]   bfloat16_immediate_grad_update  False
[2026-06-04 17:57:54,483] [INFO] [config.py:1001:print]   checkpoint_parallel_write_pipeline  False
[2026-06-04 17:57:54,483] [INFO] [config.py:1001:print]   checkpoint_tag_validation_enabled  True
[2026-06-04 17:57:54,484] [INFO] [config.py:1001:print]   checkpoint_tag_validation_fail  False
[2026-06-04 17:57:54,484] [INFO] [config.py:1001:print]   comms_config ................. <deepspeed.comm.config.DeepSpeedCommsConfig object at 0x7f72f3132d50>
[2026-06-04 17:57:54,484] [INFO] [config.py:1001:print]   communication_data_type ...... None
[2026-06-04 17:57:54,484] [INFO] [config.py:1001:print]   compression_config ........... {'weight_quantization': {'shared_parameters': {'enabled': False, 'quantizer_kernel': False, 'schedule_offset': 0, 'quantize_groups': 1, 'quantize_verbose': False, 'quantization_type': 'symmetric', 'quantize_weight_in_forward': False, 'rounding': 'nearest', 'fp16_mixed_quantize': False, 'quantize_change_ratio': 0.001}, 'different_groups': {}}, 'activation_quantization': {'shared_parameters': {'enabled': False, 'quantization_type': 'symmetric', 'range_calibration': 'dynamic', 'schedule_offset': 1000}, 'different_groups': {}}, 'sparse_pruning': {'shared_parameters': {'enabled': False, 'method': 'l1', 'schedule_offset': 1000}, 'different_groups': {}}, 'row_pruning': {'shared_parameters': {'enabled': False, 'method': 'l1', 'schedule_offset': 1000}, 'different_groups': {}}, 'head_pruning': {'shared_parameters': {'enabled': False, 'method': 'topk', 'schedule_offset': 1000}, 'different_groups': {}}, 'channel_pruning': {'shared_parameters': {'enabled': False, 'method': 'l1', 'schedule_offset': 1000}, 'different_groups': {}}, 'layer_reduction': {'enabled': False}}
[2026-06-04 17:57:54,484] [INFO] [config.py:1001:print]   curriculum_enabled_legacy .... False
[2026-06-04 17:57:54,484] [INFO] [config.py:1001:print]   curriculum_params_legacy ..... False
[2026-06-04 17:57:54,484] [INFO] [config.py:1001:print]   data_efficiency_config ....... {'enabled': False, 'seed': 1234, 'data_sampling': {'enabled': False, 'num_epochs': 1000, 'num_workers': 0, 'curriculum_learning': {'enabled': False}}, 'data_routing': {'enabled': False, 'random_ltd': {'enabled': False, 'layer_token_lr_schedule': {'enabled': False}}}}
[2026-06-04 17:57:54,484] [INFO] [config.py:1001:print]   data_efficiency_enabled ...... False
[2026-06-04 17:57:54,484] [INFO] [config.py:1001:print]   dataloader_drop_last ......... False
[2026-06-04 17:57:54,484] [INFO] [config.py:1001:print]   disable_allgather ............ False
[2026-06-04 17:57:54,484] [INFO] [config.py:1001:print]   dump_state ................... False
[2026-06-04 17:57:54,484] [INFO] [config.py:1001:print]   dynamic_loss_scale_args ...... None
[2026-06-04 17:57:54,484] [INFO] [config.py:1001:print]   eigenvalue_enabled ........... False
[2026-06-04 17:57:54,484] [INFO] [config.py:1001:print]   eigenvalue_gas_boundary_resolution  1
[2026-06-04 17:57:54,484] [INFO] [config.py:1001:print]   eigenvalue_layer_name ........ bert.encoder.layer
[2026-06-04 17:57:54,484] [INFO] [config.py:1001:print]   eigenvalue_layer_num ......... 0
[2026-06-04 17:57:54,484] [INFO] [config.py:1001:print]   eigenvalue_max_iter .......... 100
[2026-06-04 17:57:54,484] [INFO] [config.py:1001:print]   eigenvalue_stability ......... 1e-06
[2026-06-04 17:57:54,484] [INFO] [config.py:1001:print]   eigenvalue_tol ............... 0.01
[2026-06-04 17:57:54,484] [INFO] [config.py:1001:print]   eigenvalue_verbose ........... False
[2026-06-04 17:57:54,484] [INFO] [config.py:1001:print]   elasticity_enabled ........... False
[2026-06-04 17:57:54,484] [INFO] [config.py:1001:print]   flops_profiler_config ........ {
    "enabled": false,
    "recompute_fwd_factor": 0.0,
    "profile_step": 1,
    "module_depth": -1,
    "top_modules": 1,
    "detailed": true,
    "output_file": null
}
[2026-06-04 17:57:54,484] [INFO] [config.py:1001:print]   fp16_auto_cast ............... None
[2026-06-04 17:57:54,484] [INFO] [config.py:1001:print]   fp16_enabled ................. False
[2026-06-04 17:57:54,484] [INFO] [config.py:1001:print]   fp16_master_weights_and_gradients  False
[2026-06-04 17:57:54,484] [INFO] [config.py:1001:print]   global_rank .................. 0
[2026-06-04 17:57:54,484] [INFO] [config.py:1001:print]   grad_accum_dtype ............. None
[2026-06-04 17:57:54,484] [INFO] [config.py:1001:print]   gradient_accumulation_steps .. 1
[2026-06-04 17:57:54,484] [INFO] [config.py:1001:print]   gradient_clipping ............ 0.0
[2026-06-04 17:57:54,485] [INFO] [config.py:1001:print]   gradient_predivide_factor .... 1.0
[2026-06-04 17:57:54,485] [INFO] [config.py:1001:print]   graph_harvesting ............. False
[2026-06-04 17:57:54,485] [INFO] [config.py:1001:print]   hybrid_engine ................ enabled=False max_out_tokens=512 inference_tp_size=1 release_inference_cache=False pin_parameters=True tp_gather_partition_size=8
[2026-06-04 17:57:54,485] [INFO] [config.py:1001:print]   initial_dynamic_scale ........ 65536
[2026-06-04 17:57:54,485] [INFO] [config.py:1001:print]   load_universal_checkpoint .... False
[2026-06-04 17:57:54,485] [INFO] [config.py:1001:print]   loss_scale ................... 0
[2026-06-04 17:57:54,485] [INFO] [config.py:1001:print]   memory_breakdown ............. False
[2026-06-04 17:57:54,485] [INFO] [config.py:1001:print]   mics_hierarchial_params_gather  False
[2026-06-04 17:57:54,485] [INFO] [config.py:1001:print]   mics_shard_size .............. -1
[2026-06-04 17:57:54,485] [INFO] [config.py:1001:print]   monitor_config ............... tensorboard=TensorBoardConfig(enabled=False, output_path='', job_name='DeepSpeedJobName') comet=CometConfig(enabled=False, samples_log_interval=100, project=None, workspace=None, api_key=None, experiment_name=None, experiment_key=None, online=None, mode=None) wandb=WandbConfig(enabled=False, group=None, team=None, project='deepspeed') csv_monitor=CSVConfig(enabled=False, output_path='', job_name='DeepSpeedJobName') enabled=False
[2026-06-04 17:57:54,485] [INFO] [config.py:1001:print]   nebula_config ................ {
    "enabled": false,
    "persistent_storage_path": null,
    "persistent_time_interval": 100,
    "num_of_version_in_retention": 2,
    "enable_nebula_load": true,
    "load_path": null
}
[2026-06-04 17:57:54,485] [INFO] [config.py:1001:print]   optimizer_legacy_fusion ...... False
[2026-06-04 17:57:54,485] [INFO] [config.py:1001:print]   optimizer_name ............... adam
[2026-06-04 17:57:54,485] [INFO] [config.py:1001:print]   optimizer_params ............. {'lr': 0.001}
[2026-06-04 17:57:54,485] [INFO] [config.py:1001:print]   pipeline ..................... {'stages': 'auto', 'partition': 'best', 'seed_layers': False, 'activation_checkpoint_interval': 0, 'pipe_partitioned': True, 'grad_partitioned': True}
[2026-06-04 17:57:54,485] [INFO] [config.py:1001:print]   pld_enabled .................. False
[2026-06-04 17:57:54,485] [INFO] [config.py:1001:print]   pld_params ................... False
[2026-06-04 17:57:54,485] [INFO] [config.py:1001:print]   prescale_gradients ........... False
[2026-06-04 17:57:54,485] [INFO] [config.py:1001:print]   scheduler_name ............... None
[2026-06-04 17:57:54,485] [INFO] [config.py:1001:print]   scheduler_params ............. None
[2026-06-04 17:57:54,485] [INFO] [config.py:1001:print]   seq_parallel_communication_data_type  torch.float32
[2026-06-04 17:57:54,485] [INFO] [config.py:1001:print]   sparse_attention ............. None
[2026-06-04 17:57:54,485] [INFO] [config.py:1001:print]   sparse_gradients_enabled ..... False
[2026-06-04 17:57:54,485] [INFO] [config.py:1001:print]   steps_per_print .............. 10
[2026-06-04 17:57:54,485] [INFO] [config.py:1001:print]   timers_config ................ enabled=True synchronized=True
[2026-06-04 17:57:54,485] [INFO] [config.py:1001:print]   train_batch_size ............. 128
[2026-06-04 17:57:54,485] [INFO] [config.py:1001:print]   train_micro_batch_size_per_gpu  64
[2026-06-04 17:57:54,486] [INFO] [config.py:1001:print]   use_data_before_expert_parallel_  False
[2026-06-04 17:57:54,486] [INFO] [config.py:1001:print]   use_node_local_storage ....... False
[2026-06-04 17:57:54,486] [INFO] [config.py:1001:print]   wall_clock_breakdown ......... False
[2026-06-04 17:57:54,486] [INFO] [config.py:1001:print]   weight_quantization_config ... None
[2026-06-04 17:57:54,486] [INFO] [config.py:1001:print]   world_size ................... 2
[2026-06-04 17:57:54,486] [INFO] [config.py:1001:print]   zero_allow_untested_optimizer  False
[2026-06-04 17:57:54,486] [INFO] [config.py:1001:print]   zero_config .................. stage=2 contiguous_gradients=True reduce_scatter=True reduce_bucket_size=500,000,000 use_multi_rank_bucket_allreduce=True allgather_partitions=True allgather_bucket_size=500,000,000 overlap_comm=False load_from_fp32_weights=True elastic_checkpoint=False offload_param=None offload_optimizer=None sub_group_size=1,000,000,000 cpu_offload_param=None cpu_offload_use_pin_memory=None cpu_offload=None prefetch_bucket_size=50,000,000 param_persistence_threshold=100,000 model_persistence_threshold=sys.maxsize max_live_parameters=1,000,000,000 max_reuse_distance=1,000,000,000 gather_16bit_weights_on_model_save=False use_all_reduce_for_fetch_params=False stage3_gather_fp16_weights_on_model_save=False ignore_unused_parameters=True legacy_stage1=False round_robin_gradients=False zero_hpz_partition_size=1 zero_quantized_weights=False zero_quantized_nontrainable_weights=False zero_quantized_gradients=False mics_shard_size=-1 mics_hierarchical_params_gather=False memory_efficient_linear=True pipeline_loading_checkpoint=False override_module_apply=True
[2026-06-04 17:57:54,486] [INFO] [config.py:1001:print]   zero_enabled ................. True
[2026-06-04 17:57:54,486] [INFO] [config.py:1001:print]   zero_force_ds_cpu_optimizer .. True
[2026-06-04 17:57:54,486] [INFO] [config.py:1001:print]   zero_optimization_stage ...... 2
[2026-06-04 17:57:54,486] [INFO] [config.py:987:print_user_config]   json = {
    "train_micro_batch_size_per_gpu": 64,
    "gradient_accumulation_steps": 1,
    "optimizer": {
        "type": "Adam",
        "params": {
            "lr": 0.001
        }
    },
    "zero_optimization": {
        "stage": 2
    },
    "fp16": {
        "enabled": false
    }
}
Rank 1 num_batches = 704
Rank 0 num_batches = 704
Train Epoch: 1, Iteration: 0, Train Loss: 5.384698390960693
[2026-06-04 17:58:07,150] [INFO] [logging.py:96:log_dist] [Rank 0] step=10, skipped=0, lr=[0.001], mom=[(0.9, 0.999)]
[2026-06-04 17:58:07,152] [INFO] [timer.py:258:stop] epoch=0/micro_step=10/global_step=10, RunningAvgSamplesPerSec=125.88108405570428, CurrSamplesPerSec=125.73987415962966, MemAllocated=0.13GB, MaxMemAllocated=12.01GB
[2026-06-04 17:58:17,350] [INFO] [logging.py:96:log_dist] [Rank 0] step=20, skipped=0, lr=[0.001], mom=[(0.9, 0.999)]
[2026-06-04 17:58:17,353] [INFO] [timer.py:258:stop] epoch=0/micro_step=20/global_step=20, RunningAvgSamplesPerSec=125.85847222781345, CurrSamplesPerSec=125.86601447549313, MemAllocated=0.13GB, MaxMemAllocated=12.01GB
[2026-06-04 17:58:27,581] [INFO] [logging.py:96:log_dist] [Rank 0] step=30, skipped=0, lr=[0.001], mom=[(0.9, 0.999)]
[2026-06-04 17:58:27,584] [INFO] [timer.py:258:stop] epoch=0/micro_step=30/global_step=30, RunningAvgSamplesPerSec=125.7224667269498, CurrSamplesPerSec=124.65167778082451, MemAllocated=0.13GB, MaxMemAllocated=12.01GB
[2026-06-04 17:58:37,869] [INFO] [logging.py:96:log_dist] [Rank 0] step=40, skipped=0, lr=[0.001], mom=[(0.9, 0.999)]
[2026-06-04 17:58:37,872] [INFO] [timer.py:258:stop] epoch=0/micro_step=40/global_step=40, RunningAvgSamplesPerSec=125.48482693978261, CurrSamplesPerSec=124.66507930094606, MemAllocated=0.13GB, MaxMemAllocated=12.01GB
[2026-06-04 17:58:48,193] [INFO] [logging.py:96:log_dist] [Rank 0] step=50, skipped=0, lr=[0.001], mom=[(0.9, 0.999)]
[2026-06-04 17:58:48,196] [INFO] [timer.py:258:stop] epoch=0/micro_step=50/global_step=50, RunningAvgSamplesPerSec=125.24611645141115, CurrSamplesPerSec=124.15614504462023, MemAllocated=0.13GB, MaxMemAllocated=12.01GB
[2026-06-04 17:58:58,537] [INFO] [logging.py:96:log_dist] [Rank 0] step=60, skipped=0, lr=[0.001], mom=[(0.9, 0.999)]
[2026-06-04 17:58:58,540] [INFO] [timer.py:258:stop] epoch=0/micro_step=60/global_step=60, RunningAvgSamplesPerSec=125.04506855559865, CurrSamplesPerSec=123.85756876728396, MemAllocated=0.13GB, MaxMemAllocated=12.01GB
[2026-06-04 17:59:08,934] [INFO] [logging.py:96:log_dist] [Rank 0] step=70, skipped=0, lr=[0.001], mom=[(0.9, 0.999)]
[2026-06-04 17:59:08,937] [INFO] [timer.py:258:stop] epoch=0/micro_step=70/global_step=70, RunningAvgSamplesPerSec=124.80787028098516, CurrSamplesPerSec=123.12214497781663, MemAllocated=0.13GB, MaxMemAllocated=12.01GB
[2026-06-04 17:59:19,332] [INFO] [logging.py:96:log_dist] [Rank 0] step=80, skipped=0, lr=[0.001], mom=[(0.9, 0.999)]
[2026-06-04 17:59:19,335] [INFO] [timer.py:258:stop] epoch=0/micro_step=80/global_step=80, RunningAvgSamplesPerSec=124.62739102005553, CurrSamplesPerSec=123.48178907183308, MemAllocated=0.13GB, MaxMemAllocated=12.01GB
[2026-06-04 17:59:29,729] [INFO] [logging.py:96:log_dist] [Rank 0] step=90, skipped=0, lr=[0.001], mom=[(0.9, 0.999)]
[2026-06-04 17:59:29,732] [INFO] [timer.py:258:stop] epoch=0/micro_step=90/global_step=90, RunningAvgSamplesPerSec=124.49012022598755, CurrSamplesPerSec=123.38660503667096, MemAllocated=0.13GB, MaxMemAllocated=12.01GB
[2026-06-04 17:59:40,129] [INFO] [logging.py:96:log_dist] [Rank 0] step=100, skipped=0, lr=[0.001], mom=[(0.9, 0.999)]
[2026-06-04 17:59:40,131] [INFO] [timer.py:258:stop] epoch=0/micro_step=100/global_step=100, RunningAvgSamplesPerSec=124.38140179114649, CurrSamplesPerSec=123.27486480131672, MemAllocated=0.13GB, MaxMemAllocated=12.01GB
[2026-06-04 17:59:50,524] [INFO] [logging.py:96:log_dist] [Rank 0] step=110, skipped=0, lr=[0.001], mom=[(0.9, 0.999)]
[2026-06-04 17:59:50,527] [INFO] [timer.py:258:stop] epoch=0/micro_step=110/global_step=110, RunningAvgSamplesPerSec=124.29595342136142, CurrSamplesPerSec=123.52903825972231, MemAllocated=0.13GB, MaxMemAllocated=12.01GB
[2026-06-04 18:00:00,959] [INFO] [logging.py:96:log_dist] [Rank 0] step=120, skipped=0, lr=[0.001], mom=[(0.9, 0.999)]
[2026-06-04 18:00:00,961] [INFO] [timer.py:258:stop] epoch=0/micro_step=120/global_step=120, RunningAvgSamplesPerSec=124.18378766952183, CurrSamplesPerSec=121.68276090909131, MemAllocated=0.13GB, MaxMemAllocated=12.01GB
[2026-06-04 18:00:11,400] [INFO] [logging.py:96:log_dist] [Rank 0] step=130, skipped=0, lr=[0.001], mom=[(0.9, 0.999)]
[2026-06-04 18:00:11,403] [INFO] [timer.py:258:stop] epoch=0/micro_step=130/global_step=130, RunningAvgSamplesPerSec=124.08267139545138, CurrSamplesPerSec=123.35683696760564, MemAllocated=0.13GB, MaxMemAllocated=12.01GB
[2026-06-04 18:00:21,871] [INFO] [logging.py:96:log_dist] [Rank 0] step=140, skipped=0, lr=[0.001], mom=[(0.9, 0.999)]
[2026-06-04 18:00:21,874] [INFO] [timer.py:258:stop] epoch=0/micro_step=140/global_step=140, RunningAvgSamplesPerSec=123.97147793715573, CurrSamplesPerSec=121.71478927282979, MemAllocated=0.13GB, MaxMemAllocated=12.01GB
[2026-06-04 18:00:32,354] [INFO] [logging.py:96:log_dist] [Rank 0] step=150, skipped=0, lr=[0.001], mom=[(0.9, 0.999)]
[2026-06-04 18:00:32,357] [INFO] [timer.py:258:stop] epoch=0/micro_step=150/global_step=150, RunningAvgSamplesPerSec=123.86553358645345, CurrSamplesPerSec=122.70446049966208, MemAllocated=0.13GB, MaxMemAllocated=12.01GB
[2026-06-04 18:00:42,853] [INFO] [logging.py:96:log_dist] [Rank 0] step=160, skipped=0, lr=[0.001], mom=[(0.9, 0.999)]
[2026-06-04 18:00:42,856] [INFO] [timer.py:258:stop] epoch=0/micro_step=160/global_step=160, RunningAvgSamplesPerSec=123.75984396551699, CurrSamplesPerSec=122.73528937058006, MemAllocated=0.13GB, MaxMemAllocated=12.01GB
[2026-06-04 18:00:53,362] [INFO] [logging.py:96:log_dist] [Rank 0] step=170, skipped=0, lr=[0.001], mom=[(0.9, 0.999)]
[2026-06-04 18:00:53,365] [INFO] [timer.py:258:stop] epoch=0/micro_step=170/global_step=170, RunningAvgSamplesPerSec=123.65970744650332, CurrSamplesPerSec=121.58595079635299, MemAllocated=0.13GB, MaxMemAllocated=12.01GB
[2026-06-04 18:01:03,866] [INFO] [logging.py:96:log_dist] [Rank 0] step=180, skipped=0, lr=[0.001], mom=[(0.9, 0.999)]
[2026-06-04 18:01:03,869] [INFO] [timer.py:258:stop] epoch=0/micro_step=180/global_step=180, RunningAvgSamplesPerSec=123.57496020962988, CurrSamplesPerSec=122.48733069241602, MemAllocated=0.13GB, MaxMemAllocated=12.01GB
[2026-06-04 18:01:14,378] [INFO] [logging.py:96:log_dist] [Rank 0] step=190, skipped=0, lr=[0.001], mom=[(0.9, 0.999)]
[2026-06-04 18:01:14,381] [INFO] [timer.py:258:stop] epoch=0/micro_step=190/global_step=190, RunningAvgSamplesPerSec=123.49322899758279, CurrSamplesPerSec=121.46145160294138, MemAllocated=0.13GB, MaxMemAllocated=12.01GB
[2026-06-04 18:01:24,899] [INFO] [logging.py:96:log_dist] [Rank 0] step=200, skipped=0, lr=[0.001], mom=[(0.9, 0.999)]
[2026-06-04 18:01:24,902] [INFO] [timer.py:258:stop] epoch=0/micro_step=200/global_step=200, RunningAvgSamplesPerSec=123.41525923486027, CurrSamplesPerSec=122.43319617670286, MemAllocated=0.13GB, MaxMemAllocated=12.01GB
Train Epoch: 1, Iteration: 200, Train Loss: 4.934690475463867
[2026-06-04 18:01:35,434] [INFO] [logging.py:96:log_dist] [Rank 0] step=210, skipped=0, lr=[0.001], mom=[(0.9, 0.999)]
[2026-06-04 18:01:35,437] [INFO] [timer.py:258:stop] epoch=0/micro_step=210/global_step=210, RunningAvgSamplesPerSec=123.33710227968616, CurrSamplesPerSec=121.77759833126844, MemAllocated=0.13GB, MaxMemAllocated=12.01GB
[2026-06-04 18:01:45,986] [INFO] [logging.py:96:log_dist] [Rank 0] step=220, skipped=0, lr=[0.001], mom=[(0.9, 0.999)]
[2026-06-04 18:01:45,989] [INFO] [timer.py:258:stop] epoch=0/micro_step=220/global_step=220, RunningAvgSamplesPerSec=123.25735130128128, CurrSamplesPerSec=121.23812579955671, MemAllocated=0.13GB, MaxMemAllocated=12.01GB
[2026-06-04 18:01:56,530] [INFO] [logging.py:96:log_dist] [Rank 0] step=230, skipped=0, lr=[0.001], mom=[(0.9, 0.999)]
[2026-06-04 18:01:56,533] [INFO] [timer.py:258:stop] epoch=0/micro_step=230/global_step=230, RunningAvgSamplesPerSec=123.18720748721623, CurrSamplesPerSec=122.47294043144565, MemAllocated=0.13GB, MaxMemAllocated=12.01GB
[2026-06-04 18:02:07,080] [INFO] [logging.py:96:log_dist] [Rank 0] step=240, skipped=0, lr=[0.001], mom=[(0.9, 0.999)]
[2026-06-04 18:02:07,083] [INFO] [timer.py:258:stop] epoch=0/micro_step=240/global_step=240, RunningAvgSamplesPerSec=123.12118864058807, CurrSamplesPerSec=121.02295796224979, MemAllocated=0.13GB, MaxMemAllocated=12.01GB
[2026-06-04 18:02:17,639] [INFO] [logging.py:96:log_dist] [Rank 0] step=250, skipped=0, lr=[0.001], mom=[(0.9, 0.999)]
[2026-06-04 18:02:17,642] [INFO] [timer.py:258:stop] epoch=0/micro_step=250/global_step=250, RunningAvgSamplesPerSec=123.05594496267392, CurrSamplesPerSec=121.20982311076614, MemAllocated=0.13GB, MaxMemAllocated=12.01GB
[2026-06-04 18:03:35,669] [INFO] [logging.py:96:log_dist] [Rank 0] step=260, skipped=0, lr=[0.001], mom=[(0.9, 0.999)]
[2026-06-04 18:03:35,672] [INFO] [timer.py:258:stop] epoch=0/micro_step=260/global_step=260, RunningAvgSamplesPerSec=123.10711193393439, CurrSamplesPerSec=124.12821435276426, MemAllocated=0.13GB, MaxMemAllocated=12.01GB
[2026-06-04 18:03:46,069] [INFO] [logging.py:96:log_dist] [Rank 0] step=270, skipped=0, lr=[0.001], mom=[(0.9, 0.999)]
[2026-06-04 18:03:46,072] [INFO] [timer.py:258:stop] epoch=0/micro_step=270/global_step=270, RunningAvgSamplesPerSec=123.12018987973744, CurrSamplesPerSec=123.60315275336393, MemAllocated=0.13GB, MaxMemAllocated=12.01GB
[2026-06-04 18:03:56,491] [INFO] [logging.py:96:log_dist] [Rank 0] step=280, skipped=0, lr=[0.001], mom=[(0.9, 0.999)]
[2026-06-04 18:03:56,493] [INFO] [timer.py:258:stop] epoch=0/micro_step=280/global_step=280, RunningAvgSamplesPerSec=123.12239686742146, CurrSamplesPerSec=122.90449238083639, MemAllocated=0.13GB, MaxMemAllocated=12.01GB
[2026-06-04 18:04:06,985] [INFO] [logging.py:96:log_dist] [Rank 0] step=290, skipped=0, lr=[0.001], mom=[(0.9, 0.999)]
[2026-06-04 18:04:06,988] [INFO] [timer.py:258:stop] epoch=0/micro_step=290/global_step=290, RunningAvgSamplesPerSec=123.09563869292971, CurrSamplesPerSec=122.27868204271354, MemAllocated=0.13GB, MaxMemAllocated=12.01GB
[2026-06-04 18:04:17,548] [INFO] [logging.py:96:log_dist] [Rank 0] step=300, skipped=0, lr=[0.001], mom=[(0.9, 0.999)]
[2026-06-04 18:04:17,550] [INFO] [timer.py:258:stop] epoch=0/micro_step=300/global_step=300, RunningAvgSamplesPerSec=123.0435865215153, CurrSamplesPerSec=122.16982822023346, MemAllocated=0.13GB, MaxMemAllocated=12.01GB
[2026-06-04 18:04:28,139] [INFO] [logging.py:96:log_dist] [Rank 0] step=310, skipped=0, lr=[0.001], mom=[(0.9, 0.999)]
[2026-06-04 18:04:28,142] [INFO] [timer.py:258:stop] epoch=0/micro_step=310/global_step=310, RunningAvgSamplesPerSec=122.98339300073685, CurrSamplesPerSec=121.20109409723884, MemAllocated=0.13GB, MaxMemAllocated=12.01GB
[2026-06-04 18:04:38,743] [INFO] [logging.py:96:log_dist] [Rank 0] step=320, skipped=0, lr=[0.001], mom=[(0.9, 0.999)]
[2026-06-04 18:04:38,746] [INFO] [timer.py:258:stop] epoch=0/micro_step=320/global_step=320, RunningAvgSamplesPerSec=122.92154166293658, CurrSamplesPerSec=120.70447026437488, MemAllocated=0.13GB, MaxMemAllocated=12.01GB
[2026-06-04 18:04:49,344] [INFO] [logging.py:96:log_dist] [Rank 0] step=330, skipped=0, lr=[0.001], mom=[(0.9, 0.999)]
[2026-06-04 18:04:49,347] [INFO] [timer.py:258:stop] epoch=0/micro_step=330/global_step=330, RunningAvgSamplesPerSec=122.86653240227206, CurrSamplesPerSec=120.99830065819069, MemAllocated=0.13GB, MaxMemAllocated=12.01GB
[2026-06-04 18:04:59,958] [INFO] [logging.py:96:log_dist] [Rank 0] step=340, skipped=0, lr=[0.001], mom=[(0.9, 0.999)]
[2026-06-04 18:04:59,960] [INFO] [timer.py:258:stop] epoch=0/micro_step=340/global_step=340, RunningAvgSamplesPerSec=122.81100722215605, CurrSamplesPerSec=120.63156754711436, MemAllocated=0.13GB, MaxMemAllocated=12.01GB
[2026-06-04 18:05:10,554] [INFO] [logging.py:96:log_dist] [Rank 0] step=350, skipped=0, lr=[0.001], mom=[(0.9, 0.999)]
[2026-06-04 18:05:10,557] [INFO] [timer.py:258:stop] epoch=0/micro_step=350/global_step=350, RunningAvgSamplesPerSec=122.76519668968535, CurrSamplesPerSec=121.04246726276567, MemAllocated=0.13GB, MaxMemAllocated=12.01GB
[2026-06-04 18:05:21,147] [INFO] [logging.py:96:log_dist] [Rank 0] step=360, skipped=0, lr=[0.001], mom=[(0.9, 0.999)]
[2026-06-04 18:05:21,149] [INFO] [timer.py:258:stop] epoch=0/micro_step=360/global_step=360, RunningAvgSamplesPerSec=122.72286120968238, CurrSamplesPerSec=121.36666677969818, MemAllocated=0.13GB, MaxMemAllocated=12.01GB
[2026-06-04 18:05:31,742] [INFO] [logging.py:96:log_dist] [Rank 0] step=370, skipped=0, lr=[0.001], mom=[(0.9, 0.999)]
[2026-06-04 18:05:31,745] [INFO] [timer.py:258:stop] epoch=0/micro_step=370/global_step=370, RunningAvgSamplesPerSec=122.68130749016628, CurrSamplesPerSec=120.82192889416402, MemAllocated=0.13GB, MaxMemAllocated=12.01GB
[2026-06-04 18:05:42,334] [INFO] [logging.py:96:log_dist] [Rank 0] step=380, skipped=0, lr=[0.001], mom=[(0.9, 0.999)]
[2026-06-04 18:05:42,337] [INFO] [timer.py:258:stop] epoch=0/micro_step=380/global_step=380, RunningAvgSamplesPerSec=122.6428400057926, CurrSamplesPerSec=121.25800579964942, MemAllocated=0.13GB, MaxMemAllocated=12.01GB
[2026-06-04 18:05:52,937] [INFO] [logging.py:96:log_dist] [Rank 0] step=390, skipped=0, lr=[0.001], mom=[(0.9, 0.999)]
[2026-06-04 18:05:52,940] [INFO] [timer.py:258:stop] epoch=0/micro_step=390/global_step=390, RunningAvgSamplesPerSec=122.60404563653529, CurrSamplesPerSec=121.28885186844428, MemAllocated=0.13GB, MaxMemAllocated=12.01GB
[2026-06-04 18:06:03,531] [INFO] [logging.py:96:log_dist] [Rank 0] step=400, skipped=0, lr=[0.001], mom=[(0.9, 0.999)]
[2026-06-04 18:06:03,533] [INFO] [timer.py:258:stop] epoch=0/micro_step=400/global_step=400, RunningAvgSamplesPerSec=122.56940896801659, CurrSamplesPerSec=121.45554382183323, MemAllocated=0.13GB, MaxMemAllocated=12.01GB
Train Epoch: 1, Iteration: 400, Train Loss: 4.830262660980225
[2026-06-04 18:06:14,123] [INFO] [logging.py:96:log_dist] [Rank 0] step=410, skipped=0, lr=[0.001], mom=[(0.9, 0.999)]
[2026-06-04 18:06:14,127] [INFO] [timer.py:258:stop] epoch=0/micro_step=410/global_step=410, RunningAvgSamplesPerSec=122.53651574493439, CurrSamplesPerSec=121.13822216135023, MemAllocated=0.13GB, MaxMemAllocated=12.01GB
[2026-06-04 18:06:24,720] [INFO] [logging.py:96:log_dist] [Rank 0] step=420, skipped=0, lr=[0.001], mom=[(0.9, 0.999)]
[2026-06-04 18:06:24,723] [INFO] [timer.py:258:stop] epoch=0/micro_step=420/global_step=420, RunningAvgSamplesPerSec=122.50293765606483, CurrSamplesPerSec=121.0691082954084, MemAllocated=0.13GB, MaxMemAllocated=12.01GB
[2026-06-04 18:06:35,320] [INFO] [logging.py:96:log_dist] [Rank 0] step=430, skipped=0, lr=[0.001], mom=[(0.9, 0.999)]
[2026-06-04 18:06:35,323] [INFO] [timer.py:258:stop] epoch=0/micro_step=430/global_step=430, RunningAvgSamplesPerSec=122.47091645612794, CurrSamplesPerSec=121.07284880521753, MemAllocated=0.13GB, MaxMemAllocated=12.01GB
[2026-06-04 18:06:45,916] [INFO] [logging.py:96:log_dist] [Rank 0] step=440, skipped=0, lr=[0.001], mom=[(0.9, 0.999)]
[2026-06-04 18:06:45,919] [INFO] [timer.py:258:stop] epoch=0/micro_step=440/global_step=440, RunningAvgSamplesPerSec=122.44097205110907, CurrSamplesPerSec=121.45155982882298, MemAllocated=0.13GB, MaxMemAllocated=12.01GB
[2026-06-04 18:06:56,514] [INFO] [logging.py:96:log_dist] [Rank 0] step=450, skipped=0, lr=[0.001], mom=[(0.9, 0.999)]
[2026-06-04 18:06:56,517] [INFO] [timer.py:258:stop] epoch=0/micro_step=450/global_step=450, RunningAvgSamplesPerSec=122.41179198819266, CurrSamplesPerSec=121.55533875112953, MemAllocated=0.13GB, MaxMemAllocated=12.01GB
[2026-06-04 18:07:07,116] [INFO] [logging.py:96:log_dist] [Rank 0] step=460, skipped=0, lr=[0.001], mom=[(0.9, 0.999)]
[2026-06-04 18:07:07,119] [INFO] [timer.py:258:stop] epoch=0/micro_step=460/global_step=460, RunningAvgSamplesPerSec=122.38274743072154, CurrSamplesPerSec=120.82875416531817, MemAllocated=0.13GB, MaxMemAllocated=12.01GB
[2026-06-04 18:07:17,715] [INFO] [logging.py:96:log_dist] [Rank 0] step=470, skipped=0, lr=[0.001], mom=[(0.9, 0.999)]
[2026-06-04 18:07:17,717] [INFO] [timer.py:258:stop] epoch=0/micro_step=470/global_step=470, RunningAvgSamplesPerSec=122.35714704035982, CurrSamplesPerSec=121.31063985169881, MemAllocated=0.13GB, MaxMemAllocated=12.01GB
[2026-06-04 18:07:28,350] [INFO] [logging.py:96:log_dist] [Rank 0] step=480, skipped=0, lr=[0.001], mom=[(0.9, 0.999)]
[2026-06-04 18:07:28,353] [INFO] [timer.py:258:stop] epoch=0/micro_step=480/global_step=480, RunningAvgSamplesPerSec=122.32337795115313, CurrSamplesPerSec=120.26500325039997, MemAllocated=0.13GB, MaxMemAllocated=12.01GB
[2026-06-04 18:07:38,986] [INFO] [logging.py:96:log_dist] [Rank 0] step=490, skipped=0, lr=[0.001], mom=[(0.9, 0.999)]
[2026-06-04 18:07:38,989] [INFO] [timer.py:258:stop] epoch=0/micro_step=490/global_step=490, RunningAvgSamplesPerSec=122.28983555200091, CurrSamplesPerSec=120.91079929994507, MemAllocated=0.13GB, MaxMemAllocated=12.01GB
[2026-06-04 18:07:49,602] [INFO] [logging.py:96:log_dist] [Rank 0] step=500, skipped=0, lr=[0.001], mom=[(0.9, 0.999)]
[2026-06-04 18:07:49,605] [INFO] [timer.py:258:stop] epoch=0/micro_step=500/global_step=500, RunningAvgSamplesPerSec=122.26181004129313, CurrSamplesPerSec=120.5539612059732, MemAllocated=0.13GB, MaxMemAllocated=12.01GB
[2026-06-04 18:08:00,195] [INFO] [logging.py:96:log_dist] [Rank 0] step=510, skipped=0, lr=[0.001], mom=[(0.9, 0.999)]
[2026-06-04 18:08:00,198] [INFO] [timer.py:258:stop] epoch=0/micro_step=510/global_step=510, RunningAvgSamplesPerSec=122.24090821702912, CurrSamplesPerSec=121.34178696028344, MemAllocated=0.13GB, MaxMemAllocated=12.01GB
[2026-06-04 18:08:10,786] [INFO] [logging.py:96:log_dist] [Rank 0] step=520, skipped=0, lr=[0.001], mom=[(0.9, 0.999)]
[2026-06-04 18:08:10,789] [INFO] [timer.py:258:stop] epoch=0/micro_step=520/global_step=520, RunningAvgSamplesPerSec=122.22080715117202, CurrSamplesPerSec=121.35604977653364, MemAllocated=0.13GB, MaxMemAllocated=12.01GB
[2026-06-04 18:08:21,381] [INFO] [logging.py:96:log_dist] [Rank 0] step=530, skipped=0, lr=[0.001], mom=[(0.9, 0.999)]
[2026-06-04 18:08:21,384] [INFO] [timer.py:258:stop] epoch=0/micro_step=530/global_step=530, RunningAvgSamplesPerSec=122.20130978703708, CurrSamplesPerSec=121.19633334702857, MemAllocated=0.13GB, MaxMemAllocated=12.01GB
[2026-06-04 18:08:31,960] [INFO] [logging.py:96:log_dist] [Rank 0] step=540, skipped=0, lr=[0.001], mom=[(0.9, 0.999)]
[2026-06-04 18:08:31,962] [INFO] [timer.py:258:stop] epoch=0/micro_step=540/global_step=540, RunningAvgSamplesPerSec=122.18679405434227, CurrSamplesPerSec=121.35722935182145, MemAllocated=0.13GB, MaxMemAllocated=12.01GB
[2026-06-04 18:08:42,517] [INFO] [logging.py:96:log_dist] [Rank 0] step=550, skipped=0, lr=[0.001], mom=[(0.9, 0.999)]
[2026-06-04 18:08:42,520] [INFO] [timer.py:258:stop] epoch=0/micro_step=550/global_step=550, RunningAvgSamplesPerSec=122.17676162787019, CurrSamplesPerSec=122.12125165938312, MemAllocated=0.13GB, MaxMemAllocated=12.01GB
[2026-06-04 18:08:53,059] [INFO] [logging.py:96:log_dist] [Rank 0] step=560, skipped=0, lr=[0.001], mom=[(0.9, 0.999)]
[2026-06-04 18:08:53,062] [INFO] [timer.py:258:stop] epoch=0/micro_step=560/global_step=560, RunningAvgSamplesPerSec=122.16996911788657, CurrSamplesPerSec=122.16793779178306, MemAllocated=0.13GB, MaxMemAllocated=12.01GB
[2026-06-04 18:09:03,608] [INFO] [logging.py:96:log_dist] [Rank 0] step=570, skipped=0, lr=[0.001], mom=[(0.9, 0.999)]
[2026-06-04 18:09:03,611] [INFO] [timer.py:258:stop] epoch=0/micro_step=570/global_step=570, RunningAvgSamplesPerSec=122.16218180134817, CurrSamplesPerSec=121.59236696476417, MemAllocated=0.13GB, MaxMemAllocated=12.01GB
[2026-06-04 18:09:14,141] [INFO] [logging.py:96:log_dist] [Rank 0] step=580, skipped=0, lr=[0.001], mom=[(0.9, 0.999)]
[2026-06-04 18:09:14,144] [INFO] [timer.py:258:stop] epoch=0/micro_step=580/global_step=580, RunningAvgSamplesPerSec=122.1577021935576, CurrSamplesPerSec=121.59184373253962, MemAllocated=0.13GB, MaxMemAllocated=12.01GB
[2026-06-04 18:09:24,662] [INFO] [logging.py:96:log_dist] [Rank 0] step=590, skipped=0, lr=[0.001], mom=[(0.9, 0.999)]
[2026-06-04 18:09:24,665] [INFO] [timer.py:258:stop] epoch=0/micro_step=590/global_step=590, RunningAvgSamplesPerSec=122.15610451146073, CurrSamplesPerSec=122.04413103917035, MemAllocated=0.13GB, MaxMemAllocated=12.01GB
[2026-06-04 18:09:35,197] [INFO] [logging.py:96:log_dist] [Rank 0] step=600, skipped=0, lr=[0.001], mom=[(0.9, 0.999)]
[2026-06-04 18:09:35,201] [INFO] [timer.py:258:stop] epoch=0/micro_step=600/global_step=600, RunningAvgSamplesPerSec=122.15166487958808, CurrSamplesPerSec=121.92024271822612, MemAllocated=0.13GB, MaxMemAllocated=12.01GB
Train Epoch: 1, Iteration: 600, Train Loss: 4.929635047912598
[2026-06-04 18:09:45,734] [INFO] [logging.py:96:log_dist] [Rank 0] step=610, skipped=0, lr=[0.001], mom=[(0.9, 0.999)]
[2026-06-04 18:09:45,736] [INFO] [timer.py:258:stop] epoch=0/micro_step=610/global_step=610, RunningAvgSamplesPerSec=122.14798020385352, CurrSamplesPerSec=121.42027396467155, MemAllocated=0.13GB, MaxMemAllocated=12.01GB
[2026-06-04 18:09:56,251] [INFO] [logging.py:96:log_dist] [Rank 0] step=620, skipped=0, lr=[0.001], mom=[(0.9, 0.999)]
[2026-06-04 18:09:56,254] [INFO] [timer.py:258:stop] epoch=0/micro_step=620/global_step=620, RunningAvgSamplesPerSec=122.14717877714342, CurrSamplesPerSec=121.96943533429479, MemAllocated=0.13GB, MaxMemAllocated=12.01GB
[2026-06-04 18:10:06,777] [INFO] [logging.py:96:log_dist] [Rank 0] step=630, skipped=0, lr=[0.001], mom=[(0.9, 0.999)]
[2026-06-04 18:10:06,780] [INFO] [timer.py:258:stop] epoch=0/micro_step=630/global_step=630, RunningAvgSamplesPerSec=122.1450008669886, CurrSamplesPerSec=122.17016183132732, MemAllocated=0.13GB, MaxMemAllocated=12.01GB
[2026-06-04 18:10:17,306] [INFO] [logging.py:96:log_dist] [Rank 0] step=640, skipped=0, lr=[0.001], mom=[(0.9, 0.999)]
[2026-06-04 18:10:17,309] [INFO] [timer.py:258:stop] epoch=0/micro_step=640/global_step=640, RunningAvgSamplesPerSec=122.14216174889843, CurrSamplesPerSec=122.14250609778709, MemAllocated=0.13GB, MaxMemAllocated=12.01GB
[2026-06-04 18:10:27,842] [INFO] [logging.py:96:log_dist] [Rank 0] step=650, skipped=0, lr=[0.001], mom=[(0.9, 0.999)]
[2026-06-04 18:10:27,845] [INFO] [timer.py:258:stop] epoch=0/micro_step=650/global_step=650, RunningAvgSamplesPerSec=122.13794832452932, CurrSamplesPerSec=121.94921059218873, MemAllocated=0.13GB, MaxMemAllocated=12.01GB
[2026-06-04 18:10:38,410] [INFO] [logging.py:96:log_dist] [Rank 0] step=660, skipped=0, lr=[0.001], mom=[(0.9, 0.999)]
[2026-06-04 18:10:38,412] [INFO] [timer.py:258:stop] epoch=0/micro_step=660/global_step=660, RunningAvgSamplesPerSec=122.12961789861978, CurrSamplesPerSec=121.77411798008684, MemAllocated=0.13GB, MaxMemAllocated=12.01GB
[2026-06-04 18:10:48,974] [INFO] [logging.py:96:log_dist] [Rank 0] step=670, skipped=0, lr=[0.001], mom=[(0.9, 0.999)]
[2026-06-04 18:10:48,977] [INFO] [timer.py:258:stop] epoch=0/micro_step=670/global_step=670, RunningAvgSamplesPerSec=122.1220740904275, CurrSamplesPerSec=121.26107326720418, MemAllocated=0.13GB, MaxMemAllocated=12.01GB
[2026-06-04 18:10:59,550] [INFO] [logging.py:96:log_dist] [Rank 0] step=680, skipped=0, lr=[0.001], mom=[(0.9, 0.999)]
[2026-06-04 18:10:59,553] [INFO] [timer.py:258:stop] epoch=0/micro_step=680/global_step=680, RunningAvgSamplesPerSec=122.11270767095125, CurrSamplesPerSec=121.47794147428223, MemAllocated=0.13GB, MaxMemAllocated=12.01GB
[2026-06-04 18:11:10,132] [INFO] [logging.py:96:log_dist] [Rank 0] step=690, skipped=0, lr=[0.001], mom=[(0.9, 0.999)]
[2026-06-04 18:11:10,135] [INFO] [timer.py:258:stop] epoch=0/micro_step=690/global_step=690, RunningAvgSamplesPerSec=122.10103825689757, CurrSamplesPerSec=120.96844713297808, MemAllocated=0.13GB, MaxMemAllocated=12.01GB
[2026-06-04 18:11:20,724] [INFO] [logging.py:96:log_dist] [Rank 0] step=700, skipped=0, lr=[0.001], mom=[(0.9, 0.999)]
[2026-06-04 18:11:20,726] [INFO] [timer.py:258:stop] epoch=0/micro_step=700/global_step=700, RunningAvgSamplesPerSec=122.08833869989958, CurrSamplesPerSec=121.13406763794272, MemAllocated=0.13GB, MaxMemAllocated=12.01GB
ZeRO stage 2
Epoch 1 train time: 808.31 s
Peak VRAM: 12296.4 MB
Epoch 1. Train Loss = 4.8564. Val Loss = 5.1075. Val Accuracy = 0.044.
Train Epoch: 2, Iteration: 0, Train Loss: 4.53652286529541
[2026-06-04 18:14:40,056] [INFO] [logging.py:96:log_dist] [Rank 0] step=710, skipped=0, lr=[0.001], mom=[(0.9, 0.999)]
[2026-06-04 18:14:40,059] [INFO] [timer.py:258:stop] epoch=0/micro_step=710/global_step=710, RunningAvgSamplesPerSec=122.26767940585074, CurrSamplesPerSec=125.64188414530689, MemAllocated=0.13GB, MaxMemAllocated=12.01GB
[2026-06-04 18:14:50,272] [INFO] [logging.py:96:log_dist] [Rank 0] step=720, skipped=0, lr=[0.001], mom=[(0.9, 0.999)]
[2026-06-04 18:14:50,275] [INFO] [timer.py:258:stop] epoch=0/micro_step=720/global_step=720, RunningAvgSamplesPerSec=122.31338019471785, CurrSamplesPerSec=125.60443525359364, MemAllocated=0.13GB, MaxMemAllocated=12.01GB
[2026-06-04 18:15:00,533] [INFO] [logging.py:96:log_dist] [Rank 0] step=730, skipped=0, lr=[0.001], mom=[(0.9, 0.999)]
[2026-06-04 18:15:00,536] [INFO] [timer.py:258:stop] epoch=0/micro_step=730/global_step=730, RunningAvgSamplesPerSec=122.35112357176256, CurrSamplesPerSec=125.01945300036164, MemAllocated=0.13GB, MaxMemAllocated=12.01GB
[2026-06-04 18:15:10,849] [INFO] [logging.py:96:log_dist] [Rank 0] step=740, skipped=0, lr=[0.001], mom=[(0.9, 0.999)]
[2026-06-04 18:15:10,852] [INFO] [timer.py:258:stop] epoch=0/micro_step=740/global_step=740, RunningAvgSamplesPerSec=122.38098725710336, CurrSamplesPerSec=124.89145834787261, MemAllocated=0.13GB, MaxMemAllocated=12.01GB
[2026-06-04 18:15:21,208] [INFO] [logging.py:96:log_dist] [Rank 0] step=750, skipped=0, lr=[0.001], mom=[(0.9, 0.999)]
[2026-06-04 18:15:21,210] [INFO] [timer.py:258:stop] epoch=0/micro_step=750/global_step=750, RunningAvgSamplesPerSec=122.4036786102577, CurrSamplesPerSec=124.34524408679579, MemAllocated=0.13GB, MaxMemAllocated=12.01GB
[2026-06-04 18:15:31,552] [INFO] [logging.py:96:log_dist] [Rank 0] step=760, skipped=0, lr=[0.001], mom=[(0.9, 0.999)]
[2026-06-04 18:15:31,556] [INFO] [timer.py:258:stop] epoch=0/micro_step=760/global_step=760, RunningAvgSamplesPerSec=122.42582562884539, CurrSamplesPerSec=124.09329714269468, MemAllocated=0.13GB, MaxMemAllocated=12.01GB
[2026-06-04 18:15:41,918] [INFO] [logging.py:96:log_dist] [Rank 0] step=770, skipped=0, lr=[0.001], mom=[(0.9, 0.999)]
[2026-06-04 18:15:41,921] [INFO] [timer.py:258:stop] epoch=0/micro_step=770/global_step=770, RunningAvgSamplesPerSec=122.44673888265356, CurrSamplesPerSec=123.50670190713053, MemAllocated=0.13GB, MaxMemAllocated=12.01GB
[2026-06-04 18:15:52,313] [INFO] [logging.py:96:log_dist] [Rank 0] step=780, skipped=0, lr=[0.001], mom=[(0.9, 0.999)]
[2026-06-04 18:15:52,316] [INFO] [timer.py:258:stop] epoch=0/micro_step=780/global_step=780, RunningAvgSamplesPerSec=122.4611687339842, CurrSamplesPerSec=123.47548433807206, MemAllocated=0.13GB, MaxMemAllocated=12.01GB
[2026-06-04 18:16:02,712] [INFO] [logging.py:96:log_dist] [Rank 0] step=790, skipped=0, lr=[0.001], mom=[(0.9, 0.999)]
[2026-06-04 18:16:02,715] [INFO] [timer.py:258:stop] epoch=0/micro_step=790/global_step=790, RunningAvgSamplesPerSec=122.47336813321064, CurrSamplesPerSec=123.41630236310542, MemAllocated=0.13GB, MaxMemAllocated=12.01GB
[2026-06-04 18:16:13,109] [INFO] [logging.py:96:log_dist] [Rank 0] step=800, skipped=0, lr=[0.001], mom=[(0.9, 0.999)]
[2026-06-04 18:16:13,112] [INFO] [timer.py:258:stop] epoch=0/micro_step=800/global_step=800, RunningAvgSamplesPerSec=122.48595734923987, CurrSamplesPerSec=123.55286123564619, MemAllocated=0.13GB, MaxMemAllocated=12.01GB
[2026-06-04 18:16:23,504] [INFO] [logging.py:96:log_dist] [Rank 0] step=810, skipped=0, lr=[0.001], mom=[(0.9, 0.999)]
[2026-06-04 18:16:23,507] [INFO] [timer.py:258:stop] epoch=0/micro_step=810/global_step=810, RunningAvgSamplesPerSec=122.4983489695091, CurrSamplesPerSec=123.48482806985908, MemAllocated=0.13GB, MaxMemAllocated=12.01GB
[2026-06-04 18:16:33,903] [INFO] [logging.py:96:log_dist] [Rank 0] step=820, skipped=0, lr=[0.001], mom=[(0.9, 0.999)]
[2026-06-04 18:16:33,906] [INFO] [timer.py:258:stop] epoch=0/micro_step=820/global_step=820, RunningAvgSamplesPerSec=122.51031802377355, CurrSamplesPerSec=123.70733622636926, MemAllocated=0.13GB, MaxMemAllocated=12.01GB
[2026-06-04 18:16:44,297] [INFO] [logging.py:96:log_dist] [Rank 0] step=830, skipped=0, lr=[0.001], mom=[(0.9, 0.999)]
[2026-06-04 18:16:44,300] [INFO] [timer.py:258:stop] epoch=0/micro_step=830/global_step=830, RunningAvgSamplesPerSec=122.5220372709775, CurrSamplesPerSec=123.52520128865233, MemAllocated=0.13GB, MaxMemAllocated=12.01GB
[2026-06-04 18:16:54,713] [INFO] [logging.py:96:log_dist] [Rank 0] step=840, skipped=0, lr=[0.001], mom=[(0.9, 0.999)]
[2026-06-04 18:16:54,716] [INFO] [timer.py:258:stop] epoch=0/micro_step=840/global_step=840, RunningAvgSamplesPerSec=122.53068585979979, CurrSamplesPerSec=122.14945359673298, MemAllocated=0.13GB, MaxMemAllocated=12.01GB
[2026-06-04 18:17:05,166] [INFO] [logging.py:96:log_dist] [Rank 0] step=850, skipped=0, lr=[0.001], mom=[(0.9, 0.999)]
[2026-06-04 18:17:05,168] [INFO] [timer.py:258:stop] epoch=0/micro_step=850/global_step=850, RunningAvgSamplesPerSec=122.53620000331117, CurrSamplesPerSec=122.43869682955766, MemAllocated=0.13GB, MaxMemAllocated=12.01GB
[2026-06-04 18:17:15,637] [INFO] [logging.py:96:log_dist] [Rank 0] step=860, skipped=0, lr=[0.001], mom=[(0.9, 0.999)]
[2026-06-04 18:17:15,640] [INFO] [timer.py:258:stop] epoch=0/micro_step=860/global_step=860, RunningAvgSamplesPerSec=122.53839625599856, CurrSamplesPerSec=122.889750773682, MemAllocated=0.13GB, MaxMemAllocated=12.01GB
[2026-06-04 18:17:26,101] [INFO] [logging.py:96:log_dist] [Rank 0] step=870, skipped=0, lr=[0.001], mom=[(0.9, 0.999)]
[2026-06-04 18:17:26,104] [INFO] [timer.py:258:stop] epoch=0/micro_step=870/global_step=870, RunningAvgSamplesPerSec=122.5399538752165, CurrSamplesPerSec=122.88224066585687, MemAllocated=0.13GB, MaxMemAllocated=12.01GB
[2026-06-04 18:17:36,572] [INFO] [logging.py:96:log_dist] [Rank 0] step=880, skipped=0, lr=[0.001], mom=[(0.9, 0.999)]
[2026-06-04 18:17:36,575] [INFO] [timer.py:258:stop] epoch=0/micro_step=880/global_step=880, RunningAvgSamplesPerSec=122.54176269955789, CurrSamplesPerSec=122.5679507053347, MemAllocated=0.13GB, MaxMemAllocated=12.01GB
[2026-06-04 18:17:47,048] [INFO] [logging.py:96:log_dist] [Rank 0] step=890, skipped=0, lr=[0.001], mom=[(0.9, 0.999)]
[2026-06-04 18:17:47,051] [INFO] [timer.py:258:stop] epoch=0/micro_step=890/global_step=890, RunningAvgSamplesPerSec=122.54208069850665, CurrSamplesPerSec=122.52218869485004, MemAllocated=0.13GB, MaxMemAllocated=12.01GB
[2026-06-04 18:17:57,535] [INFO] [logging.py:96:log_dist] [Rank 0] step=900, skipped=0, lr=[0.001], mom=[(0.9, 0.999)]
[2026-06-04 18:17:57,538] [INFO] [timer.py:258:stop] epoch=0/micro_step=900/global_step=900, RunningAvgSamplesPerSec=122.54055673098226, CurrSamplesPerSec=122.26322701769736, MemAllocated=0.13GB, MaxMemAllocated=12.01GB
Train Epoch: 2, Iteration: 200, Train Loss: 4.641021251678467
[2026-06-04 18:18:08,033] [INFO] [logging.py:96:log_dist] [Rank 0] step=910, skipped=0, lr=[0.001], mom=[(0.9, 0.999)]
[2026-06-04 18:18:08,036] [INFO] [timer.py:258:stop] epoch=0/micro_step=910/global_step=910, RunningAvgSamplesPerSec=122.53776898868325, CurrSamplesPerSec=122.05115059163573, MemAllocated=0.13GB, MaxMemAllocated=12.01GB
[2026-06-04 18:18:18,531] [INFO] [logging.py:96:log_dist] [Rank 0] step=920, skipped=0, lr=[0.001], mom=[(0.9, 0.999)]
[2026-06-04 18:18:18,534] [INFO] [timer.py:258:stop] epoch=0/micro_step=920/global_step=920, RunningAvgSamplesPerSec=122.53500588078526, CurrSamplesPerSec=122.68760794877784, MemAllocated=0.13GB, MaxMemAllocated=12.01GB
[2026-06-04 18:18:29,036] [INFO] [logging.py:96:log_dist] [Rank 0] step=930, skipped=0, lr=[0.001], mom=[(0.9, 0.999)]
[2026-06-04 18:18:29,039] [INFO] [timer.py:258:stop] epoch=0/micro_step=930/global_step=930, RunningAvgSamplesPerSec=122.53097479294188, CurrSamplesPerSec=122.44983926019776, MemAllocated=0.13GB, MaxMemAllocated=12.01GB
[2026-06-04 18:18:39,544] [INFO] [logging.py:96:log_dist] [Rank 0] step=940, skipped=0, lr=[0.001], mom=[(0.9, 0.999)]
[2026-06-04 18:18:39,547] [INFO] [timer.py:258:stop] epoch=0/micro_step=940/global_step=940, RunningAvgSamplesPerSec=122.52709529034202, CurrSamplesPerSec=122.32214412785441, MemAllocated=0.13GB, MaxMemAllocated=12.01GB
[2026-06-04 18:18:50,067] [INFO] [logging.py:96:log_dist] [Rank 0] step=950, skipped=0, lr=[0.001], mom=[(0.9, 0.999)]
[2026-06-04 18:18:50,070] [INFO] [timer.py:258:stop] epoch=0/micro_step=950/global_step=950, RunningAvgSamplesPerSec=122.52161991213801, CurrSamplesPerSec=122.38831592166997, MemAllocated=0.13GB, MaxMemAllocated=12.01GB
[2026-06-04 18:19:00,613] [INFO] [logging.py:96:log_dist] [Rank 0] step=960, skipped=0, lr=[0.001], mom=[(0.9, 0.999)]
[2026-06-04 18:19:00,616] [INFO] [timer.py:258:stop] epoch=0/micro_step=960/global_step=960, RunningAvgSamplesPerSec=122.5151068903667, CurrSamplesPerSec=121.4920438653264, MemAllocated=0.13GB, MaxMemAllocated=12.01GB
[2026-06-04 18:19:11,142] [INFO] [logging.py:96:log_dist] [Rank 0] step=970, skipped=0, lr=[0.001], mom=[(0.9, 0.999)]
[2026-06-04 18:19:11,145] [INFO] [timer.py:258:stop] epoch=0/micro_step=970/global_step=970, RunningAvgSamplesPerSec=122.51037089580512, CurrSamplesPerSec=122.3385061314988, MemAllocated=0.13GB, MaxMemAllocated=12.01GB
[2026-06-04 18:19:21,687] [INFO] [logging.py:96:log_dist] [Rank 0] step=980, skipped=0, lr=[0.001], mom=[(0.9, 0.999)]
[2026-06-04 18:19:21,690] [INFO] [timer.py:258:stop] epoch=0/micro_step=980/global_step=980, RunningAvgSamplesPerSec=122.50415724584498, CurrSamplesPerSec=121.49724030849163, MemAllocated=0.13GB, MaxMemAllocated=12.01GB
[2026-06-04 18:19:32,226] [INFO] [logging.py:96:log_dist] [Rank 0] step=990, skipped=0, lr=[0.001], mom=[(0.9, 0.999)]
[2026-06-04 18:19:32,229] [INFO] [timer.py:258:stop] epoch=0/micro_step=990/global_step=990, RunningAvgSamplesPerSec=122.49879316895583, CurrSamplesPerSec=121.54609210066074, MemAllocated=0.13GB, MaxMemAllocated=12.01GB
[2026-06-04 18:19:42,764] [INFO] [logging.py:96:log_dist] [Rank 0] step=1000, skipped=0, lr=[0.001], mom=[(0.9, 0.999)]
[2026-06-04 18:19:42,767] [INFO] [timer.py:258:stop] epoch=0/micro_step=1000/global_step=1000, RunningAvgSamplesPerSec=122.49335638832642, CurrSamplesPerSec=122.31016111005049, MemAllocated=0.13GB, MaxMemAllocated=12.01GB
[2026-06-04 18:19:53,317] [INFO] [logging.py:96:log_dist] [Rank 0] step=1010, skipped=0, lr=[0.001], mom=[(0.9, 0.999)]
[2026-06-04 18:19:53,320] [INFO] [timer.py:258:stop] epoch=0/micro_step=1010/global_step=1010, RunningAvgSamplesPerSec=122.48583210358115, CurrSamplesPerSec=121.6175425084156, MemAllocated=0.13GB, MaxMemAllocated=12.01GB
[2026-06-04 18:20:03,874] [INFO] [logging.py:96:log_dist] [Rank 0] step=1020, skipped=0, lr=[0.001], mom=[(0.9, 0.999)]
[2026-06-04 18:20:03,877] [INFO] [timer.py:258:stop] epoch=0/micro_step=1020/global_step=1020, RunningAvgSamplesPerSec=122.47822436353307, CurrSamplesPerSec=121.37437693070095, MemAllocated=0.13GB, MaxMemAllocated=12.01GB
[2026-06-04 18:20:14,412] [INFO] [logging.py:96:log_dist] [Rank 0] step=1030, skipped=0, lr=[0.001], mom=[(0.9, 0.999)]
[2026-06-04 18:20:14,415] [INFO] [timer.py:258:stop] epoch=0/micro_step=1030/global_step=1030, RunningAvgSamplesPerSec=122.47299038460778, CurrSamplesPerSec=121.6485993565349, MemAllocated=0.13GB, MaxMemAllocated=12.01GB
[2026-06-04 18:20:24,969] [INFO] [logging.py:96:log_dist] [Rank 0] step=1040, skipped=0, lr=[0.001], mom=[(0.9, 0.999)]
[2026-06-04 18:20:24,972] [INFO] [timer.py:258:stop] epoch=0/micro_step=1040/global_step=1040, RunningAvgSamplesPerSec=122.46591870461351, CurrSamplesPerSec=121.53054658885634, MemAllocated=0.13GB, MaxMemAllocated=12.01GB
[2026-06-04 18:20:35,510] [INFO] [logging.py:96:log_dist] [Rank 0] step=1050, skipped=0, lr=[0.001], mom=[(0.9, 0.999)]
[2026-06-04 18:20:35,512] [INFO] [timer.py:258:stop] epoch=0/micro_step=1050/global_step=1050, RunningAvgSamplesPerSec=122.46054496715834, CurrSamplesPerSec=121.87515666539313, MemAllocated=0.13GB, MaxMemAllocated=12.01GB
[2026-06-04 18:20:46,062] [INFO] [logging.py:96:log_dist] [Rank 0] step=1060, skipped=0, lr=[0.001], mom=[(0.9, 0.999)]
[2026-06-04 18:20:46,065] [INFO] [timer.py:258:stop] epoch=0/micro_step=1060/global_step=1060, RunningAvgSamplesPerSec=122.45417608168974, CurrSamplesPerSec=121.7051596806523, MemAllocated=0.13GB, MaxMemAllocated=12.01GB
[2026-06-04 18:20:56,618] [INFO] [logging.py:96:log_dist] [Rank 0] step=1070, skipped=0, lr=[0.001], mom=[(0.9, 0.999)]
[2026-06-04 18:20:56,621] [INFO] [timer.py:258:stop] epoch=0/micro_step=1070/global_step=1070, RunningAvgSamplesPerSec=122.44762406301541, CurrSamplesPerSec=121.32708879662499, MemAllocated=0.13GB, MaxMemAllocated=12.01GB
[2026-06-04 18:21:07,175] [INFO] [logging.py:96:log_dist] [Rank 0] step=1080, skipped=0, lr=[0.001], mom=[(0.9, 0.999)]
[2026-06-04 18:21:07,179] [INFO] [timer.py:258:stop] epoch=0/micro_step=1080/global_step=1080, RunningAvgSamplesPerSec=122.4423471781885, CurrSamplesPerSec=121.27208456300492, MemAllocated=0.13GB, MaxMemAllocated=12.01GB
[2026-06-04 18:21:17,734] [INFO] [logging.py:96:log_dist] [Rank 0] step=1090, skipped=0, lr=[0.001], mom=[(0.9, 0.999)]
[2026-06-04 18:21:17,737] [INFO] [timer.py:258:stop] epoch=0/micro_step=1090/global_step=1090, RunningAvgSamplesPerSec=122.43600805990145, CurrSamplesPerSec=122.35908331238446, MemAllocated=0.13GB, MaxMemAllocated=12.01GB
[2026-06-04 18:21:28,288] [INFO] [logging.py:96:log_dist] [Rank 0] step=1100, skipped=0, lr=[0.001], mom=[(0.9, 0.999)]
[2026-06-04 18:21:28,291] [INFO] [timer.py:258:stop] epoch=0/micro_step=1100/global_step=1100, RunningAvgSamplesPerSec=122.42962971098234, CurrSamplesPerSec=121.49196138568534, MemAllocated=0.13GB, MaxMemAllocated=12.01GB
Train Epoch: 2, Iteration: 400, Train Loss: 4.372171401977539
[2026-06-04 18:21:38,847] [INFO] [logging.py:96:log_dist] [Rank 0] step=1110, skipped=0, lr=[0.001], mom=[(0.9, 0.999)]
[2026-06-04 18:21:38,850] [INFO] [timer.py:258:stop] epoch=0/micro_step=1110/global_step=1110, RunningAvgSamplesPerSec=122.42318860794326, CurrSamplesPerSec=121.68207142256519, MemAllocated=0.13GB, MaxMemAllocated=12.01GB
[2026-06-04 18:21:49,405] [INFO] [logging.py:96:log_dist] [Rank 0] step=1120, skipped=0, lr=[0.001], mom=[(0.9, 0.999)]
[2026-06-04 18:21:49,408] [INFO] [timer.py:258:stop] epoch=0/micro_step=1120/global_step=1120, RunningAvgSamplesPerSec=122.41727327880767, CurrSamplesPerSec=121.34867109337935, MemAllocated=0.13GB, MaxMemAllocated=12.01GB
[2026-06-04 18:21:59,977] [INFO] [logging.py:96:log_dist] [Rank 0] step=1130, skipped=0, lr=[0.001], mom=[(0.9, 0.999)]
[2026-06-04 18:21:59,981] [INFO] [timer.py:258:stop] epoch=0/micro_step=1130/global_step=1130, RunningAvgSamplesPerSec=122.41094594915718, CurrSamplesPerSec=121.30143039058059, MemAllocated=0.13GB, MaxMemAllocated=12.01GB
[2026-06-04 18:22:10,553] [INFO] [logging.py:96:log_dist] [Rank 0] step=1140, skipped=0, lr=[0.001], mom=[(0.9, 0.999)]
[2026-06-04 18:22:10,556] [INFO] [timer.py:258:stop] epoch=0/micro_step=1140/global_step=1140, RunningAvgSamplesPerSec=122.40324765562087, CurrSamplesPerSec=121.33257276958805, MemAllocated=0.13GB, MaxMemAllocated=12.01GB
[2026-06-04 18:22:21,110] [INFO] [logging.py:96:log_dist] [Rank 0] step=1150, skipped=0, lr=[0.001], mom=[(0.9, 0.999)]
[2026-06-04 18:22:21,113] [INFO] [timer.py:258:stop] epoch=0/micro_step=1150/global_step=1150, RunningAvgSamplesPerSec=122.39681307504172, CurrSamplesPerSec=121.3120926622431, MemAllocated=0.13GB, MaxMemAllocated=12.01GB
[2026-06-04 18:22:31,674] [INFO] [logging.py:96:log_dist] [Rank 0] step=1160, skipped=0, lr=[0.001], mom=[(0.9, 0.999)]
[2026-06-04 18:22:31,676] [INFO] [timer.py:258:stop] epoch=0/micro_step=1160/global_step=1160, RunningAvgSamplesPerSec=122.38970989618853, CurrSamplesPerSec=121.30595271907033, MemAllocated=0.13GB, MaxMemAllocated=12.01GB
[2026-06-04 18:22:42,234] [INFO] [logging.py:96:log_dist] [Rank 0] step=1170, skipped=0, lr=[0.001], mom=[(0.9, 0.999)]
[2026-06-04 18:22:42,237] [INFO] [timer.py:258:stop] epoch=0/micro_step=1170/global_step=1170, RunningAvgSamplesPerSec=122.383375485405, CurrSamplesPerSec=122.30553573592783, MemAllocated=0.13GB, MaxMemAllocated=12.01GB
[2026-06-04 18:22:52,801] [INFO] [logging.py:96:log_dist] [Rank 0] step=1180, skipped=0, lr=[0.001], mom=[(0.9, 0.999)]
[2026-06-04 18:22:52,804] [INFO] [timer.py:258:stop] epoch=0/micro_step=1180/global_step=1180, RunningAvgSamplesPerSec=122.37710308246137, CurrSamplesPerSec=121.40967503682741, MemAllocated=0.13GB, MaxMemAllocated=12.01GB
[2026-06-04 18:23:03,360] [INFO] [logging.py:96:log_dist] [Rank 0] step=1190, skipped=0, lr=[0.001], mom=[(0.9, 0.999)]
[2026-06-04 18:23:03,363] [INFO] [timer.py:258:stop] epoch=0/micro_step=1190/global_step=1190, RunningAvgSamplesPerSec=122.37147240215596, CurrSamplesPerSec=121.29172907801996, MemAllocated=0.13GB, MaxMemAllocated=12.01GB
[2026-06-04 18:23:13,915] [INFO] [logging.py:96:log_dist] [Rank 0] step=1200, skipped=0, lr=[0.001], mom=[(0.9, 0.999)]
[2026-06-04 18:23:13,918] [INFO] [timer.py:258:stop] epoch=0/micro_step=1200/global_step=1200, RunningAvgSamplesPerSec=122.36546777774058, CurrSamplesPerSec=121.28408422166483, MemAllocated=0.13GB, MaxMemAllocated=12.01GB
[2026-06-04 18:23:24,468] [INFO] [logging.py:96:log_dist] [Rank 0] step=1210, skipped=0, lr=[0.001], mom=[(0.9, 0.999)]
[2026-06-04 18:23:24,471] [INFO] [timer.py:258:stop] epoch=0/micro_step=1210/global_step=1210, RunningAvgSamplesPerSec=122.35983167330068, CurrSamplesPerSec=121.35925937228387, MemAllocated=0.13GB, MaxMemAllocated=12.01GB
[2026-06-04 18:23:35,026] [INFO] [logging.py:96:log_dist] [Rank 0] step=1220, skipped=0, lr=[0.001], mom=[(0.9, 0.999)]
[2026-06-04 18:23:35,029] [INFO] [timer.py:258:stop] epoch=0/micro_step=1220/global_step=1220, RunningAvgSamplesPerSec=122.35435206142559, CurrSamplesPerSec=121.63721643444308, MemAllocated=0.13GB, MaxMemAllocated=12.01GB
[2026-06-04 18:23:45,586] [INFO] [logging.py:96:log_dist] [Rank 0] step=1230, skipped=0, lr=[0.001], mom=[(0.9, 0.999)]
[2026-06-04 18:23:45,590] [INFO] [timer.py:258:stop] epoch=0/micro_step=1230/global_step=1230, RunningAvgSamplesPerSec=122.34905165558439, CurrSamplesPerSec=121.93586039733847, MemAllocated=0.13GB, MaxMemAllocated=12.01GB
[2026-06-04 18:23:56,143] [INFO] [logging.py:96:log_dist] [Rank 0] step=1240, skipped=0, lr=[0.001], mom=[(0.9, 0.999)]
[2026-06-04 18:23:56,145] [INFO] [timer.py:258:stop] epoch=0/micro_step=1240/global_step=1240, RunningAvgSamplesPerSec=122.34402699245625, CurrSamplesPerSec=121.53654420896454, MemAllocated=0.13GB, MaxMemAllocated=12.01GB
[2026-06-04 18:24:06,717] [INFO] [logging.py:96:log_dist] [Rank 0] step=1250, skipped=0, lr=[0.001], mom=[(0.9, 0.999)]
[2026-06-04 18:24:06,720] [INFO] [timer.py:258:stop] epoch=0/micro_step=1250/global_step=1250, RunningAvgSamplesPerSec=122.33731613737658, CurrSamplesPerSec=121.29841569224276, MemAllocated=0.13GB, MaxMemAllocated=12.01GB
[2026-06-04 18:24:17,277] [INFO] [logging.py:96:log_dist] [Rank 0] step=1260, skipped=0, lr=[0.001], mom=[(0.9, 0.999)]
[2026-06-04 18:24:17,280] [INFO] [timer.py:258:stop] epoch=0/micro_step=1260/global_step=1260, RunningAvgSamplesPerSec=122.33205383276432, CurrSamplesPerSec=121.47678703755032, MemAllocated=0.13GB, MaxMemAllocated=12.01GB
[2026-06-04 18:24:27,850] [INFO] [logging.py:96:log_dist] [Rank 0] step=1270, skipped=0, lr=[0.001], mom=[(0.9, 0.999)]
[2026-06-04 18:24:27,853] [INFO] [timer.py:258:stop] epoch=0/micro_step=1270/global_step=1270, RunningAvgSamplesPerSec=122.32571219072997, CurrSamplesPerSec=121.24510770148014, MemAllocated=0.13GB, MaxMemAllocated=12.01GB
[2026-06-04 18:24:38,427] [INFO] [logging.py:96:log_dist] [Rank 0] step=1280, skipped=0, lr=[0.001], mom=[(0.9, 0.999)]
[2026-06-04 18:24:38,430] [INFO] [timer.py:258:stop] epoch=0/micro_step=1280/global_step=1280, RunningAvgSamplesPerSec=122.3192679153054, CurrSamplesPerSec=121.26282617548759, MemAllocated=0.13GB, MaxMemAllocated=12.01GB
[2026-06-04 18:24:48,984] [INFO] [logging.py:96:log_dist] [Rank 0] step=1290, skipped=0, lr=[0.001], mom=[(0.9, 0.999)]
[2026-06-04 18:24:48,987] [INFO] [timer.py:258:stop] epoch=0/micro_step=1290/global_step=1290, RunningAvgSamplesPerSec=122.31426184452995, CurrSamplesPerSec=121.42576636498188, MemAllocated=0.13GB, MaxMemAllocated=12.01GB
[2026-06-04 18:24:59,543] [INFO] [logging.py:96:log_dist] [Rank 0] step=1300, skipped=0, lr=[0.001], mom=[(0.9, 0.999)]
[2026-06-04 18:24:59,546] [INFO] [timer.py:258:stop] epoch=0/micro_step=1300/global_step=1300, RunningAvgSamplesPerSec=122.30898485524017, CurrSamplesPerSec=121.90811685465921, MemAllocated=0.13GB, MaxMemAllocated=12.01GB
Train Epoch: 2, Iteration: 600, Train Loss: 4.169285774230957
[2026-06-04 18:25:10,095] [INFO] [logging.py:96:log_dist] [Rank 0] step=1310, skipped=0, lr=[0.001], mom=[(0.9, 0.999)]
[2026-06-04 18:25:10,098] [INFO] [timer.py:258:stop] epoch=0/micro_step=1310/global_step=1310, RunningAvgSamplesPerSec=122.30387422457466, CurrSamplesPerSec=121.34603802592818, MemAllocated=0.13GB, MaxMemAllocated=12.01GB
[2026-06-04 18:25:20,664] [INFO] [logging.py:96:log_dist] [Rank 0] step=1320, skipped=0, lr=[0.001], mom=[(0.9, 0.999)]
[2026-06-04 18:25:20,667] [INFO] [timer.py:258:stop] epoch=0/micro_step=1320/global_step=1320, RunningAvgSamplesPerSec=122.29820557235166, CurrSamplesPerSec=122.28464232138846, MemAllocated=0.13GB, MaxMemAllocated=12.01GB
[2026-06-04 18:25:31,213] [INFO] [logging.py:96:log_dist] [Rank 0] step=1330, skipped=0, lr=[0.001], mom=[(0.9, 0.999)]
[2026-06-04 18:25:31,216] [INFO] [timer.py:258:stop] epoch=0/micro_step=1330/global_step=1330, RunningAvgSamplesPerSec=122.29398591371682, CurrSamplesPerSec=121.65386433397641, MemAllocated=0.13GB, MaxMemAllocated=12.01GB
[2026-06-04 18:25:41,788] [INFO] [logging.py:96:log_dist] [Rank 0] step=1340, skipped=0, lr=[0.001], mom=[(0.9, 0.999)]
[2026-06-04 18:25:41,791] [INFO] [timer.py:258:stop] epoch=0/micro_step=1340/global_step=1340, RunningAvgSamplesPerSec=122.2883137985143, CurrSamplesPerSec=121.45309844342036, MemAllocated=0.13GB, MaxMemAllocated=12.01GB
[2026-06-04 18:25:52,343] [INFO] [logging.py:96:log_dist] [Rank 0] step=1350, skipped=0, lr=[0.001], mom=[(0.9, 0.999)]
[2026-06-04 18:25:52,346] [INFO] [timer.py:258:stop] epoch=0/micro_step=1350/global_step=1350, RunningAvgSamplesPerSec=122.28396977951319, CurrSamplesPerSec=121.47288410442664, MemAllocated=0.13GB, MaxMemAllocated=12.01GB
[2026-06-04 18:26:02,898] [INFO] [logging.py:96:log_dist] [Rank 0] step=1360, skipped=0, lr=[0.001], mom=[(0.9, 0.999)]
[2026-06-04 18:26:02,901] [INFO] [timer.py:258:stop] epoch=0/micro_step=1360/global_step=1360, RunningAvgSamplesPerSec=122.27969430487443, CurrSamplesPerSec=121.4070942309397, MemAllocated=0.13GB, MaxMemAllocated=12.01GB
[2026-06-04 18:26:13,478] [INFO] [logging.py:96:log_dist] [Rank 0] step=1370, skipped=0, lr=[0.001], mom=[(0.9, 0.999)]
[2026-06-04 18:26:13,481] [INFO] [timer.py:258:stop] epoch=0/micro_step=1370/global_step=1370, RunningAvgSamplesPerSec=122.27376432191598, CurrSamplesPerSec=121.09925737253381, MemAllocated=0.13GB, MaxMemAllocated=12.01GB
[2026-06-04 18:26:24,045] [INFO] [logging.py:96:log_dist] [Rank 0] step=1380, skipped=0, lr=[0.001], mom=[(0.9, 0.999)]
[2026-06-04 18:26:24,048] [INFO] [timer.py:258:stop] epoch=0/micro_step=1380/global_step=1380, RunningAvgSamplesPerSec=122.26860488436915, CurrSamplesPerSec=122.00424867762862, MemAllocated=0.13GB, MaxMemAllocated=12.01GB
[2026-06-04 18:26:34,606] [INFO] [logging.py:96:log_dist] [Rank 0] step=1390, skipped=0, lr=[0.001], mom=[(0.9, 0.999)]
[2026-06-04 18:26:34,609] [INFO] [timer.py:258:stop] epoch=0/micro_step=1390/global_step=1390, RunningAvgSamplesPerSec=122.2638212599355, CurrSamplesPerSec=121.55057765123215, MemAllocated=0.13GB, MaxMemAllocated=12.01GB
[2026-06-04 18:26:45,173] [INFO] [logging.py:96:log_dist] [Rank 0] step=1400, skipped=0, lr=[0.001], mom=[(0.9, 0.999)]
[2026-06-04 18:26:45,176] [INFO] [timer.py:258:stop] epoch=0/micro_step=1400/global_step=1400, RunningAvgSamplesPerSec=122.25923951078916, CurrSamplesPerSec=121.96608255022656, MemAllocated=0.13GB, MaxMemAllocated=12.01GB
ZeRO stage 2
Epoch 2 train time: 739.67 s
Peak VRAM: 12296.4 MB
Epoch 2. Train Loss = 4.3994. Val Loss = 4.2718. Val Accuracy = 0.126.
Train Epoch: 3, Iteration: 0, Train Loss: 4.2536702156066895
[2026-06-04 18:27:43,450] [INFO] [logging.py:96:log_dist] [Rank 0] step=1410, skipped=0, lr=[0.001], mom=[(0.9, 0.999)]
[2026-06-04 18:27:43,452] [INFO] [timer.py:258:stop] epoch=0/micro_step=1410/global_step=1410, RunningAvgSamplesPerSec=122.3325496089272, CurrSamplesPerSec=121.64782756568127, MemAllocated=0.13GB, MaxMemAllocated=12.01GB
[2026-06-04 18:27:54,007] [INFO] [logging.py:96:log_dist] [Rank 0] step=1420, skipped=0, lr=[0.001], mom=[(0.9, 0.999)]
[2026-06-04 18:27:54,010] [INFO] [timer.py:258:stop] epoch=0/micro_step=1420/global_step=1420, RunningAvgSamplesPerSec=122.32771144655256, CurrSamplesPerSec=121.87438199711835, MemAllocated=0.13GB, MaxMemAllocated=12.01GB
[2026-06-04 18:28:04,579] [INFO] [logging.py:96:log_dist] [Rank 0] step=1430, skipped=0, lr=[0.001], mom=[(0.9, 0.999)]
[2026-06-04 18:28:04,583] [INFO] [timer.py:258:stop] epoch=0/micro_step=1430/global_step=1430, RunningAvgSamplesPerSec=122.32252170405528, CurrSamplesPerSec=121.55156836961287, MemAllocated=0.13GB, MaxMemAllocated=12.01GB
[2026-06-04 18:28:15,136] [INFO] [logging.py:96:log_dist] [Rank 0] step=1440, skipped=0, lr=[0.001], mom=[(0.9, 0.999)]
[2026-06-04 18:28:15,139] [INFO] [timer.py:258:stop] epoch=0/micro_step=1440/global_step=1440, RunningAvgSamplesPerSec=122.31777352519148, CurrSamplesPerSec=121.19994491639257, MemAllocated=0.13GB, MaxMemAllocated=12.01GB
[2026-06-04 18:28:25,662] [INFO] [logging.py:96:log_dist] [Rank 0] step=1450, skipped=0, lr=[0.001], mom=[(0.9, 0.999)]
[2026-06-04 18:28:25,665] [INFO] [timer.py:258:stop] epoch=0/micro_step=1450/global_step=1450, RunningAvgSamplesPerSec=122.31490032231453, CurrSamplesPerSec=122.41237077202408, MemAllocated=0.13GB, MaxMemAllocated=12.01GB
[2026-06-04 18:28:36,193] [INFO] [logging.py:96:log_dist] [Rank 0] step=1460, skipped=0, lr=[0.001], mom=[(0.9, 0.999)]
[2026-06-04 18:28:36,196] [INFO] [timer.py:258:stop] epoch=0/micro_step=1460/global_step=1460, RunningAvgSamplesPerSec=122.31181109646909, CurrSamplesPerSec=122.00283469140518, MemAllocated=0.13GB, MaxMemAllocated=12.01GB
[2026-06-04 18:28:46,736] [INFO] [logging.py:96:log_dist] [Rank 0] step=1470, skipped=0, lr=[0.001], mom=[(0.9, 0.999)]
[2026-06-04 18:28:46,739] [INFO] [timer.py:258:stop] epoch=0/micro_step=1470/global_step=1470, RunningAvgSamplesPerSec=122.3077608971752, CurrSamplesPerSec=122.17335903004253, MemAllocated=0.13GB, MaxMemAllocated=12.01GB
[2026-06-04 18:28:57,282] [INFO] [logging.py:96:log_dist] [Rank 0] step=1480, skipped=0, lr=[0.001], mom=[(0.9, 0.999)]
[2026-06-04 18:28:57,285] [INFO] [timer.py:258:stop] epoch=0/micro_step=1480/global_step=1480, RunningAvgSamplesPerSec=122.30377249699502, CurrSamplesPerSec=121.30343113674635, MemAllocated=0.13GB, MaxMemAllocated=12.01GB
[2026-06-04 18:29:07,821] [INFO] [logging.py:96:log_dist] [Rank 0] step=1490, skipped=0, lr=[0.001], mom=[(0.9, 0.999)]
[2026-06-04 18:29:07,824] [INFO] [timer.py:258:stop] epoch=0/micro_step=1490/global_step=1490, RunningAvgSamplesPerSec=122.30031105766402, CurrSamplesPerSec=121.48544584790982, MemAllocated=0.13GB, MaxMemAllocated=12.01GB
[2026-06-04 18:29:18,359] [INFO] [logging.py:96:log_dist] [Rank 0] step=1500, skipped=0, lr=[0.001], mom=[(0.9, 0.999)]
[2026-06-04 18:29:18,362] [INFO] [timer.py:258:stop] epoch=0/micro_step=1500/global_step=1500, RunningAvgSamplesPerSec=122.29681680017954, CurrSamplesPerSec=121.81169419319941, MemAllocated=0.13GB, MaxMemAllocated=12.01GB
[2026-06-04 18:29:28,893] [INFO] [logging.py:96:log_dist] [Rank 0] step=1510, skipped=0, lr=[0.001], mom=[(0.9, 0.999)]
[2026-06-04 18:29:28,896] [INFO] [timer.py:258:stop] epoch=0/micro_step=1510/global_step=1510, RunningAvgSamplesPerSec=122.2940135296215, CurrSamplesPerSec=121.46197371356226, MemAllocated=0.13GB, MaxMemAllocated=12.01GB
[2026-06-04 18:29:39,428] [INFO] [logging.py:96:log_dist] [Rank 0] step=1520, skipped=0, lr=[0.001], mom=[(0.9, 0.999)]
[2026-06-04 18:29:39,431] [INFO] [timer.py:258:stop] epoch=0/micro_step=1520/global_step=1520, RunningAvgSamplesPerSec=122.290823899638, CurrSamplesPerSec=121.47703441500288, MemAllocated=0.13GB, MaxMemAllocated=12.01GB
[2026-06-04 18:29:49,967] [INFO] [logging.py:96:log_dist] [Rank 0] step=1530, skipped=0, lr=[0.001], mom=[(0.9, 0.999)]
[2026-06-04 18:29:49,970] [INFO] [timer.py:258:stop] epoch=0/micro_step=1530/global_step=1530, RunningAvgSamplesPerSec=122.28748351573503, CurrSamplesPerSec=121.49069671187947, MemAllocated=0.13GB, MaxMemAllocated=12.01GB
[2026-06-04 18:30:00,506] [INFO] [logging.py:96:log_dist] [Rank 0] step=1540, skipped=0, lr=[0.001], mom=[(0.9, 0.999)]
[2026-06-04 18:30:00,509] [INFO] [timer.py:258:stop] epoch=0/micro_step=1540/global_step=1540, RunningAvgSamplesPerSec=122.2848486304647, CurrSamplesPerSec=122.10167078432457, MemAllocated=0.13GB, MaxMemAllocated=12.01GB
[2026-06-04 18:30:11,044] [INFO] [logging.py:96:log_dist] [Rank 0] step=1550, skipped=0, lr=[0.001], mom=[(0.9, 0.999)]
[2026-06-04 18:30:11,047] [INFO] [timer.py:258:stop] epoch=0/micro_step=1550/global_step=1550, RunningAvgSamplesPerSec=122.28214534313047, CurrSamplesPerSec=122.12405737707715, MemAllocated=0.13GB, MaxMemAllocated=12.01GB
[2026-06-04 18:30:21,598] [INFO] [logging.py:96:log_dist] [Rank 0] step=1560, skipped=0, lr=[0.001], mom=[(0.9, 0.999)]
[2026-06-04 18:30:21,601] [INFO] [timer.py:258:stop] epoch=0/micro_step=1560/global_step=1560, RunningAvgSamplesPerSec=122.2780059499934, CurrSamplesPerSec=121.40220747357115, MemAllocated=0.13GB, MaxMemAllocated=12.01GB
[2026-06-04 18:30:32,135] [INFO] [logging.py:96:log_dist] [Rank 0] step=1570, skipped=0, lr=[0.001], mom=[(0.9, 0.999)]
[2026-06-04 18:30:32,137] [INFO] [timer.py:258:stop] epoch=0/micro_step=1570/global_step=1570, RunningAvgSamplesPerSec=122.27535940833816, CurrSamplesPerSec=121.46323778944387, MemAllocated=0.13GB, MaxMemAllocated=12.01GB
[2026-06-04 18:30:42,669] [INFO] [logging.py:96:log_dist] [Rank 0] step=1580, skipped=0, lr=[0.001], mom=[(0.9, 0.999)]
[2026-06-04 18:30:42,672] [INFO] [timer.py:258:stop] epoch=0/micro_step=1580/global_step=1580, RunningAvgSamplesPerSec=122.27302069377494, CurrSamplesPerSec=121.54477126543135, MemAllocated=0.13GB, MaxMemAllocated=12.01GB
[2026-06-04 18:30:53,224] [INFO] [logging.py:96:log_dist] [Rank 0] step=1590, skipped=0, lr=[0.001], mom=[(0.9, 0.999)]
[2026-06-04 18:30:53,227] [INFO] [timer.py:258:stop] epoch=0/micro_step=1590/global_step=1590, RunningAvgSamplesPerSec=122.2690691975458, CurrSamplesPerSec=121.14833633719559, MemAllocated=0.13GB, MaxMemAllocated=12.01GB
[2026-06-04 18:31:03,765] [INFO] [logging.py:96:log_dist] [Rank 0] step=1600, skipped=0, lr=[0.001], mom=[(0.9, 0.999)]
[2026-06-04 18:31:03,768] [INFO] [timer.py:258:stop] epoch=0/micro_step=1600/global_step=1600, RunningAvgSamplesPerSec=122.2661890632202, CurrSamplesPerSec=121.89992357284898, MemAllocated=0.13GB, MaxMemAllocated=12.01GB
Train Epoch: 3, Iteration: 200, Train Loss: 4.2902045249938965
[2026-06-04 18:31:14,300] [INFO] [logging.py:96:log_dist] [Rank 0] step=1610, skipped=0, lr=[0.001], mom=[(0.9, 0.999)]
[2026-06-04 18:31:14,303] [INFO] [timer.py:258:stop] epoch=0/micro_step=1610/global_step=1610, RunningAvgSamplesPerSec=122.26388106339677, CurrSamplesPerSec=121.36216735775342, MemAllocated=0.13GB, MaxMemAllocated=12.01GB
[2026-06-04 18:31:24,842] [INFO] [logging.py:96:log_dist] [Rank 0] step=1620, skipped=0, lr=[0.001], mom=[(0.9, 0.999)]
[2026-06-04 18:31:24,845] [INFO] [timer.py:258:stop] epoch=0/micro_step=1620/global_step=1620, RunningAvgSamplesPerSec=122.26101929152537, CurrSamplesPerSec=121.61175727071125, MemAllocated=0.13GB, MaxMemAllocated=12.01GB
[2026-06-04 18:31:35,393] [INFO] [logging.py:96:log_dist] [Rank 0] step=1630, skipped=0, lr=[0.001], mom=[(0.9, 0.999)]
[2026-06-04 18:31:35,396] [INFO] [timer.py:258:stop] epoch=0/micro_step=1630/global_step=1630, RunningAvgSamplesPerSec=122.25754244527528, CurrSamplesPerSec=121.44710905609287, MemAllocated=0.13GB, MaxMemAllocated=12.01GB
[2026-06-04 18:31:45,930] [INFO] [logging.py:96:log_dist] [Rank 0] step=1640, skipped=0, lr=[0.001], mom=[(0.9, 0.999)]
[2026-06-04 18:31:45,933] [INFO] [timer.py:258:stop] epoch=0/micro_step=1640/global_step=1640, RunningAvgSamplesPerSec=122.25511853876877, CurrSamplesPerSec=121.46903638770564, MemAllocated=0.13GB, MaxMemAllocated=12.01GB
[2026-06-04 18:31:56,466] [INFO] [logging.py:96:log_dist] [Rank 0] step=1650, skipped=0, lr=[0.001], mom=[(0.9, 0.999)]
[2026-06-04 18:31:56,469] [INFO] [timer.py:258:stop] epoch=0/micro_step=1650/global_step=1650, RunningAvgSamplesPerSec=122.25274848485051, CurrSamplesPerSec=121.37572150573735, MemAllocated=0.13GB, MaxMemAllocated=12.01GB
[2026-06-04 18:32:07,003] [INFO] [logging.py:96:log_dist] [Rank 0] step=1660, skipped=0, lr=[0.001], mom=[(0.9, 0.999)]
[2026-06-04 18:32:07,006] [INFO] [timer.py:258:stop] epoch=0/micro_step=1660/global_step=1660, RunningAvgSamplesPerSec=122.25028368858281, CurrSamplesPerSec=120.94977912909638, MemAllocated=0.13GB, MaxMemAllocated=12.01GB
[2026-06-04 18:32:17,538] [INFO] [logging.py:96:log_dist] [Rank 0] step=1670, skipped=0, lr=[0.001], mom=[(0.9, 0.999)]
[2026-06-04 18:32:17,541] [INFO] [timer.py:258:stop] epoch=0/micro_step=1670/global_step=1670, RunningAvgSamplesPerSec=122.24811278964177, CurrSamplesPerSec=121.53131689225164, MemAllocated=0.13GB, MaxMemAllocated=12.01GB
[2026-06-04 18:32:28,077] [INFO] [logging.py:96:log_dist] [Rank 0] step=1680, skipped=0, lr=[0.001], mom=[(0.9, 0.999)]
[2026-06-04 18:32:28,080] [INFO] [timer.py:258:stop] epoch=0/micro_step=1680/global_step=1680, RunningAvgSamplesPerSec=122.24568401259906, CurrSamplesPerSec=121.96051345681946, MemAllocated=0.13GB, MaxMemAllocated=12.01GB
[2026-06-04 18:32:38,612] [INFO] [logging.py:96:log_dist] [Rank 0] step=1690, skipped=0, lr=[0.001], mom=[(0.9, 0.999)]
[2026-06-04 18:32:38,615] [INFO] [timer.py:258:stop] epoch=0/micro_step=1690/global_step=1690, RunningAvgSamplesPerSec=122.24362168147589, CurrSamplesPerSec=121.50265718008941, MemAllocated=0.13GB, MaxMemAllocated=12.01GB
[2026-06-04 18:32:49,148] [INFO] [logging.py:96:log_dist] [Rank 0] step=1700, skipped=0, lr=[0.001], mom=[(0.9, 0.999)]
[2026-06-04 18:32:49,151] [INFO] [timer.py:258:stop] epoch=0/micro_step=1700/global_step=1700, RunningAvgSamplesPerSec=122.2415293215735, CurrSamplesPerSec=121.56673388032648, MemAllocated=0.13GB, MaxMemAllocated=12.01GB
[2026-06-04 18:32:59,686] [INFO] [logging.py:96:log_dist] [Rank 0] step=1710, skipped=0, lr=[0.001], mom=[(0.9, 0.999)]
[2026-06-04 18:32:59,689] [INFO] [timer.py:258:stop] epoch=0/micro_step=1710/global_step=1710, RunningAvgSamplesPerSec=122.23934581919525, CurrSamplesPerSec=121.42071333841146, MemAllocated=0.13GB, MaxMemAllocated=12.01GB
[2026-06-04 18:33:10,212] [INFO] [logging.py:96:log_dist] [Rank 0] step=1720, skipped=0, lr=[0.001], mom=[(0.9, 0.999)]
[2026-06-04 18:33:10,215] [INFO] [timer.py:258:stop] epoch=0/micro_step=1720/global_step=1720, RunningAvgSamplesPerSec=122.23797379059631, CurrSamplesPerSec=122.4508446920305, MemAllocated=0.13GB, MaxMemAllocated=12.01GB
[2026-06-04 18:33:20,750] [INFO] [logging.py:96:log_dist] [Rank 0] step=1730, skipped=0, lr=[0.001], mom=[(0.9, 0.999)]
[2026-06-04 18:33:20,753] [INFO] [timer.py:258:stop] epoch=0/micro_step=1730/global_step=1730, RunningAvgSamplesPerSec=122.23583803164706, CurrSamplesPerSec=122.09486755320819, MemAllocated=0.13GB, MaxMemAllocated=12.01GB
[2026-06-04 18:33:31,294] [INFO] [logging.py:96:log_dist] [Rank 0] step=1740, skipped=0, lr=[0.001], mom=[(0.9, 0.999)]
[2026-06-04 18:33:31,297] [INFO] [timer.py:258:stop] epoch=0/micro_step=1740/global_step=1740, RunningAvgSamplesPerSec=122.23324134240536, CurrSamplesPerSec=121.43384109558305, MemAllocated=0.13GB, MaxMemAllocated=12.01GB
[2026-06-04 18:33:41,835] [INFO] [logging.py:96:log_dist] [Rank 0] step=1750, skipped=0, lr=[0.001], mom=[(0.9, 0.999)]
[2026-06-04 18:33:41,838] [INFO] [timer.py:258:stop] epoch=0/micro_step=1750/global_step=1750, RunningAvgSamplesPerSec=122.23153972626204, CurrSamplesPerSec=121.57105578033871, MemAllocated=0.13GB, MaxMemAllocated=12.01GB
[2026-06-04 18:33:52,372] [INFO] [logging.py:96:log_dist] [Rank 0] step=1760, skipped=0, lr=[0.001], mom=[(0.9, 0.999)]
[2026-06-04 18:33:52,375] [INFO] [timer.py:258:stop] epoch=0/micro_step=1760/global_step=1760, RunningAvgSamplesPerSec=122.22945365977345, CurrSamplesPerSec=121.86215460966474, MemAllocated=0.13GB, MaxMemAllocated=12.01GB
[2026-06-04 18:34:02,907] [INFO] [logging.py:96:log_dist] [Rank 0] step=1770, skipped=0, lr=[0.001], mom=[(0.9, 0.999)]
[2026-06-04 18:34:02,910] [INFO] [timer.py:258:stop] epoch=0/micro_step=1770/global_step=1770, RunningAvgSamplesPerSec=122.22768928537535, CurrSamplesPerSec=122.2755907251365, MemAllocated=0.13GB, MaxMemAllocated=12.01GB
[2026-06-04 18:34:13,440] [INFO] [logging.py:96:log_dist] [Rank 0] step=1780, skipped=0, lr=[0.001], mom=[(0.9, 0.999)]
[2026-06-04 18:34:13,443] [INFO] [timer.py:258:stop] epoch=0/micro_step=1780/global_step=1780, RunningAvgSamplesPerSec=122.22566297620843, CurrSamplesPerSec=121.55685247374466, MemAllocated=0.13GB, MaxMemAllocated=12.01GB
[2026-06-04 18:34:23,957] [INFO] [logging.py:96:log_dist] [Rank 0] step=1790, skipped=0, lr=[0.001], mom=[(0.9, 0.999)]
[2026-06-04 18:34:23,959] [INFO] [timer.py:258:stop] epoch=0/micro_step=1790/global_step=1790, RunningAvgSamplesPerSec=122.2246902994462, CurrSamplesPerSec=121.50785453121658, MemAllocated=0.13GB, MaxMemAllocated=12.01GB
[2026-06-04 18:34:34,483] [INFO] [logging.py:96:log_dist] [Rank 0] step=1800, skipped=0, lr=[0.001], mom=[(0.9, 0.999)]
[2026-06-04 18:34:34,486] [INFO] [timer.py:258:stop] epoch=0/micro_step=1800/global_step=1800, RunningAvgSamplesPerSec=122.22308869360418, CurrSamplesPerSec=122.4217217864096, MemAllocated=0.13GB, MaxMemAllocated=12.01GB
Train Epoch: 3, Iteration: 400, Train Loss: 4.524195671081543
[2026-06-04 18:34:45,013] [INFO] [logging.py:96:log_dist] [Rank 0] step=1810, skipped=0, lr=[0.001], mom=[(0.9, 0.999)]
[2026-06-04 18:34:45,016] [INFO] [timer.py:258:stop] epoch=0/micro_step=1810/global_step=1810, RunningAvgSamplesPerSec=122.22109734641663, CurrSamplesPerSec=121.86738276240135, MemAllocated=0.13GB, MaxMemAllocated=12.01GB
[2026-06-04 18:34:55,547] [INFO] [logging.py:96:log_dist] [Rank 0] step=1820, skipped=0, lr=[0.001], mom=[(0.9, 0.999)]
[2026-06-04 18:34:55,551] [INFO] [timer.py:258:stop] epoch=0/micro_step=1820/global_step=1820, RunningAvgSamplesPerSec=122.21906378369124, CurrSamplesPerSec=121.45818164377636, MemAllocated=0.13GB, MaxMemAllocated=12.01GB
[2026-06-04 18:35:06,076] [INFO] [logging.py:96:log_dist] [Rank 0] step=1830, skipped=0, lr=[0.001], mom=[(0.9, 0.999)]
[2026-06-04 18:35:06,079] [INFO] [timer.py:258:stop] epoch=0/micro_step=1830/global_step=1830, RunningAvgSamplesPerSec=122.21734203880835, CurrSamplesPerSec=121.93635889979237, MemAllocated=0.13GB, MaxMemAllocated=12.01GB
[2026-06-04 18:35:16,624] [INFO] [logging.py:96:log_dist] [Rank 0] step=1840, skipped=0, lr=[0.001], mom=[(0.9, 0.999)]
[2026-06-04 18:35:16,626] [INFO] [timer.py:258:stop] epoch=0/micro_step=1840/global_step=1840, RunningAvgSamplesPerSec=122.21461520722224, CurrSamplesPerSec=122.02080307175434, MemAllocated=0.13GB, MaxMemAllocated=12.01GB
[2026-06-04 18:35:27,157] [INFO] [logging.py:96:log_dist] [Rank 0] step=1850, skipped=0, lr=[0.001], mom=[(0.9, 0.999)]
[2026-06-04 18:35:27,160] [INFO] [timer.py:258:stop] epoch=0/micro_step=1850/global_step=1850, RunningAvgSamplesPerSec=122.21281928806856, CurrSamplesPerSec=121.54468871418267, MemAllocated=0.13GB, MaxMemAllocated=12.01GB
[2026-06-04 18:35:37,695] [INFO] [logging.py:96:log_dist] [Rank 0] step=1860, skipped=0, lr=[0.001], mom=[(0.9, 0.999)]
[2026-06-04 18:35:37,699] [INFO] [timer.py:258:stop] epoch=0/micro_step=1860/global_step=1860, RunningAvgSamplesPerSec=122.21066362549834, CurrSamplesPerSec=121.1076712072285, MemAllocated=0.13GB, MaxMemAllocated=12.01GB
[2026-06-04 18:35:48,211] [INFO] [logging.py:96:log_dist] [Rank 0] step=1870, skipped=0, lr=[0.001], mom=[(0.9, 0.999)]
[2026-06-04 18:35:48,214] [INFO] [timer.py:258:stop] epoch=0/micro_step=1870/global_step=1870, RunningAvgSamplesPerSec=122.20993645777527, CurrSamplesPerSec=121.5924495807902, MemAllocated=0.13GB, MaxMemAllocated=12.01GB
[2026-06-04 18:35:58,748] [INFO] [logging.py:96:log_dist] [Rank 0] step=1880, skipped=0, lr=[0.001], mom=[(0.9, 0.999)]
[2026-06-04 18:35:58,751] [INFO] [timer.py:258:stop] epoch=0/micro_step=1880/global_step=1880, RunningAvgSamplesPerSec=122.20792425340574, CurrSamplesPerSec=121.48992692332324, MemAllocated=0.13GB, MaxMemAllocated=12.01GB
[2026-06-04 18:36:09,265] [INFO] [logging.py:96:log_dist] [Rank 0] step=1890, skipped=0, lr=[0.001], mom=[(0.9, 0.999)]
[2026-06-04 18:36:09,268] [INFO] [timer.py:258:stop] epoch=0/micro_step=1890/global_step=1890, RunningAvgSamplesPerSec=122.2070796807537, CurrSamplesPerSec=122.14145014713962, MemAllocated=0.13GB, MaxMemAllocated=12.01GB
[2026-06-04 18:36:19,800] [INFO] [logging.py:96:log_dist] [Rank 0] step=1900, skipped=0, lr=[0.001], mom=[(0.9, 0.999)]
[2026-06-04 18:36:19,803] [INFO] [timer.py:258:stop] epoch=0/micro_step=1900/global_step=1900, RunningAvgSamplesPerSec=122.20528787232733, CurrSamplesPerSec=121.56056813455213, MemAllocated=0.13GB, MaxMemAllocated=12.01GB
[2026-06-04 18:36:30,339] [INFO] [logging.py:96:log_dist] [Rank 0] step=1910, skipped=0, lr=[0.001], mom=[(0.9, 0.999)]
[2026-06-04 18:36:30,342] [INFO] [timer.py:258:stop] epoch=0/micro_step=1910/global_step=1910, RunningAvgSamplesPerSec=122.20369366210468, CurrSamplesPerSec=121.47104266672459, MemAllocated=0.13GB, MaxMemAllocated=12.01GB
[2026-06-04 18:36:40,875] [INFO] [logging.py:96:log_dist] [Rank 0] step=1920, skipped=0, lr=[0.001], mom=[(0.9, 0.999)]
[2026-06-04 18:36:40,879] [INFO] [timer.py:258:stop] epoch=0/micro_step=1920/global_step=1920, RunningAvgSamplesPerSec=122.20205290070268, CurrSamplesPerSec=121.4857482413708, MemAllocated=0.13GB, MaxMemAllocated=12.01GB
[2026-06-04 18:36:51,410] [INFO] [logging.py:96:log_dist] [Rank 0] step=1930, skipped=0, lr=[0.001], mom=[(0.9, 0.999)]
[2026-06-04 18:36:51,413] [INFO] [timer.py:258:stop] epoch=0/micro_step=1930/global_step=1930, RunningAvgSamplesPerSec=122.20060620509624, CurrSamplesPerSec=121.4687615601244, MemAllocated=0.13GB, MaxMemAllocated=12.01GB
[2026-06-04 18:37:01,957] [INFO] [logging.py:96:log_dist] [Rank 0] step=1940, skipped=0, lr=[0.001], mom=[(0.9, 0.999)]
[2026-06-04 18:37:01,960] [INFO] [timer.py:258:stop] epoch=0/micro_step=1940/global_step=1940, RunningAvgSamplesPerSec=122.19879962820076, CurrSamplesPerSec=122.3785515694321, MemAllocated=0.13GB, MaxMemAllocated=12.01GB
[2026-06-04 18:37:12,486] [INFO] [logging.py:96:log_dist] [Rank 0] step=1950, skipped=0, lr=[0.001], mom=[(0.9, 0.999)]
[2026-06-04 18:37:12,489] [INFO] [timer.py:258:stop] epoch=0/micro_step=1950/global_step=1950, RunningAvgSamplesPerSec=122.19729428230565, CurrSamplesPerSec=122.00635585516795, MemAllocated=0.13GB, MaxMemAllocated=12.01GB
[2026-06-04 18:37:23,021] [INFO] [logging.py:96:log_dist] [Rank 0] step=1960, skipped=0, lr=[0.001], mom=[(0.9, 0.999)]
[2026-06-04 18:37:23,024] [INFO] [timer.py:258:stop] epoch=0/micro_step=1960/global_step=1960, RunningAvgSamplesPerSec=122.19567571227064, CurrSamplesPerSec=121.492318798272, MemAllocated=0.13GB, MaxMemAllocated=12.01GB
[2026-06-04 18:37:33,548] [INFO] [logging.py:96:log_dist] [Rank 0] step=1970, skipped=0, lr=[0.001], mom=[(0.9, 0.999)]
[2026-06-04 18:37:33,551] [INFO] [timer.py:258:stop] epoch=0/micro_step=1970/global_step=1970, RunningAvgSamplesPerSec=122.19459789243656, CurrSamplesPerSec=122.29728894886516, MemAllocated=0.13GB, MaxMemAllocated=12.01GB
[2026-06-04 18:37:44,085] [INFO] [logging.py:96:log_dist] [Rank 0] step=1980, skipped=0, lr=[0.001], mom=[(0.9, 0.999)]
[2026-06-04 18:37:44,088] [INFO] [timer.py:258:stop] epoch=0/micro_step=1980/global_step=1980, RunningAvgSamplesPerSec=122.19289609155356, CurrSamplesPerSec=122.04782105897054, MemAllocated=0.13GB, MaxMemAllocated=12.01GB
[2026-06-04 18:37:54,620] [INFO] [logging.py:96:log_dist] [Rank 0] step=1990, skipped=0, lr=[0.001], mom=[(0.9, 0.999)]
[2026-06-04 18:37:54,623] [INFO] [timer.py:258:stop] epoch=0/micro_step=1990/global_step=1990, RunningAvgSamplesPerSec=122.19142652883146, CurrSamplesPerSec=122.34857079828734, MemAllocated=0.13GB, MaxMemAllocated=12.01GB
[2026-06-04 18:38:05,168] [INFO] [logging.py:96:log_dist] [Rank 0] step=2000, skipped=0, lr=[0.001], mom=[(0.9, 0.999)]
[2026-06-04 18:38:05,171] [INFO] [timer.py:258:stop] epoch=0/micro_step=2000/global_step=2000, RunningAvgSamplesPerSec=122.18927955476298, CurrSamplesPerSec=121.41684146678767, MemAllocated=0.13GB, MaxMemAllocated=12.01GB
Train Epoch: 3, Iteration: 600, Train Loss: 4.115734100341797
[2026-06-04 18:38:15,707] [INFO] [logging.py:96:log_dist] [Rank 0] step=2010, skipped=0, lr=[0.001], mom=[(0.9, 0.999)]
[2026-06-04 18:38:15,711] [INFO] [timer.py:258:stop] epoch=0/micro_step=2010/global_step=2010, RunningAvgSamplesPerSec=122.18762126375299, CurrSamplesPerSec=122.14661892171614, MemAllocated=0.13GB, MaxMemAllocated=12.01GB
[2026-06-04 18:38:26,243] [INFO] [logging.py:96:log_dist] [Rank 0] step=2020, skipped=0, lr=[0.001], mom=[(0.9, 0.999)]
[2026-06-04 18:38:26,246] [INFO] [timer.py:258:stop] epoch=0/micro_step=2020/global_step=2020, RunningAvgSamplesPerSec=122.18618407281997, CurrSamplesPerSec=121.85819921547122, MemAllocated=0.13GB, MaxMemAllocated=12.01GB
[2026-06-04 18:38:36,782] [INFO] [logging.py:96:log_dist] [Rank 0] step=2030, skipped=0, lr=[0.001], mom=[(0.9, 0.999)]
[2026-06-04 18:38:36,785] [INFO] [timer.py:258:stop] epoch=0/micro_step=2030/global_step=2030, RunningAvgSamplesPerSec=122.18458915594951, CurrSamplesPerSec=122.0359194651132, MemAllocated=0.13GB, MaxMemAllocated=12.01GB
[2026-06-04 18:38:47,314] [INFO] [logging.py:96:log_dist] [Rank 0] step=2040, skipped=0, lr=[0.001], mom=[(0.9, 0.999)]
[2026-06-04 18:38:47,317] [INFO] [timer.py:258:stop] epoch=0/micro_step=2040/global_step=2040, RunningAvgSamplesPerSec=122.1833888047815, CurrSamplesPerSec=121.64876474156337, MemAllocated=0.13GB, MaxMemAllocated=12.01GB
[2026-06-04 18:38:57,852] [INFO] [logging.py:96:log_dist] [Rank 0] step=2050, skipped=0, lr=[0.001], mom=[(0.9, 0.999)]
[2026-06-04 18:38:57,855] [INFO] [timer.py:258:stop] epoch=0/micro_step=2050/global_step=2050, RunningAvgSamplesPerSec=122.18187221108192, CurrSamplesPerSec=121.64002751492885, MemAllocated=0.13GB, MaxMemAllocated=12.01GB
[2026-06-04 18:39:08,386] [INFO] [logging.py:96:log_dist] [Rank 0] step=2060, skipped=0, lr=[0.001], mom=[(0.9, 0.999)]
[2026-06-04 18:39:08,389] [INFO] [timer.py:258:stop] epoch=0/micro_step=2060/global_step=2060, RunningAvgSamplesPerSec=122.18052909346589, CurrSamplesPerSec=121.45873120443636, MemAllocated=0.13GB, MaxMemAllocated=12.01GB
[2026-06-04 18:39:18,913] [INFO] [logging.py:96:log_dist] [Rank 0] step=2070, skipped=0, lr=[0.001], mom=[(0.9, 0.999)]
[2026-06-04 18:39:18,916] [INFO] [timer.py:258:stop] epoch=0/micro_step=2070/global_step=2070, RunningAvgSamplesPerSec=122.17962950467121, CurrSamplesPerSec=122.33337685529449, MemAllocated=0.13GB, MaxMemAllocated=12.01GB
[2026-06-04 18:39:29,442] [INFO] [logging.py:96:log_dist] [Rank 0] step=2080, skipped=0, lr=[0.001], mom=[(0.9, 0.999)]
[2026-06-04 18:39:29,445] [INFO] [timer.py:258:stop] epoch=0/micro_step=2080/global_step=2080, RunningAvgSamplesPerSec=122.17865150621365, CurrSamplesPerSec=121.71625177970635, MemAllocated=0.13GB, MaxMemAllocated=12.01GB
[2026-06-04 18:39:39,980] [INFO] [logging.py:96:log_dist] [Rank 0] step=2090, skipped=0, lr=[0.001], mom=[(0.9, 0.999)]
[2026-06-04 18:39:39,983] [INFO] [timer.py:258:stop] epoch=0/micro_step=2090/global_step=2090, RunningAvgSamplesPerSec=122.17717184036682, CurrSamplesPerSec=122.01101408486554, MemAllocated=0.13GB, MaxMemAllocated=12.01GB
[2026-06-04 18:39:50,509] [INFO] [logging.py:96:log_dist] [Rank 0] step=2100, skipped=0, lr=[0.001], mom=[(0.9, 0.999)]
[2026-06-04 18:39:50,512] [INFO] [timer.py:258:stop] epoch=0/micro_step=2100/global_step=2100, RunningAvgSamplesPerSec=122.17616271626012, CurrSamplesPerSec=121.94223045763636, MemAllocated=0.13GB, MaxMemAllocated=12.01GB
[2026-06-04 18:40:01,032] [INFO] [logging.py:96:log_dist] [Rank 0] step=2110, skipped=0, lr=[0.001], mom=[(0.9, 0.999)]
[2026-06-04 18:40:01,036] [INFO] [timer.py:258:stop] epoch=0/micro_step=2110/global_step=2110, RunningAvgSamplesPerSec=122.17548462278035, CurrSamplesPerSec=122.03234111808047, MemAllocated=0.13GB, MaxMemAllocated=12.01GB
ZeRO stage 2
Epoch 3 train time: 741.29 s
Peak VRAM: 12296.4 MB
Epoch 3. Train Loss = 4.1745. Val Loss = 4.7131. Val Accuracy = 0.092.
===== ZeRO stage 3 =====
W0604 18:41:22.437000 2953977 torch/distributed/run.py:803]
W0604 18:41:22.437000 2953977 torch/distributed/run.py:803] *****************************************
W0604 18:41:22.437000 2953977 torch/distributed/run.py:803] Setting OMP_NUM_THREADS environment variable for each process to be 1 in default, to avoid your system being overloaded, please further tune the variable for optimal performance in your application as needed.
W0604 18:41:22.437000 2953977 torch/distributed/run.py:803] *****************************************
[2026-06-04 18:41:32,056] [INFO] [real_accelerator.py:203:get_accelerator] Setting ds_accelerator to cuda (auto detect)
[2026-06-04 18:41:32,070] [INFO] [real_accelerator.py:203:get_accelerator] Setting ds_accelerator to cuda (auto detect)
[93m [WARNING] [0m async_io requires the dev libaio .so object and headers but these were not found.
[93m [WARNING] [0m async_io requires the dev libaio .so object and headers but these were not found.
[93m [WARNING] [0m async_io: please install the libaio-dev package with apt
[93m [WARNING] [0m If libaio is already installed (perhaps from source), try setting the CFLAGS and LDFLAGS environment variables to where it can be found.
[93m [WARNING] [0m Please specify the CUTLASS repo directory as environment variable $CUTLASS_PATH
[93m [WARNING] [0m async_io: please install the libaio-dev package with apt
[93m [WARNING] [0m If libaio is already installed (perhaps from source), try setting the CFLAGS and LDFLAGS environment variables to where it can be found.
[93m [WARNING] [0m Please specify the CUTLASS repo directory as environment variable $CUTLASS_PATH
[93m [WARNING] [0m sparse_attn requires a torch version >= 1.5 and < 2.0 but detected 2.9
[93m [WARNING] [0m using untested triton version (3.5.1), only 1.0.0 is known to be compatible
[93m [WARNING] [0m sparse_attn requires a torch version >= 1.5 and < 2.0 but detected 2.9
[93m [WARNING] [0m using untested triton version (3.5.1), only 1.0.0 is known to be compatible
/ceph/home/student.aau.dk/yt84fi/.local/lib/python3.12/site-packages/deepspeed/runtime/zero/linear.py:47: FutureWarning: `torch.cuda.amp.custom_fwd(args...)` is deprecated. Please use `torch.amp.custom_fwd(args..., device_type='cuda')` instead.
  @autocast_custom_fwd
/ceph/home/student.aau.dk/yt84fi/.local/lib/python3.12/site-packages/deepspeed/runtime/zero/linear.py:47: FutureWarning: `torch.cuda.amp.custom_fwd(args...)` is deprecated. Please use `torch.amp.custom_fwd(args..., device_type='cuda')` instead.
  @autocast_custom_fwd
/ceph/home/student.aau.dk/yt84fi/.local/lib/python3.12/site-packages/deepspeed/runtime/zero/linear.py:66: FutureWarning: `torch.cuda.amp.custom_bwd(args...)` is deprecated. Please use `torch.amp.custom_bwd(args..., device_type='cuda')` instead.
  @autocast_custom_bwd
/ceph/home/student.aau.dk/yt84fi/.local/lib/python3.12/site-packages/deepspeed/runtime/zero/linear.py:66: FutureWarning: `torch.cuda.amp.custom_bwd(args...)` is deprecated. Please use `torch.amp.custom_bwd(args..., device_type='cuda')` instead.
  @autocast_custom_bwd
[2026-06-04 18:42:23,947] [INFO] [comm.py:637:init_distributed] cdb=None
[2026-06-04 18:42:23,947] [INFO] [comm.py:668:init_distributed] Initializing TorchBackend in DeepSpeed with backend nccl
[2026-06-04 18:42:23,971] [INFO] [comm.py:637:init_distributed] cdb=None
[2026-06-04 18:42:24,179] [INFO] [logging.py:96:log_dist] [Rank 0] DeepSpeed info: version=0.14.4, git-hash=unknown, git-branch=unknown
[2026-06-04 18:42:25,451] [INFO] [logging.py:96:log_dist] [Rank 0] DeepSpeed Flops Profiler Enabled: False
ninja: no work to do.
Time to load fused_adam op: 2.6105122566223145 seconds
[2026-06-04 18:42:28,085] [INFO] [logging.py:96:log_dist] [Rank 0] Using DeepSpeed Optimizer param name adam as basic optimizer
[2026-06-04 18:42:28,085] [INFO] [logging.py:96:log_dist] [Rank 0] Removing param_group that has no 'params' in the basic Optimizer
[2026-06-04 18:42:28,086] [INFO] [logging.py:96:log_dist] [Rank 0] DeepSpeed Basic Optimizer = FusedAdam
[2026-06-04 18:42:28,086] [INFO] [utils.py:56:is_zero_supported_optimizer] Checking ZeRO support for optimizer=FusedAdam type=<class 'deepspeed.ops.adam.fused_adam.FusedAdam'>
[2026-06-04 18:42:28,087] [INFO] [logging.py:96:log_dist] [Rank 0] Creating fp16 ZeRO stage 3 optimizer, MiCS is enabled False, Hierarchical params gather False
[2026-06-04 18:42:28,087] [INFO] [logging.py:96:log_dist] [Rank 0] Creating torch.float32 ZeRO stage 3 optimizer
Time to load fused_adam op: 2.6352295875549316 seconds
[2026-06-04 18:42:28,397] [INFO] [utils.py:781:see_memory_usage] Stage 3 initialize beginning
[2026-06-04 18:42:28,399] [INFO] [utils.py:782:see_memory_usage] MA 0.04 GB         Max_MA 0.04 GB         CA 0.06 GB         Max_CA 0 GB
[2026-06-04 18:42:28,399] [INFO] [utils.py:789:see_memory_usage] CPU Virtual Memory:  used = 24.7 GB, percent = 4.9%
[2026-06-04 18:42:28,400] [INFO] [stage3.py:130:__init__] Reduce bucket size 500,000,000
[2026-06-04 18:42:28,400] [INFO] [stage3.py:131:__init__] Prefetch bucket size 50,000,000
[2026-06-04 18:42:28,687] [INFO] [utils.py:781:see_memory_usage] DeepSpeedZeRoOffload initialize [begin]
[2026-06-04 18:42:28,689] [INFO] [utils.py:782:see_memory_usage] MA 0.04 GB         Max_MA 0.04 GB         CA 0.06 GB         Max_CA 0 GB
[2026-06-04 18:42:28,689] [INFO] [utils.py:789:see_memory_usage] CPU Virtual Memory:  used = 24.7 GB, percent = 4.9%
Parameter Offload: Total persistent parameters: 273672 in 49 params
[2026-06-04 18:42:29,104] [INFO] [utils.py:781:see_memory_usage] DeepSpeedZeRoOffload initialize [end]
[2026-06-04 18:42:29,106] [INFO] [utils.py:782:see_memory_usage] MA 0.02 GB         Max_MA 0.04 GB         CA 0.06 GB         Max_CA 0 GB
[2026-06-04 18:42:29,106] [INFO] [utils.py:789:see_memory_usage] CPU Virtual Memory:  used = 24.71 GB, percent = 4.9%
[2026-06-04 18:42:29,408] [INFO] [utils.py:781:see_memory_usage] Before creating fp16 partitions
[2026-06-04 18:42:29,409] [INFO] [utils.py:782:see_memory_usage] MA 0.02 GB         Max_MA 0.02 GB         CA 0.06 GB         Max_CA 0 GB
[2026-06-04 18:42:29,410] [INFO] [utils.py:789:see_memory_usage] CPU Virtual Memory:  used = 24.71 GB, percent = 4.9%
/ceph/home/student.aau.dk/yt84fi/.local/lib/python3.12/site-packages/torch/distributed/distributed_c10d.py:4876: UserWarning: barrier(): using the device under current context. You can specify `device_id` in `init_process_group` to mute this warning.
  warnings.warn(  # warn only once
[2026-06-04 18:42:29,939] [INFO] [utils.py:781:see_memory_usage] After creating fp16 partitions: 1
[2026-06-04 18:42:29,940] [INFO] [utils.py:782:see_memory_usage] MA 0.02 GB         Max_MA 0.02 GB         CA 0.02 GB         Max_CA 0 GB
[2026-06-04 18:42:29,941] [INFO] [utils.py:789:see_memory_usage] CPU Virtual Memory:  used = 24.7 GB, percent = 4.9%
[2026-06-04 18:42:30,197] [INFO] [utils.py:781:see_memory_usage] Before creating fp32 partitions
[2026-06-04 18:42:30,198] [INFO] [utils.py:782:see_memory_usage] MA 0.02 GB         Max_MA 0.02 GB         CA 0.02 GB         Max_CA 0 GB
[2026-06-04 18:42:30,198] [INFO] [utils.py:789:see_memory_usage] CPU Virtual Memory:  used = 24.7 GB, percent = 4.9%
[2026-06-04 18:42:30,438] [INFO] [utils.py:781:see_memory_usage] After creating fp32 partitions
[2026-06-04 18:42:30,439] [INFO] [utils.py:782:see_memory_usage] MA 0.04 GB         Max_MA 0.04 GB         CA 0.04 GB         Max_CA 0 GB
[2026-06-04 18:42:30,439] [INFO] [utils.py:789:see_memory_usage] CPU Virtual Memory:  used = 24.7 GB, percent = 4.9%
[2026-06-04 18:42:30,661] [INFO] [utils.py:781:see_memory_usage] Before initializing optimizer states
[2026-06-04 18:42:30,662] [INFO] [utils.py:782:see_memory_usage] MA 0.04 GB         Max_MA 0.04 GB         CA 0.04 GB         Max_CA 0 GB
[2026-06-04 18:42:30,662] [INFO] [utils.py:789:see_memory_usage] CPU Virtual Memory:  used = 24.7 GB, percent = 4.9%
[2026-06-04 18:42:30,868] [INFO] [utils.py:781:see_memory_usage] After initializing optimizer states
[2026-06-04 18:42:30,869] [INFO] [utils.py:782:see_memory_usage] MA 0.04 GB         Max_MA 0.06 GB         CA 0.07 GB         Max_CA 0 GB
[2026-06-04 18:42:30,869] [INFO] [utils.py:789:see_memory_usage] CPU Virtual Memory:  used = 24.7 GB, percent = 4.9%
[2026-06-04 18:42:30,870] [INFO] [stage3.py:486:_setup_for_real_optimizer] optimizer state initialized
[2026-06-04 18:42:31,073] [INFO] [utils.py:781:see_memory_usage] After initializing ZeRO optimizer
[2026-06-04 18:42:31,074] [INFO] [utils.py:782:see_memory_usage] MA 1.93 GB         Max_MA 1.95 GB         CA 1.95 GB         Max_CA 2 GB
[2026-06-04 18:42:31,074] [INFO] [utils.py:789:see_memory_usage] CPU Virtual Memory:  used = 24.7 GB, percent = 4.9%
[2026-06-04 18:42:31,074] [INFO] [logging.py:96:log_dist] [Rank 0] DeepSpeed Final Optimizer = DeepSpeedZeroOptimizer_Stage3
[2026-06-04 18:42:31,075] [INFO] [logging.py:96:log_dist] [Rank 0] DeepSpeed using client LR scheduler
[2026-06-04 18:42:31,075] [INFO] [logging.py:96:log_dist] [Rank 0] DeepSpeed LR Scheduler = None
[2026-06-04 18:42:31,075] [INFO] [logging.py:96:log_dist] [Rank 0] step=0, skipped=0, lr=[0.001], mom=[(0.9, 0.999)]
[2026-06-04 18:42:31,075] [INFO] [config.py:997:print] DeepSpeedEngine configuration:
[2026-06-04 18:42:31,075] [INFO] [config.py:1001:print]   activation_checkpointing_config  {
    "partition_activations": false,
    "contiguous_memory_optimization": false,
    "cpu_checkpointing": false,
    "number_checkpoints": null,
    "synchronize_checkpoint_boundary": false,
    "profile": false
}
[2026-06-04 18:42:31,075] [INFO] [config.py:1001:print]   aio_config ................... {'block_size': 1048576, 'queue_depth': 8, 'thread_count': 1, 'single_submit': False, 'overlap_events': True}
[2026-06-04 18:42:31,075] [INFO] [config.py:1001:print]   amp_enabled .................. False
[2026-06-04 18:42:31,075] [INFO] [config.py:1001:print]   amp_params ................... False
[2026-06-04 18:42:31,075] [INFO] [config.py:1001:print]   autotuning_config ............ {
    "enabled": false,
    "start_step": null,
    "end_step": null,
    "metric_path": null,
    "arg_mappings": null,
    "metric": "throughput",
    "model_info": null,
    "results_dir": "autotuning_results",
    "exps_dir": "autotuning_exps",
    "overwrite": true,
    "fast": true,
    "start_profile_step": 3,
    "end_profile_step": 5,
    "tuner_type": "gridsearch",
    "tuner_early_stopping": 5,
    "tuner_num_trials": 50,
    "model_info_path": null,
    "mp_size": 1,
    "max_train_batch_size": null,
    "min_train_batch_size": 1,
    "max_train_micro_batch_size_per_gpu": 1.024000e+03,
    "min_train_micro_batch_size_per_gpu": 1,
    "num_tuning_micro_batch_sizes": 3
}
[2026-06-04 18:42:31,075] [INFO] [config.py:1001:print]   bfloat16_enabled ............. False
[2026-06-04 18:42:31,075] [INFO] [config.py:1001:print]   bfloat16_immediate_grad_update  False
[2026-06-04 18:42:31,075] [INFO] [config.py:1001:print]   checkpoint_parallel_write_pipeline  False
[2026-06-04 18:42:31,075] [INFO] [config.py:1001:print]   checkpoint_tag_validation_enabled  True
[2026-06-04 18:42:31,075] [INFO] [config.py:1001:print]   checkpoint_tag_validation_fail  False
[2026-06-04 18:42:31,075] [INFO] [config.py:1001:print]   comms_config ................. <deepspeed.comm.config.DeepSpeedCommsConfig object at 0x7f40452f3500>
[2026-06-04 18:42:31,075] [INFO] [config.py:1001:print]   communication_data_type ...... None
[2026-06-04 18:42:31,076] [INFO] [config.py:1001:print]   compression_config ........... {'weight_quantization': {'shared_parameters': {'enabled': False, 'quantizer_kernel': False, 'schedule_offset': 0, 'quantize_groups': 1, 'quantize_verbose': False, 'quantization_type': 'symmetric', 'quantize_weight_in_forward': False, 'rounding': 'nearest', 'fp16_mixed_quantize': False, 'quantize_change_ratio': 0.001}, 'different_groups': {}}, 'activation_quantization': {'shared_parameters': {'enabled': False, 'quantization_type': 'symmetric', 'range_calibration': 'dynamic', 'schedule_offset': 1000}, 'different_groups': {}}, 'sparse_pruning': {'shared_parameters': {'enabled': False, 'method': 'l1', 'schedule_offset': 1000}, 'different_groups': {}}, 'row_pruning': {'shared_parameters': {'enabled': False, 'method': 'l1', 'schedule_offset': 1000}, 'different_groups': {}}, 'head_pruning': {'shared_parameters': {'enabled': False, 'method': 'topk', 'schedule_offset': 1000}, 'different_groups': {}}, 'channel_pruning': {'shared_parameters': {'enabled': False, 'method': 'l1', 'schedule_offset': 1000}, 'different_groups': {}}, 'layer_reduction': {'enabled': False}}
[2026-06-04 18:42:31,076] [INFO] [config.py:1001:print]   curriculum_enabled_legacy .... False
[2026-06-04 18:42:31,076] [INFO] [config.py:1001:print]   curriculum_params_legacy ..... False
[2026-06-04 18:42:31,076] [INFO] [config.py:1001:print]   data_efficiency_config ....... {'enabled': False, 'seed': 1234, 'data_sampling': {'enabled': False, 'num_epochs': 1000, 'num_workers': 0, 'curriculum_learning': {'enabled': False}}, 'data_routing': {'enabled': False, 'random_ltd': {'enabled': False, 'layer_token_lr_schedule': {'enabled': False}}}}
[2026-06-04 18:42:31,076] [INFO] [config.py:1001:print]   data_efficiency_enabled ...... False
[2026-06-04 18:42:31,076] [INFO] [config.py:1001:print]   dataloader_drop_last ......... False
[2026-06-04 18:42:31,076] [INFO] [config.py:1001:print]   disable_allgather ............ False
[2026-06-04 18:42:31,076] [INFO] [config.py:1001:print]   dump_state ................... False
[2026-06-04 18:42:31,076] [INFO] [config.py:1001:print]   dynamic_loss_scale_args ...... None
[2026-06-04 18:42:31,076] [INFO] [config.py:1001:print]   eigenvalue_enabled ........... False
[2026-06-04 18:42:31,076] [INFO] [config.py:1001:print]   eigenvalue_gas_boundary_resolution  1
[2026-06-04 18:42:31,076] [INFO] [config.py:1001:print]   eigenvalue_layer_name ........ bert.encoder.layer
[2026-06-04 18:42:31,076] [INFO] [config.py:1001:print]   eigenvalue_layer_num ......... 0
[2026-06-04 18:42:31,076] [INFO] [config.py:1001:print]   eigenvalue_max_iter .......... 100
[2026-06-04 18:42:31,076] [INFO] [config.py:1001:print]   eigenvalue_stability ......... 1e-06
[2026-06-04 18:42:31,076] [INFO] [config.py:1001:print]   eigenvalue_tol ............... 0.01
[2026-06-04 18:42:31,076] [INFO] [config.py:1001:print]   eigenvalue_verbose ........... False
[2026-06-04 18:42:31,076] [INFO] [config.py:1001:print]   elasticity_enabled ........... False
[2026-06-04 18:42:31,076] [INFO] [config.py:1001:print]   flops_profiler_config ........ {
    "enabled": false,
    "recompute_fwd_factor": 0.0,
    "profile_step": 1,
    "module_depth": -1,
    "top_modules": 1,
    "detailed": true,
    "output_file": null
}
[2026-06-04 18:42:31,076] [INFO] [config.py:1001:print]   fp16_auto_cast ............... None
[2026-06-04 18:42:31,076] [INFO] [config.py:1001:print]   fp16_enabled ................. False
[2026-06-04 18:42:31,076] [INFO] [config.py:1001:print]   fp16_master_weights_and_gradients  False
[2026-06-04 18:42:31,076] [INFO] [config.py:1001:print]   global_rank .................. 0
[2026-06-04 18:42:31,076] [INFO] [config.py:1001:print]   grad_accum_dtype ............. None
[2026-06-04 18:42:31,076] [INFO] [config.py:1001:print]   gradient_accumulation_steps .. 1
[2026-06-04 18:42:31,076] [INFO] [config.py:1001:print]   gradient_clipping ............ 0.0
[2026-06-04 18:42:31,076] [INFO] [config.py:1001:print]   gradient_predivide_factor .... 1.0
[2026-06-04 18:42:31,076] [INFO] [config.py:1001:print]   graph_harvesting ............. False
[2026-06-04 18:42:31,076] [INFO] [config.py:1001:print]   hybrid_engine ................ enabled=False max_out_tokens=512 inference_tp_size=1 release_inference_cache=False pin_parameters=True tp_gather_partition_size=8
[2026-06-04 18:42:31,076] [INFO] [config.py:1001:print]   initial_dynamic_scale ........ 65536
[2026-06-04 18:42:31,076] [INFO] [config.py:1001:print]   load_universal_checkpoint .... False
[2026-06-04 18:42:31,076] [INFO] [config.py:1001:print]   loss_scale ................... 0
[2026-06-04 18:42:31,076] [INFO] [config.py:1001:print]   memory_breakdown ............. False
[2026-06-04 18:42:31,076] [INFO] [config.py:1001:print]   mics_hierarchial_params_gather  False
[2026-06-04 18:42:31,076] [INFO] [config.py:1001:print]   mics_shard_size .............. -1
[2026-06-04 18:42:31,076] [INFO] [config.py:1001:print]   monitor_config ............... tensorboard=TensorBoardConfig(enabled=False, output_path='', job_name='DeepSpeedJobName') comet=CometConfig(enabled=False, samples_log_interval=100, project=None, workspace=None, api_key=None, experiment_name=None, experiment_key=None, online=None, mode=None) wandb=WandbConfig(enabled=False, group=None, team=None, project='deepspeed') csv_monitor=CSVConfig(enabled=False, output_path='', job_name='DeepSpeedJobName') enabled=False
[2026-06-04 18:42:31,076] [INFO] [config.py:1001:print]   nebula_config ................ {
    "enabled": false,
    "persistent_storage_path": null,
    "persistent_time_interval": 100,
    "num_of_version_in_retention": 2,
    "enable_nebula_load": true,
    "load_path": null
}
[2026-06-04 18:42:31,076] [INFO] [config.py:1001:print]   optimizer_legacy_fusion ...... False
[2026-06-04 18:42:31,076] [INFO] [config.py:1001:print]   optimizer_name ............... adam
[2026-06-04 18:42:31,076] [INFO] [config.py:1001:print]   optimizer_params ............. {'lr': 0.001}
[2026-06-04 18:42:31,076] [INFO] [config.py:1001:print]   pipeline ..................... {'stages': 'auto', 'partition': 'best', 'seed_layers': False, 'activation_checkpoint_interval': 0, 'pipe_partitioned': True, 'grad_partitioned': True}
[2026-06-04 18:42:31,076] [INFO] [config.py:1001:print]   pld_enabled .................. False
[2026-06-04 18:42:31,076] [INFO] [config.py:1001:print]   pld_params ................... False
[2026-06-04 18:42:31,076] [INFO] [config.py:1001:print]   prescale_gradients ........... False
[2026-06-04 18:42:31,076] [INFO] [config.py:1001:print]   scheduler_name ............... None
[2026-06-04 18:42:31,076] [INFO] [config.py:1001:print]   scheduler_params ............. None
[2026-06-04 18:42:31,076] [INFO] [config.py:1001:print]   seq_parallel_communication_data_type  torch.float32
[2026-06-04 18:42:31,076] [INFO] [config.py:1001:print]   sparse_attention ............. None
[2026-06-04 18:42:31,076] [INFO] [config.py:1001:print]   sparse_gradients_enabled ..... False
[2026-06-04 18:42:31,076] [INFO] [config.py:1001:print]   steps_per_print .............. 10
[2026-06-04 18:42:31,076] [INFO] [config.py:1001:print]   timers_config ................ enabled=True synchronized=True
[2026-06-04 18:42:31,076] [INFO] [config.py:1001:print]   train_batch_size ............. 128
[2026-06-04 18:42:31,076] [INFO] [config.py:1001:print]   train_micro_batch_size_per_gpu  64
[2026-06-04 18:42:31,076] [INFO] [config.py:1001:print]   use_data_before_expert_parallel_  False
[2026-06-04 18:42:31,076] [INFO] [config.py:1001:print]   use_node_local_storage ....... False
[2026-06-04 18:42:31,077] [INFO] [config.py:1001:print]   wall_clock_breakdown ......... False
[2026-06-04 18:42:31,077] [INFO] [config.py:1001:print]   weight_quantization_config ... None
[2026-06-04 18:42:31,077] [INFO] [config.py:1001:print]   world_size ................... 2
[2026-06-04 18:42:31,077] [INFO] [config.py:1001:print]   zero_allow_untested_optimizer  False
[2026-06-04 18:42:31,077] [INFO] [config.py:1001:print]   zero_config .................. stage=3 contiguous_gradients=True reduce_scatter=True reduce_bucket_size=500,000,000 use_multi_rank_bucket_allreduce=True allgather_partitions=True allgather_bucket_size=500,000,000 overlap_comm=True load_from_fp32_weights=True elastic_checkpoint=False offload_param=None offload_optimizer=None sub_group_size=1,000,000,000 cpu_offload_param=None cpu_offload_use_pin_memory=None cpu_offload=None prefetch_bucket_size=50,000,000 param_persistence_threshold=100,000 model_persistence_threshold=sys.maxsize max_live_parameters=1,000,000,000 max_reuse_distance=1,000,000,000 gather_16bit_weights_on_model_save=False use_all_reduce_for_fetch_params=False stage3_gather_fp16_weights_on_model_save=False ignore_unused_parameters=True legacy_stage1=False round_robin_gradients=False zero_hpz_partition_size=1 zero_quantized_weights=False zero_quantized_nontrainable_weights=False zero_quantized_gradients=False mics_shard_size=-1 mics_hierarchical_params_gather=False memory_efficient_linear=True pipeline_loading_checkpoint=False override_module_apply=True
[2026-06-04 18:42:31,077] [INFO] [config.py:1001:print]   zero_enabled ................. True
[2026-06-04 18:42:31,077] [INFO] [config.py:1001:print]   zero_force_ds_cpu_optimizer .. True
[2026-06-04 18:42:31,077] [INFO] [config.py:1001:print]   zero_optimization_stage ...... 3
[2026-06-04 18:42:31,077] [INFO] [config.py:987:print_user_config]   json = {
    "train_micro_batch_size_per_gpu": 64,
    "gradient_accumulation_steps": 1,
    "optimizer": {
        "type": "Adam",
        "params": {
            "lr": 0.001
        }
    },
    "zero_optimization": {
        "stage": 3
    },
    "fp16": {
        "enabled": false
    }
}
Rank 1 num_batches = 704
Rank 0 num_batches = 704
Train Epoch: 1, Iteration: 0, Train Loss: 5.384698390960693
[2026-06-04 18:42:45,153] [INFO] [logging.py:96:log_dist] [Rank 0] step=10, skipped=0, lr=[0.001], mom=[(0.9, 0.999)]
[2026-06-04 18:42:45,153] [INFO] [timer.py:258:stop] epoch=0/micro_step=10/global_step=10, RunningAvgSamplesPerSec=125.06598907465285, CurrSamplesPerSec=124.15485300878497, MemAllocated=1.99GB, MaxMemAllocated=12.05GB
[2026-06-04 18:42:55,457] [INFO] [logging.py:96:log_dist] [Rank 0] step=20, skipped=0, lr=[0.001], mom=[(0.9, 0.999)]
[2026-06-04 18:42:55,458] [INFO] [timer.py:258:stop] epoch=0/micro_step=20/global_step=20, RunningAvgSamplesPerSec=124.84185823096729, CurrSamplesPerSec=124.8049974916765, MemAllocated=1.99GB, MaxMemAllocated=12.05GB
[2026-06-04 18:43:05,790] [INFO] [logging.py:96:log_dist] [Rank 0] step=30, skipped=0, lr=[0.001], mom=[(0.9, 0.999)]
[2026-06-04 18:43:05,790] [INFO] [timer.py:258:stop] epoch=0/micro_step=30/global_step=30, RunningAvgSamplesPerSec=124.6391089799188, CurrSamplesPerSec=123.544928699507, MemAllocated=1.99GB, MaxMemAllocated=12.05GB
[2026-06-04 18:43:16,170] [INFO] [logging.py:96:log_dist] [Rank 0] step=40, skipped=0, lr=[0.001], mom=[(0.9, 0.999)]
[2026-06-04 18:43:16,170] [INFO] [timer.py:258:stop] epoch=0/micro_step=40/global_step=40, RunningAvgSamplesPerSec=124.39432683283665, CurrSamplesPerSec=123.58829998064009, MemAllocated=1.99GB, MaxMemAllocated=12.05GB
[2026-06-04 18:43:26,638] [INFO] [logging.py:96:log_dist] [Rank 0] step=50, skipped=0, lr=[0.001], mom=[(0.9, 0.999)]
[2026-06-04 18:43:26,640] [INFO] [timer.py:258:stop] epoch=0/micro_step=50/global_step=50, RunningAvgSamplesPerSec=124.08709412503423, CurrSamplesPerSec=122.2604427438743, MemAllocated=1.99GB, MaxMemAllocated=12.05GB
[2026-06-04 18:43:37,085] [INFO] [logging.py:96:log_dist] [Rank 0] step=60, skipped=0, lr=[0.001], mom=[(0.9, 0.999)]
[2026-06-04 18:43:37,085] [INFO] [timer.py:258:stop] epoch=0/micro_step=60/global_step=60, RunningAvgSamplesPerSec=123.9170983673246, CurrSamplesPerSec=123.45234410049092, MemAllocated=1.99GB, MaxMemAllocated=12.05GB
[2026-06-04 18:43:47,560] [INFO] [logging.py:96:log_dist] [Rank 0] step=70, skipped=0, lr=[0.001], mom=[(0.9, 0.999)]
[2026-06-04 18:43:47,560] [INFO] [timer.py:258:stop] epoch=0/micro_step=70/global_step=70, RunningAvgSamplesPerSec=123.73427512393299, CurrSamplesPerSec=122.79230325692839, MemAllocated=1.99GB, MaxMemAllocated=12.05GB
[2026-06-04 18:43:58,039] [INFO] [logging.py:96:log_dist] [Rank 0] step=80, skipped=0, lr=[0.001], mom=[(0.9, 0.999)]
[2026-06-04 18:43:58,040] [INFO] [timer.py:258:stop] epoch=0/micro_step=80/global_step=80, RunningAvgSamplesPerSec=123.5800492531463, CurrSamplesPerSec=121.99629196619186, MemAllocated=1.99GB, MaxMemAllocated=12.05GB
[2026-06-04 18:44:08,600] [INFO] [logging.py:96:log_dist] [Rank 0] step=90, skipped=0, lr=[0.001], mom=[(0.9, 0.999)]
[2026-06-04 18:44:08,601] [INFO] [timer.py:258:stop] epoch=0/micro_step=90/global_step=90, RunningAvgSamplesPerSec=123.36882590826175, CurrSamplesPerSec=121.61150934425216, MemAllocated=1.99GB, MaxMemAllocated=12.05GB
[2026-06-04 18:44:19,210] [INFO] [logging.py:96:log_dist] [Rank 0] step=100, skipped=0, lr=[0.001], mom=[(0.9, 0.999)]
[2026-06-04 18:44:19,211] [INFO] [timer.py:258:stop] epoch=0/micro_step=100/global_step=100, RunningAvgSamplesPerSec=123.13570606810687, CurrSamplesPerSec=119.98737527643402, MemAllocated=1.99GB, MaxMemAllocated=12.05GB
[2026-06-04 18:44:29,812] [INFO] [logging.py:96:log_dist] [Rank 0] step=110, skipped=0, lr=[0.001], mom=[(0.9, 0.999)]
[2026-06-04 18:44:29,813] [INFO] [timer.py:258:stop] epoch=0/micro_step=110/global_step=110, RunningAvgSamplesPerSec=122.95293049888302, CurrSamplesPerSec=121.1865394165395, MemAllocated=1.99GB, MaxMemAllocated=12.05GB
[2026-06-04 18:44:40,435] [INFO] [logging.py:96:log_dist] [Rank 0] step=120, skipped=0, lr=[0.001], mom=[(0.9, 0.999)]
[2026-06-04 18:44:40,435] [INFO] [timer.py:258:stop] epoch=0/micro_step=120/global_step=120, RunningAvgSamplesPerSec=122.77963804904375, CurrSamplesPerSec=120.96384091480566, MemAllocated=1.99GB, MaxMemAllocated=12.05GB
[2026-06-04 18:44:51,056] [INFO] [logging.py:96:log_dist] [Rank 0] step=130, skipped=0, lr=[0.001], mom=[(0.9, 0.999)]
[2026-06-04 18:44:51,056] [INFO] [timer.py:258:stop] epoch=0/micro_step=130/global_step=130, RunningAvgSamplesPerSec=122.63039076002235, CurrSamplesPerSec=120.34658106629844, MemAllocated=1.99GB, MaxMemAllocated=12.05GB
[2026-06-04 18:45:01,709] [INFO] [logging.py:96:log_dist] [Rank 0] step=140, skipped=0, lr=[0.001], mom=[(0.9, 0.999)]
[2026-06-04 18:45:01,709] [INFO] [timer.py:258:stop] epoch=0/micro_step=140/global_step=140, RunningAvgSamplesPerSec=122.4773456344046, CurrSamplesPerSec=120.7325645669741, MemAllocated=1.99GB, MaxMemAllocated=12.05GB
[2026-06-04 18:45:12,344] [INFO] [logging.py:96:log_dist] [Rank 0] step=150, skipped=0, lr=[0.001], mom=[(0.9, 0.999)]
[2026-06-04 18:45:12,345] [INFO] [timer.py:258:stop] epoch=0/micro_step=150/global_step=150, RunningAvgSamplesPerSec=122.35652020713356, CurrSamplesPerSec=120.56278677038607, MemAllocated=1.99GB, MaxMemAllocated=12.05GB
[2026-06-04 18:45:23,015] [INFO] [logging.py:96:log_dist] [Rank 0] step=160, skipped=0, lr=[0.001], mom=[(0.9, 0.999)]
[2026-06-04 18:45:23,015] [INFO] [timer.py:258:stop] epoch=0/micro_step=160/global_step=160, RunningAvgSamplesPerSec=122.22509860238783, CurrSamplesPerSec=120.20796993585576, MemAllocated=1.99GB, MaxMemAllocated=12.05GB
[2026-06-04 18:45:33,659] [INFO] [logging.py:96:log_dist] [Rank 0] step=170, skipped=0, lr=[0.001], mom=[(0.9, 0.999)]
[2026-06-04 18:45:33,660] [INFO] [timer.py:258:stop] epoch=0/micro_step=170/global_step=170, RunningAvgSamplesPerSec=122.12739685845754, CurrSamplesPerSec=120.93743688397464, MemAllocated=1.99GB, MaxMemAllocated=12.05GB
[2026-06-04 18:45:44,352] [INFO] [logging.py:96:log_dist] [Rank 0] step=180, skipped=0, lr=[0.001], mom=[(0.9, 0.999)]
[2026-06-04 18:45:44,353] [INFO] [timer.py:258:stop] epoch=0/micro_step=180/global_step=180, RunningAvgSamplesPerSec=122.0159199105273, CurrSamplesPerSec=119.92479153310563, MemAllocated=1.99GB, MaxMemAllocated=12.05GB
[2026-06-04 18:45:55,038] [INFO] [logging.py:96:log_dist] [Rank 0] step=190, skipped=0, lr=[0.001], mom=[(0.9, 0.999)]
[2026-06-04 18:45:55,038] [INFO] [timer.py:258:stop] epoch=0/micro_step=190/global_step=190, RunningAvgSamplesPerSec=121.91762381401978, CurrSamplesPerSec=119.62295049092853, MemAllocated=1.99GB, MaxMemAllocated=12.05GB
[2026-06-04 18:46:05,706] [INFO] [logging.py:96:log_dist] [Rank 0] step=200, skipped=0, lr=[0.001], mom=[(0.9, 0.999)]
[2026-06-04 18:46:05,707] [INFO] [timer.py:258:stop] epoch=0/micro_step=200/global_step=200, RunningAvgSamplesPerSec=121.84167592152372, CurrSamplesPerSec=121.44680685495675, MemAllocated=1.99GB, MaxMemAllocated=12.05GB
Train Epoch: 1, Iteration: 200, Train Loss: 4.952847480773926
[2026-06-04 18:46:16,305] [INFO] [logging.py:96:log_dist] [Rank 0] step=210, skipped=0, lr=[0.001], mom=[(0.9, 0.999)]
[2026-06-04 18:46:16,305] [INFO] [timer.py:258:stop] epoch=0/micro_step=210/global_step=210, RunningAvgSamplesPerSec=121.80787533953387, CurrSamplesPerSec=121.00588225482979, MemAllocated=1.99GB, MaxMemAllocated=12.05GB
[2026-06-04 18:46:26,946] [INFO] [logging.py:96:log_dist] [Rank 0] step=220, skipped=0, lr=[0.001], mom=[(0.9, 0.999)]
[2026-06-04 18:46:26,946] [INFO] [timer.py:258:stop] epoch=0/micro_step=220/global_step=220, RunningAvgSamplesPerSec=121.75747376084419, CurrSamplesPerSec=120.53439255479628, MemAllocated=1.99GB, MaxMemAllocated=12.05GB
[2026-06-04 18:46:37,613] [INFO] [logging.py:96:log_dist] [Rank 0] step=230, skipped=0, lr=[0.001], mom=[(0.9, 0.999)]
[2026-06-04 18:46:37,613] [INFO] [timer.py:258:stop] epoch=0/micro_step=230/global_step=230, RunningAvgSamplesPerSec=121.70083586360303, CurrSamplesPerSec=121.58548269039836, MemAllocated=1.99GB, MaxMemAllocated=12.05GB
[2026-06-04 18:46:48,213] [INFO] [logging.py:96:log_dist] [Rank 0] step=240, skipped=0, lr=[0.001], mom=[(0.9, 0.999)]
[2026-06-04 18:46:48,213] [INFO] [timer.py:258:stop] epoch=0/micro_step=240/global_step=240, RunningAvgSamplesPerSec=121.6782030265975, CurrSamplesPerSec=120.97389873199235, MemAllocated=1.99GB, MaxMemAllocated=12.05GB
[2026-06-04 18:46:58,834] [INFO] [logging.py:96:log_dist] [Rank 0] step=250, skipped=0, lr=[0.001], mom=[(0.9, 0.999)]
[2026-06-04 18:46:58,835] [INFO] [timer.py:258:stop] epoch=0/micro_step=250/global_step=250, RunningAvgSamplesPerSec=121.64829692983336, CurrSamplesPerSec=119.75989438965097, MemAllocated=1.99GB, MaxMemAllocated=12.05GB
[2026-06-04 18:47:09,461] [INFO] [logging.py:96:log_dist] [Rank 0] step=260, skipped=0, lr=[0.001], mom=[(0.9, 0.999)]
[2026-06-04 18:47:09,462] [INFO] [timer.py:258:stop] epoch=0/micro_step=260/global_step=260, RunningAvgSamplesPerSec=121.61874041397414, CurrSamplesPerSec=121.04192146255602, MemAllocated=1.99GB, MaxMemAllocated=12.05GB
[2026-06-04 18:47:20,059] [INFO] [logging.py:96:log_dist] [Rank 0] step=270, skipped=0, lr=[0.001], mom=[(0.9, 0.999)]
[2026-06-04 18:47:20,059] [INFO] [timer.py:258:stop] epoch=0/micro_step=270/global_step=270, RunningAvgSamplesPerSec=121.60381035346406, CurrSamplesPerSec=121.66839362503754, MemAllocated=1.99GB, MaxMemAllocated=12.05GB
[2026-06-04 18:47:30,684] [INFO] [logging.py:96:log_dist] [Rank 0] step=280, skipped=0, lr=[0.001], mom=[(0.9, 0.999)]
[2026-06-04 18:47:30,684] [INFO] [timer.py:258:stop] epoch=0/micro_step=280/global_step=280, RunningAvgSamplesPerSec=121.57849035343351, CurrSamplesPerSec=120.37961027988598, MemAllocated=1.99GB, MaxMemAllocated=12.05GB
[2026-06-04 18:47:41,312] [INFO] [logging.py:96:log_dist] [Rank 0] step=290, skipped=0, lr=[0.001], mom=[(0.9, 0.999)]
[2026-06-04 18:47:41,313] [INFO] [timer.py:258:stop] epoch=0/micro_step=290/global_step=290, RunningAvgSamplesPerSec=121.55701044204604, CurrSamplesPerSec=120.27995719065103, MemAllocated=1.99GB, MaxMemAllocated=12.05GB
[2026-06-04 18:47:51,929] [INFO] [logging.py:96:log_dist] [Rank 0] step=300, skipped=0, lr=[0.001], mom=[(0.9, 0.999)]
[2026-06-04 18:47:51,930] [INFO] [timer.py:258:stop] epoch=0/micro_step=300/global_step=300, RunningAvgSamplesPerSec=121.53786680429532, CurrSamplesPerSec=121.20407659681872, MemAllocated=1.99GB, MaxMemAllocated=12.05GB
[2026-06-04 18:48:02,573] [INFO] [logging.py:96:log_dist] [Rank 0] step=310, skipped=0, lr=[0.001], mom=[(0.9, 0.999)]
[2026-06-04 18:48:02,573] [INFO] [timer.py:258:stop] epoch=0/micro_step=310/global_step=310, RunningAvgSamplesPerSec=121.51138129055579, CurrSamplesPerSec=120.20492860192684, MemAllocated=1.99GB, MaxMemAllocated=12.05GB
[2026-06-04 18:48:13,181] [INFO] [logging.py:96:log_dist] [Rank 0] step=320, skipped=0, lr=[0.001], mom=[(0.9, 0.999)]
[2026-06-04 18:48:13,182] [INFO] [timer.py:258:stop] epoch=0/micro_step=320/global_step=320, RunningAvgSamplesPerSec=121.49960091078988, CurrSamplesPerSec=121.17166004914839, MemAllocated=1.99GB, MaxMemAllocated=12.05GB
[2026-06-04 18:48:23,783] [INFO] [logging.py:96:log_dist] [Rank 0] step=330, skipped=0, lr=[0.001], mom=[(0.9, 0.999)]
[2026-06-04 18:48:23,783] [INFO] [timer.py:258:stop] epoch=0/micro_step=330/global_step=330, RunningAvgSamplesPerSec=121.48958821609618, CurrSamplesPerSec=121.31680768334711, MemAllocated=1.99GB, MaxMemAllocated=12.05GB
[2026-06-04 18:48:34,394] [INFO] [logging.py:96:log_dist] [Rank 0] step=340, skipped=0, lr=[0.001], mom=[(0.9, 0.999)]
[2026-06-04 18:48:34,394] [INFO] [timer.py:258:stop] epoch=0/micro_step=340/global_step=340, RunningAvgSamplesPerSec=121.47620356579417, CurrSamplesPerSec=121.0145286162234, MemAllocated=1.99GB, MaxMemAllocated=12.05GB
[2026-06-04 18:48:44,991] [INFO] [logging.py:96:log_dist] [Rank 0] step=350, skipped=0, lr=[0.001], mom=[(0.9, 0.999)]
[2026-06-04 18:48:44,992] [INFO] [timer.py:258:stop] epoch=0/micro_step=350/global_step=350, RunningAvgSamplesPerSec=121.46788796415869, CurrSamplesPerSec=121.10633256441271, MemAllocated=1.99GB, MaxMemAllocated=12.05GB
[2026-06-04 18:48:55,590] [INFO] [logging.py:96:log_dist] [Rank 0] step=360, skipped=0, lr=[0.001], mom=[(0.9, 0.999)]
[2026-06-04 18:48:55,590] [INFO] [timer.py:258:stop] epoch=0/micro_step=360/global_step=360, RunningAvgSamplesPerSec=121.4591621064546, CurrSamplesPerSec=121.04612425114294, MemAllocated=1.99GB, MaxMemAllocated=12.05GB
[2026-06-04 18:49:06,185] [INFO] [logging.py:96:log_dist] [Rank 0] step=370, skipped=0, lr=[0.001], mom=[(0.9, 0.999)]
[2026-06-04 18:49:06,185] [INFO] [timer.py:258:stop] epoch=0/micro_step=370/global_step=370, RunningAvgSamplesPerSec=121.45159364985251, CurrSamplesPerSec=121.22027769053489, MemAllocated=1.99GB, MaxMemAllocated=12.05GB
[2026-06-04 18:49:16,838] [INFO] [logging.py:96:log_dist] [Rank 0] step=380, skipped=0, lr=[0.001], mom=[(0.9, 0.999)]
[2026-06-04 18:49:16,839] [INFO] [timer.py:258:stop] epoch=0/micro_step=380/global_step=380, RunningAvgSamplesPerSec=121.43008725711448, CurrSamplesPerSec=120.81567533860715, MemAllocated=1.99GB, MaxMemAllocated=12.05GB
[2026-06-04 18:49:27,442] [INFO] [logging.py:96:log_dist] [Rank 0] step=390, skipped=0, lr=[0.001], mom=[(0.9, 0.999)]
[2026-06-04 18:49:27,442] [INFO] [timer.py:258:stop] epoch=0/micro_step=390/global_step=390, RunningAvgSamplesPerSec=121.42060299924961, CurrSamplesPerSec=121.10696090327363, MemAllocated=1.99GB, MaxMemAllocated=12.05GB
[2026-06-04 18:49:38,142] [INFO] [logging.py:96:log_dist] [Rank 0] step=400, skipped=0, lr=[0.001], mom=[(0.9, 0.999)]
[2026-06-04 18:49:38,143] [INFO] [timer.py:258:stop] epoch=0/micro_step=400/global_step=400, RunningAvgSamplesPerSec=121.38836908411126, CurrSamplesPerSec=119.89578662619454, MemAllocated=1.99GB, MaxMemAllocated=12.05GB
Train Epoch: 1, Iteration: 400, Train Loss: 4.812678337097168
[2026-06-04 18:49:48,871] [INFO] [logging.py:96:log_dist] [Rank 0] step=410, skipped=0, lr=[0.001], mom=[(0.9, 0.999)]
[2026-06-04 18:49:48,873] [INFO] [timer.py:258:stop] epoch=0/micro_step=410/global_step=410, RunningAvgSamplesPerSec=121.3496294136253, CurrSamplesPerSec=116.2019014076581, MemAllocated=1.99GB, MaxMemAllocated=12.05GB
[2026-06-04 18:49:59,561] [INFO] [logging.py:96:log_dist] [Rank 0] step=420, skipped=0, lr=[0.001], mom=[(0.9, 0.999)]
[2026-06-04 18:49:59,562] [INFO] [timer.py:258:stop] epoch=0/micro_step=420/global_step=420, RunningAvgSamplesPerSec=121.3256637007864, CurrSamplesPerSec=118.9594268543797, MemAllocated=1.99GB, MaxMemAllocated=12.05GB
[2026-06-04 18:50:10,227] [INFO] [logging.py:96:log_dist] [Rank 0] step=430, skipped=0, lr=[0.001], mom=[(0.9, 0.999)]
[2026-06-04 18:50:10,228] [INFO] [timer.py:258:stop] epoch=0/micro_step=430/global_step=430, RunningAvgSamplesPerSec=121.30886788495484, CurrSamplesPerSec=121.4021800209893, MemAllocated=1.99GB, MaxMemAllocated=12.05GB
[2026-06-04 18:50:20,847] [INFO] [logging.py:96:log_dist] [Rank 0] step=440, skipped=0, lr=[0.001], mom=[(0.9, 0.999)]
[2026-06-04 18:50:20,848] [INFO] [timer.py:258:stop] epoch=0/micro_step=440/global_step=440, RunningAvgSamplesPerSec=121.30233539246984, CurrSamplesPerSec=121.71385107937628, MemAllocated=1.99GB, MaxMemAllocated=12.05GB
[2026-06-04 18:50:31,436] [INFO] [logging.py:96:log_dist] [Rank 0] step=450, skipped=0, lr=[0.001], mom=[(0.9, 0.999)]
[2026-06-04 18:50:31,437] [INFO] [timer.py:258:stop] epoch=0/micro_step=450/global_step=450, RunningAvgSamplesPerSec=121.30165215545603, CurrSamplesPerSec=121.28057722652504, MemAllocated=1.99GB, MaxMemAllocated=12.05GB
[2026-06-04 18:50:42,033] [INFO] [logging.py:96:log_dist] [Rank 0] step=460, skipped=0, lr=[0.001], mom=[(0.9, 0.999)]
[2026-06-04 18:50:42,033] [INFO] [timer.py:258:stop] epoch=0/micro_step=460/global_step=460, RunningAvgSamplesPerSec=121.29833323594582, CurrSamplesPerSec=121.1292028346085, MemAllocated=1.99GB, MaxMemAllocated=12.05GB
[2026-06-04 18:50:52,628] [INFO] [logging.py:96:log_dist] [Rank 0] step=470, skipped=0, lr=[0.001], mom=[(0.9, 0.999)]
[2026-06-04 18:50:52,628] [INFO] [timer.py:258:stop] epoch=0/micro_step=470/global_step=470, RunningAvgSamplesPerSec=121.29566113386916, CurrSamplesPerSec=121.09745456005453, MemAllocated=1.99GB, MaxMemAllocated=12.05GB
[2026-06-04 18:51:03,242] [INFO] [logging.py:96:log_dist] [Rank 0] step=480, skipped=0, lr=[0.001], mom=[(0.9, 0.999)]
[2026-06-04 18:51:03,243] [INFO] [timer.py:258:stop] epoch=0/micro_step=480/global_step=480, RunningAvgSamplesPerSec=121.28876370267142, CurrSamplesPerSec=119.65017021376174, MemAllocated=1.99GB, MaxMemAllocated=12.05GB
[2026-06-04 18:51:13,842] [INFO] [logging.py:96:log_dist] [Rank 0] step=490, skipped=0, lr=[0.001], mom=[(0.9, 0.999)]
[2026-06-04 18:51:13,842] [INFO] [timer.py:258:stop] epoch=0/micro_step=490/global_step=490, RunningAvgSamplesPerSec=121.28722100493691, CurrSamplesPerSec=121.10881863891036, MemAllocated=1.99GB, MaxMemAllocated=12.05GB
[2026-06-04 18:51:24,440] [INFO] [logging.py:96:log_dist] [Rank 0] step=500, skipped=0, lr=[0.001], mom=[(0.9, 0.999)]
[2026-06-04 18:51:24,440] [INFO] [timer.py:258:stop] epoch=0/micro_step=500/global_step=500, RunningAvgSamplesPerSec=121.28514465668475, CurrSamplesPerSec=120.9947556332432, MemAllocated=1.99GB, MaxMemAllocated=12.05GB
[2026-06-04 18:51:35,038] [INFO] [logging.py:96:log_dist] [Rank 0] step=510, skipped=0, lr=[0.001], mom=[(0.9, 0.999)]
[2026-06-04 18:51:35,039] [INFO] [timer.py:258:stop] epoch=0/micro_step=510/global_step=510, RunningAvgSamplesPerSec=121.28230788472555, CurrSamplesPerSec=120.94204109143435, MemAllocated=1.99GB, MaxMemAllocated=12.05GB
[2026-06-04 18:51:45,634] [INFO] [logging.py:96:log_dist] [Rank 0] step=520, skipped=0, lr=[0.001], mom=[(0.9, 0.999)]
[2026-06-04 18:51:45,634] [INFO] [timer.py:258:stop] epoch=0/micro_step=520/global_step=520, RunningAvgSamplesPerSec=121.27955310414997, CurrSamplesPerSec=121.08390786839954, MemAllocated=1.99GB, MaxMemAllocated=12.05GB
[2026-06-04 18:51:56,254] [INFO] [logging.py:96:log_dist] [Rank 0] step=530, skipped=0, lr=[0.001], mom=[(0.9, 0.999)]
[2026-06-04 18:51:56,255] [INFO] [timer.py:258:stop] epoch=0/micro_step=530/global_step=530, RunningAvgSamplesPerSec=121.2726502366257, CurrSamplesPerSec=120.57426735204653, MemAllocated=1.99GB, MaxMemAllocated=12.05GB
[2026-06-04 18:52:06,865] [INFO] [logging.py:96:log_dist] [Rank 0] step=540, skipped=0, lr=[0.001], mom=[(0.9, 0.999)]
[2026-06-04 18:52:06,865] [INFO] [timer.py:258:stop] epoch=0/micro_step=540/global_step=540, RunningAvgSamplesPerSec=121.26863890138422, CurrSamplesPerSec=121.6745703141024, MemAllocated=1.99GB, MaxMemAllocated=12.05GB
[2026-06-04 18:52:17,468] [INFO] [logging.py:96:log_dist] [Rank 0] step=550, skipped=0, lr=[0.001], mom=[(0.9, 0.999)]
[2026-06-04 18:52:17,469] [INFO] [timer.py:258:stop] epoch=0/micro_step=550/global_step=550, RunningAvgSamplesPerSec=121.26497459684343, CurrSamplesPerSec=121.13548889019755, MemAllocated=1.99GB, MaxMemAllocated=12.05GB
[2026-06-04 18:52:28,089] [INFO] [logging.py:96:log_dist] [Rank 0] step=560, skipped=0, lr=[0.001], mom=[(0.9, 0.999)]
[2026-06-04 18:52:28,090] [INFO] [timer.py:258:stop] epoch=0/micro_step=560/global_step=560, RunningAvgSamplesPerSec=121.25773820855316, CurrSamplesPerSec=120.93683754547767, MemAllocated=1.99GB, MaxMemAllocated=12.05GB
[2026-06-04 18:52:38,745] [INFO] [logging.py:96:log_dist] [Rank 0] step=570, skipped=0, lr=[0.001], mom=[(0.9, 0.999)]
[2026-06-04 18:52:38,746] [INFO] [timer.py:258:stop] epoch=0/micro_step=570/global_step=570, RunningAvgSamplesPerSec=121.24548694725051, CurrSamplesPerSec=120.27225073183212, MemAllocated=1.99GB, MaxMemAllocated=12.05GB
[2026-06-04 18:52:49,410] [INFO] [logging.py:96:log_dist] [Rank 0] step=580, skipped=0, lr=[0.001], mom=[(0.9, 0.999)]
[2026-06-04 18:52:49,411] [INFO] [timer.py:258:stop] epoch=0/micro_step=580/global_step=580, RunningAvgSamplesPerSec=121.23039794849409, CurrSamplesPerSec=119.82423160696594, MemAllocated=1.99GB, MaxMemAllocated=12.05GB
[2026-06-04 18:53:00,122] [INFO] [logging.py:96:log_dist] [Rank 0] step=590, skipped=0, lr=[0.001], mom=[(0.9, 0.999)]
[2026-06-04 18:53:00,123] [INFO] [timer.py:258:stop] epoch=0/micro_step=590/global_step=590, RunningAvgSamplesPerSec=121.20965449578262, CurrSamplesPerSec=119.50408615266812, MemAllocated=1.99GB, MaxMemAllocated=12.05GB
[2026-06-04 18:53:10,753] [INFO] [logging.py:96:log_dist] [Rank 0] step=600, skipped=0, lr=[0.001], mom=[(0.9, 0.999)]
[2026-06-04 18:53:10,754] [INFO] [timer.py:258:stop] epoch=0/micro_step=600/global_step=600, RunningAvgSamplesPerSec=121.2031348208693, CurrSamplesPerSec=120.4955447450076, MemAllocated=1.99GB, MaxMemAllocated=12.05GB
Train Epoch: 1, Iteration: 600, Train Loss: 4.945311069488525
[2026-06-04 18:53:21,388] [INFO] [logging.py:96:log_dist] [Rank 0] step=610, skipped=0, lr=[0.001], mom=[(0.9, 0.999)]
[2026-06-04 18:53:21,388] [INFO] [timer.py:258:stop] epoch=0/micro_step=610/global_step=610, RunningAvgSamplesPerSec=121.19594311457978, CurrSamplesPerSec=121.1348875870965, MemAllocated=1.99GB, MaxMemAllocated=12.05GB
[2026-06-04 18:53:32,001] [INFO] [logging.py:96:log_dist] [Rank 0] step=620, skipped=0, lr=[0.001], mom=[(0.9, 0.999)]
[2026-06-04 18:53:32,001] [INFO] [timer.py:258:stop] epoch=0/micro_step=620/global_step=620, RunningAvgSamplesPerSec=121.19209099309347, CurrSamplesPerSec=120.591356889118, MemAllocated=1.99GB, MaxMemAllocated=12.05GB
[2026-06-04 18:53:42,635] [INFO] [logging.py:96:log_dist] [Rank 0] step=630, skipped=0, lr=[0.001], mom=[(0.9, 0.999)]
[2026-06-04 18:53:42,635] [INFO] [timer.py:258:stop] epoch=0/micro_step=630/global_step=630, RunningAvgSamplesPerSec=121.18589043245801, CurrSamplesPerSec=120.22296353905062, MemAllocated=1.99GB, MaxMemAllocated=12.05GB
[2026-06-04 18:53:53,325] [INFO] [logging.py:96:log_dist] [Rank 0] step=640, skipped=0, lr=[0.001], mom=[(0.9, 0.999)]
[2026-06-04 18:53:53,326] [INFO] [timer.py:258:stop] epoch=0/micro_step=640/global_step=640, RunningAvgSamplesPerSec=121.17152836536312, CurrSamplesPerSec=120.85239024493463, MemAllocated=1.99GB, MaxMemAllocated=12.05GB
[2026-06-04 18:54:03,933] [INFO] [logging.py:96:log_dist] [Rank 0] step=650, skipped=0, lr=[0.001], mom=[(0.9, 0.999)]
[2026-06-04 18:54:03,933] [INFO] [timer.py:258:stop] epoch=0/micro_step=650/global_step=650, RunningAvgSamplesPerSec=121.16982098022328, CurrSamplesPerSec=120.87162688200948, MemAllocated=1.99GB, MaxMemAllocated=12.05GB
[2026-06-04 18:54:14,525] [INFO] [logging.py:96:log_dist] [Rank 0] step=660, skipped=0, lr=[0.001], mom=[(0.9, 0.999)]
[2026-06-04 18:54:14,526] [INFO] [timer.py:258:stop] epoch=0/micro_step=660/global_step=660, RunningAvgSamplesPerSec=121.16952624495592, CurrSamplesPerSec=121.04415927469675, MemAllocated=1.99GB, MaxMemAllocated=12.05GB
[2026-06-04 18:54:25,122] [INFO] [logging.py:96:log_dist] [Rank 0] step=670, skipped=0, lr=[0.001], mom=[(0.9, 0.999)]
[2026-06-04 18:54:25,123] [INFO] [timer.py:258:stop] epoch=0/micro_step=670/global_step=670, RunningAvgSamplesPerSec=121.1689418491271, CurrSamplesPerSec=121.24968059852573, MemAllocated=1.99GB, MaxMemAllocated=12.05GB
[2026-06-04 18:54:35,717] [INFO] [logging.py:96:log_dist] [Rank 0] step=680, skipped=0, lr=[0.001], mom=[(0.9, 0.999)]
[2026-06-04 18:54:35,718] [INFO] [timer.py:258:stop] epoch=0/micro_step=680/global_step=680, RunningAvgSamplesPerSec=121.1681365214771, CurrSamplesPerSec=120.95964383802381, MemAllocated=1.99GB, MaxMemAllocated=12.05GB
[2026-06-04 18:54:46,315] [INFO] [logging.py:96:log_dist] [Rank 0] step=690, skipped=0, lr=[0.001], mom=[(0.9, 0.999)]
[2026-06-04 18:54:46,315] [INFO] [timer.py:258:stop] epoch=0/micro_step=690/global_step=690, RunningAvgSamplesPerSec=121.16773857958412, CurrSamplesPerSec=121.2332252585237, MemAllocated=1.99GB, MaxMemAllocated=12.05GB
[2026-06-04 18:54:56,909] [INFO] [logging.py:96:log_dist] [Rank 0] step=700, skipped=0, lr=[0.001], mom=[(0.9, 0.999)]
[2026-06-04 18:54:56,909] [INFO] [timer.py:258:stop] epoch=0/micro_step=700/global_step=700, RunningAvgSamplesPerSec=121.16809788502898, CurrSamplesPerSec=121.22386331511603, MemAllocated=1.99GB, MaxMemAllocated=12.05GB
ZeRO stage 3
Epoch 1 train time: 747.54 s
Peak VRAM: 12340.0 MB
Epoch 1. Train Loss = 4.8487. Val Loss = 5.7642. Val Accuracy = 0.037.
Train Epoch: 2, Iteration: 0, Train Loss: 4.530009746551514
[2026-06-04 18:55:55,572] [INFO] [logging.py:96:log_dist] [Rank 0] step=710, skipped=0, lr=[0.001], mom=[(0.9, 0.999)]
[2026-06-04 18:55:55,573] [INFO] [timer.py:258:stop] epoch=0/micro_step=710/global_step=710, RunningAvgSamplesPerSec=121.31461022944819, CurrSamplesPerSec=120.97975974898664, MemAllocated=1.99GB, MaxMemAllocated=12.05GB
[2026-06-04 18:56:06,168] [INFO] [logging.py:96:log_dist] [Rank 0] step=720, skipped=0, lr=[0.001], mom=[(0.9, 0.999)]
[2026-06-04 18:56:06,169] [INFO] [timer.py:258:stop] epoch=0/micro_step=720/global_step=720, RunningAvgSamplesPerSec=121.31250433767465, CurrSamplesPerSec=121.20861903414819, MemAllocated=1.99GB, MaxMemAllocated=12.05GB
[2026-06-04 18:56:16,766] [INFO] [logging.py:96:log_dist] [Rank 0] step=730, skipped=0, lr=[0.001], mom=[(0.9, 0.999)]
[2026-06-04 18:56:16,766] [INFO] [timer.py:258:stop] epoch=0/micro_step=730/global_step=730, RunningAvgSamplesPerSec=121.31072585060761, CurrSamplesPerSec=121.17119512779186, MemAllocated=1.99GB, MaxMemAllocated=12.05GB
[2026-06-04 18:56:27,363] [INFO] [logging.py:96:log_dist] [Rank 0] step=740, skipped=0, lr=[0.001], mom=[(0.9, 0.999)]
[2026-06-04 18:56:27,363] [INFO] [timer.py:258:stop] epoch=0/micro_step=740/global_step=740, RunningAvgSamplesPerSec=121.30916308245254, CurrSamplesPerSec=121.05758788537757, MemAllocated=1.99GB, MaxMemAllocated=12.05GB
[2026-06-04 18:56:37,964] [INFO] [logging.py:96:log_dist] [Rank 0] step=750, skipped=0, lr=[0.001], mom=[(0.9, 0.999)]
[2026-06-04 18:56:37,964] [INFO] [timer.py:258:stop] epoch=0/micro_step=750/global_step=750, RunningAvgSamplesPerSec=121.30622307280468, CurrSamplesPerSec=120.734003564421, MemAllocated=1.99GB, MaxMemAllocated=12.05GB
[2026-06-04 18:56:48,557] [INFO] [logging.py:96:log_dist] [Rank 0] step=760, skipped=0, lr=[0.001], mom=[(0.9, 0.999)]
[2026-06-04 18:56:48,558] [INFO] [timer.py:258:stop] epoch=0/micro_step=760/global_step=760, RunningAvgSamplesPerSec=121.30514806199689, CurrSamplesPerSec=121.65976385532558, MemAllocated=1.99GB, MaxMemAllocated=12.05GB
[2026-06-04 18:56:59,180] [INFO] [logging.py:96:log_dist] [Rank 0] step=770, skipped=0, lr=[0.001], mom=[(0.9, 0.999)]
[2026-06-04 18:56:59,180] [INFO] [timer.py:258:stop] epoch=0/micro_step=770/global_step=770, RunningAvgSamplesPerSec=121.29972125804916, CurrSamplesPerSec=121.11105892533547, MemAllocated=1.99GB, MaxMemAllocated=12.05GB
[2026-06-04 18:57:09,808] [INFO] [logging.py:96:log_dist] [Rank 0] step=780, skipped=0, lr=[0.001], mom=[(0.9, 0.999)]
[2026-06-04 18:57:09,809] [INFO] [timer.py:258:stop] epoch=0/micro_step=780/global_step=780, RunningAvgSamplesPerSec=121.29337459753565, CurrSamplesPerSec=120.65949233066134, MemAllocated=1.99GB, MaxMemAllocated=12.05GB
[2026-06-04 18:57:20,454] [INFO] [logging.py:96:log_dist] [Rank 0] step=790, skipped=0, lr=[0.001], mom=[(0.9, 0.999)]
[2026-06-04 18:57:20,455] [INFO] [timer.py:258:stop] epoch=0/micro_step=790/global_step=790, RunningAvgSamplesPerSec=121.28477188269073, CurrSamplesPerSec=120.75619018657156, MemAllocated=1.99GB, MaxMemAllocated=12.05GB
[2026-06-04 18:57:31,127] [INFO] [logging.py:96:log_dist] [Rank 0] step=800, skipped=0, lr=[0.001], mom=[(0.9, 0.999)]
[2026-06-04 18:57:31,128] [INFO] [timer.py:258:stop] epoch=0/micro_step=800/global_step=800, RunningAvgSamplesPerSec=121.27248664858946, CurrSamplesPerSec=120.82714974938655, MemAllocated=1.99GB, MaxMemAllocated=12.05GB
[2026-06-04 18:57:41,766] [INFO] [logging.py:96:log_dist] [Rank 0] step=810, skipped=0, lr=[0.001], mom=[(0.9, 0.999)]
[2026-06-04 18:57:41,767] [INFO] [timer.py:258:stop] epoch=0/micro_step=810/global_step=810, RunningAvgSamplesPerSec=121.26521267588801, CurrSamplesPerSec=120.94135997356221, MemAllocated=1.99GB, MaxMemAllocated=12.05GB
[2026-06-04 18:57:52,396] [INFO] [logging.py:96:log_dist] [Rank 0] step=820, skipped=0, lr=[0.001], mom=[(0.9, 0.999)]
[2026-06-04 18:57:52,397] [INFO] [timer.py:258:stop] epoch=0/micro_step=820/global_step=820, RunningAvgSamplesPerSec=121.25977261468866, CurrSamplesPerSec=120.9838219032469, MemAllocated=1.99GB, MaxMemAllocated=12.05GB
[2026-06-04 18:58:02,996] [INFO] [logging.py:96:log_dist] [Rank 0] step=830, skipped=0, lr=[0.001], mom=[(0.9, 0.999)]
[2026-06-04 18:58:02,996] [INFO] [timer.py:258:stop] epoch=0/micro_step=830/global_step=830, RunningAvgSamplesPerSec=121.25819883489245, CurrSamplesPerSec=121.19584087697358, MemAllocated=1.99GB, MaxMemAllocated=12.05GB
[2026-06-04 18:58:13,593] [INFO] [logging.py:96:log_dist] [Rank 0] step=840, skipped=0, lr=[0.001], mom=[(0.9, 0.999)]
[2026-06-04 18:58:13,594] [INFO] [timer.py:258:stop] epoch=0/micro_step=840/global_step=840, RunningAvgSamplesPerSec=121.25684364335112, CurrSamplesPerSec=121.54287261508146, MemAllocated=1.99GB, MaxMemAllocated=12.05GB
[2026-06-04 18:58:24,189] [INFO] [logging.py:96:log_dist] [Rank 0] step=850, skipped=0, lr=[0.001], mom=[(0.9, 0.999)]
[2026-06-04 18:58:24,189] [INFO] [timer.py:258:stop] epoch=0/micro_step=850/global_step=850, RunningAvgSamplesPerSec=121.25599812255602, CurrSamplesPerSec=120.94495636261483, MemAllocated=1.99GB, MaxMemAllocated=12.05GB
[2026-06-04 18:58:34,783] [INFO] [logging.py:96:log_dist] [Rank 0] step=860, skipped=0, lr=[0.001], mom=[(0.9, 0.999)]
[2026-06-04 18:58:34,784] [INFO] [timer.py:258:stop] epoch=0/micro_step=860/global_step=860, RunningAvgSamplesPerSec=121.25495719149342, CurrSamplesPerSec=120.89272075601113, MemAllocated=1.99GB, MaxMemAllocated=12.05GB
[2026-06-04 18:58:45,378] [INFO] [logging.py:96:log_dist] [Rank 0] step=870, skipped=0, lr=[0.001], mom=[(0.9, 0.999)]
[2026-06-04 18:58:45,379] [INFO] [timer.py:258:stop] epoch=0/micro_step=870/global_step=870, RunningAvgSamplesPerSec=121.25432104283989, CurrSamplesPerSec=121.13264641903788, MemAllocated=1.99GB, MaxMemAllocated=12.05GB
[2026-06-04 18:58:55,993] [INFO] [logging.py:96:log_dist] [Rank 0] step=880, skipped=0, lr=[0.001], mom=[(0.9, 0.999)]
[2026-06-04 18:58:55,993] [INFO] [timer.py:258:stop] epoch=0/micro_step=880/global_step=880, RunningAvgSamplesPerSec=121.25126587682887, CurrSamplesPerSec=121.03185233178726, MemAllocated=1.99GB, MaxMemAllocated=12.05GB
[2026-06-04 18:59:06,594] [INFO] [logging.py:96:log_dist] [Rank 0] step=890, skipped=0, lr=[0.001], mom=[(0.9, 0.999)]
[2026-06-04 18:59:06,594] [INFO] [timer.py:258:stop] epoch=0/micro_step=890/global_step=890, RunningAvgSamplesPerSec=121.24978378069942, CurrSamplesPerSec=120.7590693422694, MemAllocated=1.99GB, MaxMemAllocated=12.05GB
[2026-06-04 18:59:17,187] [INFO] [logging.py:96:log_dist] [Rank 0] step=900, skipped=0, lr=[0.001], mom=[(0.9, 0.999)]
[2026-06-04 18:59:17,188] [INFO] [timer.py:258:stop] epoch=0/micro_step=900/global_step=900, RunningAvgSamplesPerSec=121.24878526956694, CurrSamplesPerSec=120.97599772861962, MemAllocated=1.99GB, MaxMemAllocated=12.05GB
Train Epoch: 2, Iteration: 200, Train Loss: 4.619163990020752
[2026-06-04 18:59:27,782] [INFO] [logging.py:96:log_dist] [Rank 0] step=910, skipped=0, lr=[0.001], mom=[(0.9, 0.999)]
[2026-06-04 18:59:27,783] [INFO] [timer.py:258:stop] epoch=0/micro_step=910/global_step=910, RunningAvgSamplesPerSec=121.24815219998126, CurrSamplesPerSec=121.23289674480279, MemAllocated=1.99GB, MaxMemAllocated=12.05GB
[2026-06-04 18:59:38,383] [INFO] [logging.py:96:log_dist] [Rank 0] step=920, skipped=0, lr=[0.001], mom=[(0.9, 0.999)]
[2026-06-04 18:59:38,383] [INFO] [timer.py:258:stop] epoch=0/micro_step=920/global_step=920, RunningAvgSamplesPerSec=121.24697266064257, CurrSamplesPerSec=121.33734422934972, MemAllocated=1.99GB, MaxMemAllocated=12.05GB
[2026-06-04 18:59:48,977] [INFO] [logging.py:96:log_dist] [Rank 0] step=930, skipped=0, lr=[0.001], mom=[(0.9, 0.999)]
[2026-06-04 18:59:48,977] [INFO] [timer.py:258:stop] epoch=0/micro_step=930/global_step=930, RunningAvgSamplesPerSec=121.24619143768652, CurrSamplesPerSec=120.99688262328422, MemAllocated=1.99GB, MaxMemAllocated=12.05GB
[2026-06-04 18:59:59,575] [INFO] [logging.py:96:log_dist] [Rank 0] step=940, skipped=0, lr=[0.001], mom=[(0.9, 0.999)]
[2026-06-04 18:59:59,575] [INFO] [timer.py:258:stop] epoch=0/micro_step=940/global_step=940, RunningAvgSamplesPerSec=121.24576238176502, CurrSamplesPerSec=121.52234896481976, MemAllocated=1.99GB, MaxMemAllocated=12.05GB
[2026-06-04 19:00:10,175] [INFO] [logging.py:96:log_dist] [Rank 0] step=950, skipped=0, lr=[0.001], mom=[(0.9, 0.999)]
[2026-06-04 19:00:10,176] [INFO] [timer.py:258:stop] epoch=0/micro_step=950/global_step=950, RunningAvgSamplesPerSec=121.24458517183147, CurrSamplesPerSec=121.17469579982453, MemAllocated=1.99GB, MaxMemAllocated=12.05GB
[2026-06-04 19:00:20,771] [INFO] [logging.py:96:log_dist] [Rank 0] step=960, skipped=0, lr=[0.001], mom=[(0.9, 0.999)]
[2026-06-04 19:00:20,771] [INFO] [timer.py:258:stop] epoch=0/micro_step=960/global_step=960, RunningAvgSamplesPerSec=121.2441669598587, CurrSamplesPerSec=120.91741674512048, MemAllocated=1.99GB, MaxMemAllocated=12.05GB
[2026-06-04 19:00:31,363] [INFO] [logging.py:96:log_dist] [Rank 0] step=970, skipped=0, lr=[0.001], mom=[(0.9, 0.999)]
[2026-06-04 19:00:31,364] [INFO] [timer.py:258:stop] epoch=0/micro_step=970/global_step=970, RunningAvgSamplesPerSec=121.24426419614579, CurrSamplesPerSec=121.1602021447127, MemAllocated=1.99GB, MaxMemAllocated=12.05GB
[2026-06-04 19:00:41,957] [INFO] [logging.py:96:log_dist] [Rank 0] step=980, skipped=0, lr=[0.001], mom=[(0.9, 0.999)]
[2026-06-04 19:00:41,957] [INFO] [timer.py:258:stop] epoch=0/micro_step=980/global_step=980, RunningAvgSamplesPerSec=121.24430258185711, CurrSamplesPerSec=121.30513045244588, MemAllocated=1.99GB, MaxMemAllocated=12.05GB
[2026-06-04 19:00:52,558] [INFO] [logging.py:96:log_dist] [Rank 0] step=990, skipped=0, lr=[0.001], mom=[(0.9, 0.999)]
[2026-06-04 19:00:52,558] [INFO] [timer.py:258:stop] epoch=0/micro_step=990/global_step=990, RunningAvgSamplesPerSec=121.24272402623043, CurrSamplesPerSec=121.09838327493124, MemAllocated=1.99GB, MaxMemAllocated=12.05GB
[2026-06-04 19:01:03,154] [INFO] [logging.py:96:log_dist] [Rank 0] step=1000, skipped=0, lr=[0.001], mom=[(0.9, 0.999)]
[2026-06-04 19:01:03,154] [INFO] [timer.py:258:stop] epoch=0/micro_step=1000/global_step=1000, RunningAvgSamplesPerSec=121.24130389320815, CurrSamplesPerSec=121.21228606926927, MemAllocated=1.99GB, MaxMemAllocated=12.05GB
[2026-06-04 19:01:13,750] [INFO] [logging.py:96:log_dist] [Rank 0] step=1010, skipped=0, lr=[0.001], mom=[(0.9, 0.999)]
[2026-06-04 19:01:13,751] [INFO] [timer.py:258:stop] epoch=0/micro_step=1010/global_step=1010, RunningAvgSamplesPerSec=121.23994391216513, CurrSamplesPerSec=121.01177364771202, MemAllocated=1.99GB, MaxMemAllocated=12.05GB
[2026-06-04 19:01:24,346] [INFO] [logging.py:96:log_dist] [Rank 0] step=1020, skipped=0, lr=[0.001], mom=[(0.9, 0.999)]
[2026-06-04 19:01:24,347] [INFO] [timer.py:258:stop] epoch=0/micro_step=1020/global_step=1020, RunningAvgSamplesPerSec=121.23855401263714, CurrSamplesPerSec=121.10004953438579, MemAllocated=1.99GB, MaxMemAllocated=12.05GB
[2026-06-04 19:01:34,944] [INFO] [logging.py:96:log_dist] [Rank 0] step=1030, skipped=0, lr=[0.001], mom=[(0.9, 0.999)]
[2026-06-04 19:01:34,944] [INFO] [timer.py:258:stop] epoch=0/micro_step=1030/global_step=1030, RunningAvgSamplesPerSec=121.23714881291822, CurrSamplesPerSec=121.23341689234978, MemAllocated=1.99GB, MaxMemAllocated=12.05GB
[2026-06-04 19:01:45,553] [INFO] [logging.py:96:log_dist] [Rank 0] step=1040, skipped=0, lr=[0.001], mom=[(0.9, 0.999)]
[2026-06-04 19:01:45,553] [INFO] [timer.py:258:stop] epoch=0/micro_step=1040/global_step=1040, RunningAvgSamplesPerSec=121.2343446343958, CurrSamplesPerSec=120.80980302367159, MemAllocated=1.99GB, MaxMemAllocated=12.05GB
[2026-06-04 19:01:56,141] [INFO] [logging.py:96:log_dist] [Rank 0] step=1050, skipped=0, lr=[0.001], mom=[(0.9, 0.999)]
[2026-06-04 19:01:56,141] [INFO] [timer.py:258:stop] epoch=0/micro_step=1050/global_step=1050, RunningAvgSamplesPerSec=121.23403803461603, CurrSamplesPerSec=120.60557929308587, MemAllocated=1.99GB, MaxMemAllocated=12.05GB
[2026-06-04 19:02:06,735] [INFO] [logging.py:96:log_dist] [Rank 0] step=1060, skipped=0, lr=[0.001], mom=[(0.9, 0.999)]
[2026-06-04 19:02:06,736] [INFO] [timer.py:258:stop] epoch=0/micro_step=1060/global_step=1060, RunningAvgSamplesPerSec=121.23309016299179, CurrSamplesPerSec=121.06201015316336, MemAllocated=1.99GB, MaxMemAllocated=12.05GB
[2026-06-04 19:02:17,334] [INFO] [logging.py:96:log_dist] [Rank 0] step=1070, skipped=0, lr=[0.001], mom=[(0.9, 0.999)]
[2026-06-04 19:02:17,334] [INFO] [timer.py:258:stop] epoch=0/micro_step=1070/global_step=1070, RunningAvgSamplesPerSec=121.23172778766505, CurrSamplesPerSec=120.72596733858464, MemAllocated=1.99GB, MaxMemAllocated=12.05GB
[2026-06-04 19:02:27,928] [INFO] [logging.py:96:log_dist] [Rank 0] step=1080, skipped=0, lr=[0.001], mom=[(0.9, 0.999)]
[2026-06-04 19:02:27,928] [INFO] [timer.py:258:stop] epoch=0/micro_step=1080/global_step=1080, RunningAvgSamplesPerSec=121.2307586810294, CurrSamplesPerSec=121.3831858108956, MemAllocated=1.99GB, MaxMemAllocated=12.05GB
[2026-06-04 19:02:38,524] [INFO] [logging.py:96:log_dist] [Rank 0] step=1090, skipped=0, lr=[0.001], mom=[(0.9, 0.999)]
[2026-06-04 19:02:38,524] [INFO] [timer.py:258:stop] epoch=0/micro_step=1090/global_step=1090, RunningAvgSamplesPerSec=121.22948867096467, CurrSamplesPerSec=121.36090538467886, MemAllocated=1.99GB, MaxMemAllocated=12.05GB
[2026-06-04 19:02:49,122] [INFO] [logging.py:96:log_dist] [Rank 0] step=1100, skipped=0, lr=[0.001], mom=[(0.9, 0.999)]
[2026-06-04 19:02:49,122] [INFO] [timer.py:258:stop] epoch=0/micro_step=1100/global_step=1100, RunningAvgSamplesPerSec=121.22814456514857, CurrSamplesPerSec=120.98769347192197, MemAllocated=1.99GB, MaxMemAllocated=12.05GB
Train Epoch: 2, Iteration: 400, Train Loss: 4.3600263595581055
[2026-06-04 19:02:59,717] [INFO] [logging.py:96:log_dist] [Rank 0] step=1110, skipped=0, lr=[0.001], mom=[(0.9, 0.999)]
[2026-06-04 19:02:59,718] [INFO] [timer.py:258:stop] epoch=0/micro_step=1110/global_step=1110, RunningAvgSamplesPerSec=121.22709714997593, CurrSamplesPerSec=120.95116881115614, MemAllocated=1.99GB, MaxMemAllocated=12.05GB
[2026-06-04 19:03:10,317] [INFO] [logging.py:96:log_dist] [Rank 0] step=1120, skipped=0, lr=[0.001], mom=[(0.9, 0.999)]
[2026-06-04 19:03:10,318] [INFO] [timer.py:258:stop] epoch=0/micro_step=1120/global_step=1120, RunningAvgSamplesPerSec=121.22558331896175, CurrSamplesPerSec=120.84499107625396, MemAllocated=1.99GB, MaxMemAllocated=12.05GB
[2026-06-04 19:03:20,934] [INFO] [logging.py:96:log_dist] [Rank 0] step=1130, skipped=0, lr=[0.001], mom=[(0.9, 0.999)]
[2026-06-04 19:03:20,934] [INFO] [timer.py:258:stop] epoch=0/micro_step=1130/global_step=1130, RunningAvgSamplesPerSec=121.22321614573109, CurrSamplesPerSec=121.02800522010864, MemAllocated=1.99GB, MaxMemAllocated=12.05GB
[2026-06-04 19:03:31,552] [INFO] [logging.py:96:log_dist] [Rank 0] step=1140, skipped=0, lr=[0.001], mom=[(0.9, 0.999)]
[2026-06-04 19:03:31,552] [INFO] [timer.py:258:stop] epoch=0/micro_step=1140/global_step=1140, RunningAvgSamplesPerSec=121.22089542706912, CurrSamplesPerSec=121.0385103227613, MemAllocated=1.99GB, MaxMemAllocated=12.05GB
[2026-06-04 19:03:42,149] [INFO] [logging.py:96:log_dist] [Rank 0] step=1150, skipped=0, lr=[0.001], mom=[(0.9, 0.999)]
[2026-06-04 19:03:42,149] [INFO] [timer.py:258:stop] epoch=0/micro_step=1150/global_step=1150, RunningAvgSamplesPerSec=121.22058055350003, CurrSamplesPerSec=121.30334891300075, MemAllocated=1.99GB, MaxMemAllocated=12.05GB
[2026-06-04 19:03:52,776] [INFO] [logging.py:96:log_dist] [Rank 0] step=1160, skipped=0, lr=[0.001], mom=[(0.9, 0.999)]
[2026-06-04 19:03:52,777] [INFO] [timer.py:258:stop] epoch=0/micro_step=1160/global_step=1160, RunningAvgSamplesPerSec=121.21760873637443, CurrSamplesPerSec=120.38608872233594, MemAllocated=1.99GB, MaxMemAllocated=12.05GB
[2026-06-04 19:04:03,396] [INFO] [logging.py:96:log_dist] [Rank 0] step=1170, skipped=0, lr=[0.001], mom=[(0.9, 0.999)]
[2026-06-04 19:04:03,396] [INFO] [timer.py:258:stop] epoch=0/micro_step=1170/global_step=1170, RunningAvgSamplesPerSec=121.21517590886961, CurrSamplesPerSec=120.43461822580258, MemAllocated=1.99GB, MaxMemAllocated=12.05GB
[2026-06-04 19:04:13,998] [INFO] [logging.py:96:log_dist] [Rank 0] step=1180, skipped=0, lr=[0.001], mom=[(0.9, 0.999)]
[2026-06-04 19:04:13,999] [INFO] [timer.py:258:stop] epoch=0/micro_step=1180/global_step=1180, RunningAvgSamplesPerSec=121.21437998794977, CurrSamplesPerSec=121.04631529392242, MemAllocated=1.99GB, MaxMemAllocated=12.05GB
[2026-06-04 19:04:24,608] [INFO] [logging.py:96:log_dist] [Rank 0] step=1190, skipped=0, lr=[0.001], mom=[(0.9, 0.999)]
[2026-06-04 19:04:24,608] [INFO] [timer.py:258:stop] epoch=0/micro_step=1190/global_step=1190, RunningAvgSamplesPerSec=121.21289705603562, CurrSamplesPerSec=120.47042603828066, MemAllocated=1.99GB, MaxMemAllocated=12.05GB
[2026-06-04 19:04:35,231] [INFO] [logging.py:96:log_dist] [Rank 0] step=1200, skipped=0, lr=[0.001], mom=[(0.9, 0.999)]
[2026-06-04 19:04:35,232] [INFO] [timer.py:258:stop] epoch=0/micro_step=1200/global_step=1200, RunningAvgSamplesPerSec=121.2106370044554, CurrSamplesPerSec=121.08287014201677, MemAllocated=1.99GB, MaxMemAllocated=12.05GB
[2026-06-04 19:04:45,848] [INFO] [logging.py:96:log_dist] [Rank 0] step=1210, skipped=0, lr=[0.001], mom=[(0.9, 0.999)]
[2026-06-04 19:04:45,848] [INFO] [timer.py:258:stop] epoch=0/micro_step=1210/global_step=1210, RunningAvgSamplesPerSec=121.20888468919746, CurrSamplesPerSec=121.3894433622786, MemAllocated=1.99GB, MaxMemAllocated=12.05GB
[2026-06-04 19:04:56,439] [INFO] [logging.py:96:log_dist] [Rank 0] step=1220, skipped=0, lr=[0.001], mom=[(0.9, 0.999)]
[2026-06-04 19:04:56,440] [INFO] [timer.py:258:stop] epoch=0/micro_step=1220/global_step=1220, RunningAvgSamplesPerSec=121.20896595188925, CurrSamplesPerSec=121.01466500406184, MemAllocated=1.99GB, MaxMemAllocated=12.05GB
[2026-06-04 19:05:07,036] [INFO] [logging.py:96:log_dist] [Rank 0] step=1230, skipped=0, lr=[0.001], mom=[(0.9, 0.999)]
[2026-06-04 19:05:07,036] [INFO] [timer.py:258:stop] epoch=0/micro_step=1230/global_step=1230, RunningAvgSamplesPerSec=121.20885215053478, CurrSamplesPerSec=121.36041157627211, MemAllocated=1.99GB, MaxMemAllocated=12.05GB
[2026-06-04 19:05:17,632] [INFO] [logging.py:96:log_dist] [Rank 0] step=1240, skipped=0, lr=[0.001], mom=[(0.9, 0.999)]
[2026-06-04 19:05:17,632] [INFO] [timer.py:258:stop] epoch=0/micro_step=1240/global_step=1240, RunningAvgSamplesPerSec=121.20880020114551, CurrSamplesPerSec=121.22016820915213, MemAllocated=1.99GB, MaxMemAllocated=12.05GB
[2026-06-04 19:05:28,227] [INFO] [logging.py:96:log_dist] [Rank 0] step=1250, skipped=0, lr=[0.001], mom=[(0.9, 0.999)]
[2026-06-04 19:05:28,228] [INFO] [timer.py:258:stop] epoch=0/micro_step=1250/global_step=1250, RunningAvgSamplesPerSec=121.2088554094817, CurrSamplesPerSec=121.08106781741637, MemAllocated=1.99GB, MaxMemAllocated=12.05GB
[2026-06-04 19:05:38,825] [INFO] [logging.py:96:log_dist] [Rank 0] step=1260, skipped=0, lr=[0.001], mom=[(0.9, 0.999)]
[2026-06-04 19:05:38,825] [INFO] [timer.py:258:stop] epoch=0/micro_step=1260/global_step=1260, RunningAvgSamplesPerSec=121.20877756924533, CurrSamplesPerSec=121.22974857859508, MemAllocated=1.99GB, MaxMemAllocated=12.05GB
[2026-06-04 19:05:49,422] [INFO] [logging.py:96:log_dist] [Rank 0] step=1270, skipped=0, lr=[0.001], mom=[(0.9, 0.999)]
[2026-06-04 19:05:49,422] [INFO] [timer.py:258:stop] epoch=0/micro_step=1270/global_step=1270, RunningAvgSamplesPerSec=121.20854729790373, CurrSamplesPerSec=121.15815143580978, MemAllocated=1.99GB, MaxMemAllocated=12.05GB
[2026-06-04 19:06:00,016] [INFO] [logging.py:96:log_dist] [Rank 0] step=1280, skipped=0, lr=[0.001], mom=[(0.9, 0.999)]
[2026-06-04 19:06:00,017] [INFO] [timer.py:258:stop] epoch=0/micro_step=1280/global_step=1280, RunningAvgSamplesPerSec=121.20841467410922, CurrSamplesPerSec=121.30249927415647, MemAllocated=1.99GB, MaxMemAllocated=12.05GB
[2026-06-04 19:06:10,612] [INFO] [logging.py:96:log_dist] [Rank 0] step=1290, skipped=0, lr=[0.001], mom=[(0.9, 0.999)]
[2026-06-04 19:06:10,613] [INFO] [timer.py:258:stop] epoch=0/micro_step=1290/global_step=1290, RunningAvgSamplesPerSec=121.20837557442927, CurrSamplesPerSec=121.01488322524278, MemAllocated=1.99GB, MaxMemAllocated=12.05GB
[2026-06-04 19:06:21,208] [INFO] [logging.py:96:log_dist] [Rank 0] step=1300, skipped=0, lr=[0.001], mom=[(0.9, 0.999)]
[2026-06-04 19:06:21,209] [INFO] [timer.py:258:stop] epoch=0/micro_step=1300/global_step=1300, RunningAvgSamplesPerSec=121.2081340538894, CurrSamplesPerSec=121.21154717120857, MemAllocated=1.99GB, MaxMemAllocated=12.05GB
Train Epoch: 2, Iteration: 600, Train Loss: 4.1439313888549805
[2026-06-04 19:06:31,804] [INFO] [logging.py:96:log_dist] [Rank 0] step=1310, skipped=0, lr=[0.001], mom=[(0.9, 0.999)]
[2026-06-04 19:06:31,804] [INFO] [timer.py:258:stop] epoch=0/micro_step=1310/global_step=1310, RunningAvgSamplesPerSec=121.20808855510624, CurrSamplesPerSec=121.21023359689916, MemAllocated=1.99GB, MaxMemAllocated=12.05GB
[2026-06-04 19:06:42,400] [INFO] [logging.py:96:log_dist] [Rank 0] step=1320, skipped=0, lr=[0.001], mom=[(0.9, 0.999)]
[2026-06-04 19:06:42,400] [INFO] [timer.py:258:stop] epoch=0/micro_step=1320/global_step=1320, RunningAvgSamplesPerSec=121.20798116893022, CurrSamplesPerSec=121.25721156995152, MemAllocated=1.99GB, MaxMemAllocated=12.05GB
[2026-06-04 19:06:52,998] [INFO] [logging.py:96:log_dist] [Rank 0] step=1330, skipped=0, lr=[0.001], mom=[(0.9, 0.999)]
[2026-06-04 19:06:52,999] [INFO] [timer.py:258:stop] epoch=0/micro_step=1330/global_step=1330, RunningAvgSamplesPerSec=121.20757179213551, CurrSamplesPerSec=121.28611179575297, MemAllocated=1.99GB, MaxMemAllocated=12.05GB
[2026-06-04 19:07:03,597] [INFO] [logging.py:96:log_dist] [Rank 0] step=1340, skipped=0, lr=[0.001], mom=[(0.9, 0.999)]
[2026-06-04 19:07:03,597] [INFO] [timer.py:258:stop] epoch=0/micro_step=1340/global_step=1340, RunningAvgSamplesPerSec=121.20753096394883, CurrSamplesPerSec=121.67785193525636, MemAllocated=1.99GB, MaxMemAllocated=12.05GB
[2026-06-04 19:07:14,193] [INFO] [logging.py:96:log_dist] [Rank 0] step=1350, skipped=0, lr=[0.001], mom=[(0.9, 0.999)]
[2026-06-04 19:07:14,193] [INFO] [timer.py:258:stop] epoch=0/micro_step=1350/global_step=1350, RunningAvgSamplesPerSec=121.20766704857014, CurrSamplesPerSec=121.47587999551088, MemAllocated=1.99GB, MaxMemAllocated=12.05GB
[2026-06-04 19:07:24,790] [INFO] [logging.py:96:log_dist] [Rank 0] step=1360, skipped=0, lr=[0.001], mom=[(0.9, 0.999)]
[2026-06-04 19:07:24,790] [INFO] [timer.py:258:stop] epoch=0/micro_step=1360/global_step=1360, RunningAvgSamplesPerSec=121.20746916653357, CurrSamplesPerSec=121.09207375716578, MemAllocated=1.99GB, MaxMemAllocated=12.05GB
[2026-06-04 19:07:35,386] [INFO] [logging.py:96:log_dist] [Rank 0] step=1370, skipped=0, lr=[0.001], mom=[(0.9, 0.999)]
[2026-06-04 19:07:35,386] [INFO] [timer.py:258:stop] epoch=0/micro_step=1370/global_step=1370, RunningAvgSamplesPerSec=121.20731262447383, CurrSamplesPerSec=121.26433262153404, MemAllocated=1.99GB, MaxMemAllocated=12.05GB
[2026-06-04 19:07:45,983] [INFO] [logging.py:96:log_dist] [Rank 0] step=1380, skipped=0, lr=[0.001], mom=[(0.9, 0.999)]
[2026-06-04 19:07:45,984] [INFO] [timer.py:258:stop] epoch=0/micro_step=1380/global_step=1380, RunningAvgSamplesPerSec=121.2074023119392, CurrSamplesPerSec=121.28800243266897, MemAllocated=1.99GB, MaxMemAllocated=12.05GB
[2026-06-04 19:07:56,579] [INFO] [logging.py:96:log_dist] [Rank 0] step=1390, skipped=0, lr=[0.001], mom=[(0.9, 0.999)]
[2026-06-04 19:07:56,580] [INFO] [timer.py:258:stop] epoch=0/micro_step=1390/global_step=1390, RunningAvgSamplesPerSec=121.20761607583053, CurrSamplesPerSec=121.72190897682533, MemAllocated=1.99GB, MaxMemAllocated=12.05GB
[2026-06-04 19:08:07,176] [INFO] [logging.py:96:log_dist] [Rank 0] step=1400, skipped=0, lr=[0.001], mom=[(0.9, 0.999)]
[2026-06-04 19:08:07,176] [INFO] [timer.py:258:stop] epoch=0/micro_step=1400/global_step=1400, RunningAvgSamplesPerSec=121.20763127540889, CurrSamplesPerSec=121.36227709578283, MemAllocated=1.99GB, MaxMemAllocated=12.05GB
ZeRO stage 3
Epoch 2 train time: 745.83 s
Peak VRAM: 12340.0 MB
Epoch 2. Train Loss = 4.3961. Val Loss = 4.2308. Val Accuracy = 0.135.
Train Epoch: 3, Iteration: 0, Train Loss: 4.207860946655273
[2026-06-04 19:09:05,681] [INFO] [logging.py:96:log_dist] [Rank 0] step=1410, skipped=0, lr=[0.001], mom=[(0.9, 0.999)]
[2026-06-04 19:09:05,682] [INFO] [timer.py:258:stop] epoch=0/micro_step=1410/global_step=1410, RunningAvgSamplesPerSec=121.28380285519106, CurrSamplesPerSec=122.04879215389938, MemAllocated=1.99GB, MaxMemAllocated=12.05GB
[2026-06-04 19:09:16,295] [INFO] [logging.py:96:log_dist] [Rank 0] step=1420, skipped=0, lr=[0.001], mom=[(0.9, 0.999)]
[2026-06-04 19:09:16,295] [INFO] [timer.py:258:stop] epoch=0/micro_step=1420/global_step=1420, RunningAvgSamplesPerSec=121.28190463387304, CurrSamplesPerSec=121.18306541373427, MemAllocated=1.99GB, MaxMemAllocated=12.05GB
[2026-06-04 19:09:26,899] [INFO] [logging.py:96:log_dist] [Rank 0] step=1430, skipped=0, lr=[0.001], mom=[(0.9, 0.999)]
[2026-06-04 19:09:26,899] [INFO] [timer.py:258:stop] epoch=0/micro_step=1430/global_step=1430, RunningAvgSamplesPerSec=121.28110045017473, CurrSamplesPerSec=121.31025609623278, MemAllocated=1.99GB, MaxMemAllocated=12.05GB
[2026-06-04 19:09:37,486] [INFO] [logging.py:96:log_dist] [Rank 0] step=1440, skipped=0, lr=[0.001], mom=[(0.9, 0.999)]
[2026-06-04 19:09:37,487] [INFO] [timer.py:258:stop] epoch=0/micro_step=1440/global_step=1440, RunningAvgSamplesPerSec=121.28119971555132, CurrSamplesPerSec=121.05133720610371, MemAllocated=1.99GB, MaxMemAllocated=12.05GB
[2026-06-04 19:09:48,084] [INFO] [logging.py:96:log_dist] [Rank 0] step=1450, skipped=0, lr=[0.001], mom=[(0.9, 0.999)]
[2026-06-04 19:09:48,085] [INFO] [timer.py:258:stop] epoch=0/micro_step=1450/global_step=1450, RunningAvgSamplesPerSec=121.28049168474661, CurrSamplesPerSec=121.28838604735225, MemAllocated=1.99GB, MaxMemAllocated=12.05GB
[2026-06-04 19:09:58,678] [INFO] [logging.py:96:log_dist] [Rank 0] step=1460, skipped=0, lr=[0.001], mom=[(0.9, 0.999)]
[2026-06-04 19:09:58,679] [INFO] [timer.py:258:stop] epoch=0/micro_step=1460/global_step=1460, RunningAvgSamplesPerSec=121.2800699031317, CurrSamplesPerSec=121.35827178627852, MemAllocated=1.99GB, MaxMemAllocated=12.05GB
[2026-06-04 19:10:09,277] [INFO] [logging.py:96:log_dist] [Rank 0] step=1470, skipped=0, lr=[0.001], mom=[(0.9, 0.999)]
[2026-06-04 19:10:09,277] [INFO] [timer.py:258:stop] epoch=0/micro_step=1470/global_step=1470, RunningAvgSamplesPerSec=121.27908853571094, CurrSamplesPerSec=121.13991685140998, MemAllocated=1.99GB, MaxMemAllocated=12.05GB
[2026-06-04 19:10:19,871] [INFO] [logging.py:96:log_dist] [Rank 0] step=1480, skipped=0, lr=[0.001], mom=[(0.9, 0.999)]
[2026-06-04 19:10:19,871] [INFO] [timer.py:258:stop] epoch=0/micro_step=1480/global_step=1480, RunningAvgSamplesPerSec=121.27871036228136, CurrSamplesPerSec=121.14483718799679, MemAllocated=1.99GB, MaxMemAllocated=12.05GB
[2026-06-04 19:10:30,468] [INFO] [logging.py:96:log_dist] [Rank 0] step=1490, skipped=0, lr=[0.001], mom=[(0.9, 0.999)]
[2026-06-04 19:10:30,469] [INFO] [timer.py:258:stop] epoch=0/micro_step=1490/global_step=1490, RunningAvgSamplesPerSec=121.27802615419328, CurrSamplesPerSec=121.1091464805273, MemAllocated=1.99GB, MaxMemAllocated=12.05GB
[2026-06-04 19:10:41,065] [INFO] [logging.py:96:log_dist] [Rank 0] step=1500, skipped=0, lr=[0.001], mom=[(0.9, 0.999)]
[2026-06-04 19:10:41,066] [INFO] [timer.py:258:stop] epoch=0/micro_step=1500/global_step=1500, RunningAvgSamplesPerSec=121.27708996620689, CurrSamplesPerSec=121.16277246456717, MemAllocated=1.99GB, MaxMemAllocated=12.05GB
[2026-06-04 19:10:51,662] [INFO] [logging.py:96:log_dist] [Rank 0] step=1510, skipped=0, lr=[0.001], mom=[(0.9, 0.999)]
[2026-06-04 19:10:51,662] [INFO] [timer.py:258:stop] epoch=0/micro_step=1510/global_step=1510, RunningAvgSamplesPerSec=121.2762892165607, CurrSamplesPerSec=121.2287904735066, MemAllocated=1.99GB, MaxMemAllocated=12.05GB
[2026-06-04 19:11:02,259] [INFO] [logging.py:96:log_dist] [Rank 0] step=1520, skipped=0, lr=[0.001], mom=[(0.9, 0.999)]
[2026-06-04 19:11:02,259] [INFO] [timer.py:258:stop] epoch=0/micro_step=1520/global_step=1520, RunningAvgSamplesPerSec=121.27540772774752, CurrSamplesPerSec=121.24475174192914, MemAllocated=1.99GB, MaxMemAllocated=12.05GB
[2026-06-04 19:11:12,855] [INFO] [logging.py:96:log_dist] [Rank 0] step=1530, skipped=0, lr=[0.001], mom=[(0.9, 0.999)]
[2026-06-04 19:11:12,856] [INFO] [timer.py:258:stop] epoch=0/micro_step=1530/global_step=1530, RunningAvgSamplesPerSec=121.27474004202034, CurrSamplesPerSec=121.13781216281407, MemAllocated=1.99GB, MaxMemAllocated=12.05GB
[2026-06-04 19:11:23,457] [INFO] [logging.py:96:log_dist] [Rank 0] step=1540, skipped=0, lr=[0.001], mom=[(0.9, 0.999)]
[2026-06-04 19:11:23,458] [INFO] [timer.py:258:stop] epoch=0/micro_step=1540/global_step=1540, RunningAvgSamplesPerSec=121.27331722395661, CurrSamplesPerSec=120.88910025174397, MemAllocated=1.99GB, MaxMemAllocated=12.05GB
[2026-06-04 19:11:34,053] [INFO] [logging.py:96:log_dist] [Rank 0] step=1550, skipped=0, lr=[0.001], mom=[(0.9, 0.999)]
[2026-06-04 19:11:34,054] [INFO] [timer.py:258:stop] epoch=0/micro_step=1550/global_step=1550, RunningAvgSamplesPerSec=121.2724468590881, CurrSamplesPerSec=121.19688054067257, MemAllocated=1.99GB, MaxMemAllocated=12.05GB
[2026-06-04 19:11:44,653] [INFO] [logging.py:96:log_dist] [Rank 0] step=1560, skipped=0, lr=[0.001], mom=[(0.9, 0.999)]
[2026-06-04 19:11:44,653] [INFO] [timer.py:258:stop] epoch=0/micro_step=1560/global_step=1560, RunningAvgSamplesPerSec=121.27135302363664, CurrSamplesPerSec=121.19083432525282, MemAllocated=1.99GB, MaxMemAllocated=12.05GB
[2026-06-04 19:11:55,270] [INFO] [logging.py:96:log_dist] [Rank 0] step=1570, skipped=0, lr=[0.001], mom=[(0.9, 0.999)]
[2026-06-04 19:11:55,270] [INFO] [timer.py:258:stop] epoch=0/micro_step=1570/global_step=1570, RunningAvgSamplesPerSec=121.26876380568764, CurrSamplesPerSec=120.72471856169471, MemAllocated=1.99GB, MaxMemAllocated=12.05GB
[2026-06-04 19:12:05,929] [INFO] [logging.py:96:log_dist] [Rank 0] step=1580, skipped=0, lr=[0.001], mom=[(0.9, 0.999)]
[2026-06-04 19:12:05,930] [INFO] [timer.py:258:stop] epoch=0/micro_step=1580/global_step=1580, RunningAvgSamplesPerSec=121.26366312583757, CurrSamplesPerSec=120.67760968512204, MemAllocated=1.99GB, MaxMemAllocated=12.05GB
[2026-06-04 19:12:16,577] [INFO] [logging.py:96:log_dist] [Rank 0] step=1590, skipped=0, lr=[0.001], mom=[(0.9, 0.999)]
[2026-06-04 19:12:16,577] [INFO] [timer.py:258:stop] epoch=0/micro_step=1590/global_step=1590, RunningAvgSamplesPerSec=121.2594459323317, CurrSamplesPerSec=120.68184146775413, MemAllocated=1.99GB, MaxMemAllocated=12.05GB
[2026-06-04 19:12:27,233] [INFO] [logging.py:96:log_dist] [Rank 0] step=1600, skipped=0, lr=[0.001], mom=[(0.9, 0.999)]
[2026-06-04 19:12:27,233] [INFO] [timer.py:258:stop] epoch=0/micro_step=1600/global_step=1600, RunningAvgSamplesPerSec=121.2546130263307, CurrSamplesPerSec=120.35359555952098, MemAllocated=1.99GB, MaxMemAllocated=12.05GB
Train Epoch: 3, Iteration: 200, Train Loss: 4.313859939575195
[2026-06-04 19:12:37,856] [INFO] [logging.py:96:log_dist] [Rank 0] step=1610, skipped=0, lr=[0.001], mom=[(0.9, 0.999)]
[2026-06-04 19:12:37,856] [INFO] [timer.py:258:stop] epoch=0/micro_step=1610/global_step=1610, RunningAvgSamplesPerSec=121.25220919412996, CurrSamplesPerSec=120.86153164553258, MemAllocated=1.99GB, MaxMemAllocated=12.05GB
[2026-06-04 19:12:48,447] [INFO] [logging.py:96:log_dist] [Rank 0] step=1620, skipped=0, lr=[0.001], mom=[(0.9, 0.999)]
[2026-06-04 19:12:48,447] [INFO] [timer.py:258:stop] epoch=0/micro_step=1620/global_step=1620, RunningAvgSamplesPerSec=121.25182938997231, CurrSamplesPerSec=121.08942450198741, MemAllocated=1.99GB, MaxMemAllocated=12.05GB
[2026-06-04 19:12:59,045] [INFO] [logging.py:96:log_dist] [Rank 0] step=1630, skipped=0, lr=[0.001], mom=[(0.9, 0.999)]
[2026-06-04 19:12:59,046] [INFO] [timer.py:258:stop] epoch=0/micro_step=1630/global_step=1630, RunningAvgSamplesPerSec=121.25122258001818, CurrSamplesPerSec=121.13844082837099, MemAllocated=1.99GB, MaxMemAllocated=12.05GB
[2026-06-04 19:13:09,640] [INFO] [logging.py:96:log_dist] [Rank 0] step=1640, skipped=0, lr=[0.001], mom=[(0.9, 0.999)]
[2026-06-04 19:13:09,640] [INFO] [timer.py:258:stop] epoch=0/micro_step=1640/global_step=1640, RunningAvgSamplesPerSec=121.25119979156821, CurrSamplesPerSec=121.14970324725424, MemAllocated=1.99GB, MaxMemAllocated=12.05GB
[2026-06-04 19:13:20,232] [INFO] [logging.py:96:log_dist] [Rank 0] step=1650, skipped=0, lr=[0.001], mom=[(0.9, 0.999)]
[2026-06-04 19:13:20,232] [INFO] [timer.py:258:stop] epoch=0/micro_step=1650/global_step=1650, RunningAvgSamplesPerSec=121.25101501780199, CurrSamplesPerSec=121.31423082407082, MemAllocated=1.99GB, MaxMemAllocated=12.05GB
[2026-06-04 19:13:30,842] [INFO] [logging.py:96:log_dist] [Rank 0] step=1660, skipped=0, lr=[0.001], mom=[(0.9, 0.999)]
[2026-06-04 19:13:30,842] [INFO] [timer.py:258:stop] epoch=0/micro_step=1660/global_step=1660, RunningAvgSamplesPerSec=121.24972562135872, CurrSamplesPerSec=120.38824835811042, MemAllocated=1.99GB, MaxMemAllocated=12.05GB
[2026-06-04 19:13:41,425] [INFO] [logging.py:96:log_dist] [Rank 0] step=1670, skipped=0, lr=[0.001], mom=[(0.9, 0.999)]
[2026-06-04 19:13:41,426] [INFO] [timer.py:258:stop] epoch=0/micro_step=1670/global_step=1670, RunningAvgSamplesPerSec=121.2499118003696, CurrSamplesPerSec=121.30811807451059, MemAllocated=1.99GB, MaxMemAllocated=12.05GB
[2026-06-04 19:13:52,022] [INFO] [logging.py:96:log_dist] [Rank 0] step=1680, skipped=0, lr=[0.001], mom=[(0.9, 0.999)]
[2026-06-04 19:13:52,022] [INFO] [timer.py:258:stop] epoch=0/micro_step=1680/global_step=1680, RunningAvgSamplesPerSec=121.2495711619406, CurrSamplesPerSec=121.32637591655077, MemAllocated=1.99GB, MaxMemAllocated=12.05GB
[2026-06-04 19:14:02,602] [INFO] [logging.py:96:log_dist] [Rank 0] step=1690, skipped=0, lr=[0.001], mom=[(0.9, 0.999)]
[2026-06-04 19:14:02,603] [INFO] [timer.py:258:stop] epoch=0/micro_step=1690/global_step=1690, RunningAvgSamplesPerSec=121.25027064767126, CurrSamplesPerSec=121.73590244999691, MemAllocated=1.99GB, MaxMemAllocated=12.05GB
[2026-06-04 19:14:13,174] [INFO] [logging.py:96:log_dist] [Rank 0] step=1700, skipped=0, lr=[0.001], mom=[(0.9, 0.999)]
[2026-06-04 19:14:13,175] [INFO] [timer.py:258:stop] epoch=0/micro_step=1700/global_step=1700, RunningAvgSamplesPerSec=121.25152378163071, CurrSamplesPerSec=121.32889845289928, MemAllocated=1.99GB, MaxMemAllocated=12.05GB
[2026-06-04 19:14:23,753] [INFO] [logging.py:96:log_dist] [Rank 0] step=1710, skipped=0, lr=[0.001], mom=[(0.9, 0.999)]
[2026-06-04 19:14:23,753] [INFO] [timer.py:258:stop] epoch=0/micro_step=1710/global_step=1710, RunningAvgSamplesPerSec=121.25246742992267, CurrSamplesPerSec=121.3356165885103, MemAllocated=1.99GB, MaxMemAllocated=12.05GB
[2026-06-04 19:14:34,352] [INFO] [logging.py:96:log_dist] [Rank 0] step=1720, skipped=0, lr=[0.001], mom=[(0.9, 0.999)]
[2026-06-04 19:14:34,353] [INFO] [timer.py:258:stop] epoch=0/micro_step=1720/global_step=1720, RunningAvgSamplesPerSec=121.25239760202217, CurrSamplesPerSec=121.0192750938125, MemAllocated=1.99GB, MaxMemAllocated=12.05GB
[2026-06-04 19:14:44,946] [INFO] [logging.py:96:log_dist] [Rank 0] step=1730, skipped=0, lr=[0.001], mom=[(0.9, 0.999)]
[2026-06-04 19:14:44,947] [INFO] [timer.py:258:stop] epoch=0/micro_step=1730/global_step=1730, RunningAvgSamplesPerSec=121.25238282913556, CurrSamplesPerSec=121.42312995082199, MemAllocated=1.99GB, MaxMemAllocated=12.05GB
[2026-06-04 19:14:55,549] [INFO] [logging.py:96:log_dist] [Rank 0] step=1740, skipped=0, lr=[0.001], mom=[(0.9, 0.999)]
[2026-06-04 19:14:55,549] [INFO] [timer.py:258:stop] epoch=0/micro_step=1740/global_step=1740, RunningAvgSamplesPerSec=121.25157511032049, CurrSamplesPerSec=121.63424013789435, MemAllocated=1.99GB, MaxMemAllocated=12.05GB
[2026-06-04 19:15:06,140] [INFO] [logging.py:96:log_dist] [Rank 0] step=1750, skipped=0, lr=[0.001], mom=[(0.9, 0.999)]
[2026-06-04 19:15:06,140] [INFO] [timer.py:258:stop] epoch=0/micro_step=1750/global_step=1750, RunningAvgSamplesPerSec=121.25154829247197, CurrSamplesPerSec=120.9225096755637, MemAllocated=1.99GB, MaxMemAllocated=12.05GB
[2026-06-04 19:15:16,737] [INFO] [logging.py:96:log_dist] [Rank 0] step=1760, skipped=0, lr=[0.001], mom=[(0.9, 0.999)]
[2026-06-04 19:15:16,737] [INFO] [timer.py:258:stop] epoch=0/micro_step=1760/global_step=1760, RunningAvgSamplesPerSec=121.2510827884546, CurrSamplesPerSec=121.1409008867525, MemAllocated=1.99GB, MaxMemAllocated=12.05GB
[2026-06-04 19:15:27,334] [INFO] [logging.py:96:log_dist] [Rank 0] step=1770, skipped=0, lr=[0.001], mom=[(0.9, 0.999)]
[2026-06-04 19:15:27,335] [INFO] [timer.py:258:stop] epoch=0/micro_step=1770/global_step=1770, RunningAvgSamplesPerSec=121.25044960691707, CurrSamplesPerSec=121.16736649934629, MemAllocated=1.99GB, MaxMemAllocated=12.05GB
[2026-06-04 19:15:37,930] [INFO] [logging.py:96:log_dist] [Rank 0] step=1780, skipped=0, lr=[0.001], mom=[(0.9, 0.999)]
[2026-06-04 19:15:37,931] [INFO] [timer.py:258:stop] epoch=0/micro_step=1780/global_step=1780, RunningAvgSamplesPerSec=121.25000402832318, CurrSamplesPerSec=121.2082632888164, MemAllocated=1.99GB, MaxMemAllocated=12.05GB
[2026-06-04 19:15:48,508] [INFO] [logging.py:96:log_dist] [Rank 0] step=1790, skipped=0, lr=[0.001], mom=[(0.9, 0.999)]
[2026-06-04 19:15:48,508] [INFO] [timer.py:258:stop] epoch=0/micro_step=1790/global_step=1790, RunningAvgSamplesPerSec=121.2505798242185, CurrSamplesPerSec=121.37690146347462, MemAllocated=1.99GB, MaxMemAllocated=12.05GB
[2026-06-04 19:15:59,089] [INFO] [logging.py:96:log_dist] [Rank 0] step=1800, skipped=0, lr=[0.001], mom=[(0.9, 0.999)]
[2026-06-04 19:15:59,089] [INFO] [timer.py:258:stop] epoch=0/micro_step=1800/global_step=1800, RunningAvgSamplesPerSec=121.25096077482526, CurrSamplesPerSec=121.75578036779541, MemAllocated=1.99GB, MaxMemAllocated=12.05GB
Train Epoch: 3, Iteration: 400, Train Loss: 4.534206390380859
[2026-06-04 19:16:09,665] [INFO] [logging.py:96:log_dist] [Rank 0] step=1810, skipped=0, lr=[0.001], mom=[(0.9, 0.999)]
[2026-06-04 19:16:09,666] [INFO] [timer.py:258:stop] epoch=0/micro_step=1810/global_step=1810, RunningAvgSamplesPerSec=121.25162695902912, CurrSamplesPerSec=121.31875410707362, MemAllocated=1.99GB, MaxMemAllocated=12.05GB
[2026-06-04 19:16:20,259] [INFO] [logging.py:96:log_dist] [Rank 0] step=1820, skipped=0, lr=[0.001], mom=[(0.9, 0.999)]
[2026-06-04 19:16:20,259] [INFO] [timer.py:258:stop] epoch=0/micro_step=1820/global_step=1820, RunningAvgSamplesPerSec=121.25161857250605, CurrSamplesPerSec=121.36156380213896, MemAllocated=1.99GB, MaxMemAllocated=12.05GB
[2026-06-04 19:16:30,852] [INFO] [logging.py:96:log_dist] [Rank 0] step=1830, skipped=0, lr=[0.001], mom=[(0.9, 0.999)]
[2026-06-04 19:16:30,852] [INFO] [timer.py:258:stop] epoch=0/micro_step=1830/global_step=1830, RunningAvgSamplesPerSec=121.25149375881094, CurrSamplesPerSec=121.1550344912251, MemAllocated=1.99GB, MaxMemAllocated=12.05GB
[2026-06-04 19:16:41,449] [INFO] [logging.py:96:log_dist] [Rank 0] step=1840, skipped=0, lr=[0.001], mom=[(0.9, 0.999)]
[2026-06-04 19:16:41,449] [INFO] [timer.py:258:stop] epoch=0/micro_step=1840/global_step=1840, RunningAvgSamplesPerSec=121.25071114431245, CurrSamplesPerSec=121.10239876495478, MemAllocated=1.99GB, MaxMemAllocated=12.05GB
[2026-06-04 19:16:52,045] [INFO] [logging.py:96:log_dist] [Rank 0] step=1850, skipped=0, lr=[0.001], mom=[(0.9, 0.999)]
[2026-06-04 19:16:52,046] [INFO] [timer.py:258:stop] epoch=0/micro_step=1850/global_step=1850, RunningAvgSamplesPerSec=121.25002557718645, CurrSamplesPerSec=121.00670046953775, MemAllocated=1.99GB, MaxMemAllocated=12.05GB
[2026-06-04 19:17:02,643] [INFO] [logging.py:96:log_dist] [Rank 0] step=1860, skipped=0, lr=[0.001], mom=[(0.9, 0.999)]
[2026-06-04 19:17:02,643] [INFO] [timer.py:258:stop] epoch=0/micro_step=1860/global_step=1860, RunningAvgSamplesPerSec=121.2491652486802, CurrSamplesPerSec=120.84700399566287, MemAllocated=1.99GB, MaxMemAllocated=12.05GB
[2026-06-04 19:17:13,239] [INFO] [logging.py:96:log_dist] [Rank 0] step=1870, skipped=0, lr=[0.001], mom=[(0.9, 0.999)]
[2026-06-04 19:17:13,240] [INFO] [timer.py:258:stop] epoch=0/micro_step=1870/global_step=1870, RunningAvgSamplesPerSec=121.24846785799788, CurrSamplesPerSec=121.0579700439138, MemAllocated=1.99GB, MaxMemAllocated=12.05GB
[2026-06-04 19:17:23,836] [INFO] [logging.py:96:log_dist] [Rank 0] step=1880, skipped=0, lr=[0.001], mom=[(0.9, 0.999)]
[2026-06-04 19:17:23,836] [INFO] [timer.py:258:stop] epoch=0/micro_step=1880/global_step=1880, RunningAvgSamplesPerSec=121.24769910743096, CurrSamplesPerSec=121.07421401235389, MemAllocated=1.99GB, MaxMemAllocated=12.05GB
[2026-06-04 19:17:34,431] [INFO] [logging.py:96:log_dist] [Rank 0] step=1890, skipped=0, lr=[0.001], mom=[(0.9, 0.999)]
[2026-06-04 19:17:34,431] [INFO] [timer.py:258:stop] epoch=0/micro_step=1890/global_step=1890, RunningAvgSamplesPerSec=121.24693368037134, CurrSamplesPerSec=121.05960789354114, MemAllocated=1.99GB, MaxMemAllocated=12.05GB
[2026-06-04 19:17:45,129] [INFO] [logging.py:96:log_dist] [Rank 0] step=1900, skipped=0, lr=[0.001], mom=[(0.9, 0.999)]
[2026-06-04 19:17:45,129] [INFO] [timer.py:258:stop] epoch=0/micro_step=1900/global_step=1900, RunningAvgSamplesPerSec=121.24006206830742, CurrSamplesPerSec=121.003454949634, MemAllocated=1.99GB, MaxMemAllocated=12.05GB
[2026-06-04 19:17:55,725] [INFO] [logging.py:96:log_dist] [Rank 0] step=1910, skipped=0, lr=[0.001], mom=[(0.9, 0.999)]
[2026-06-04 19:17:55,726] [INFO] [timer.py:258:stop] epoch=0/micro_step=1910/global_step=1910, RunningAvgSamplesPerSec=121.23927491533391, CurrSamplesPerSec=120.99001107876924, MemAllocated=1.99GB, MaxMemAllocated=12.05GB
[2026-06-04 19:18:06,324] [INFO] [logging.py:96:log_dist] [Rank 0] step=1920, skipped=0, lr=[0.001], mom=[(0.9, 0.999)]
[2026-06-04 19:18:06,324] [INFO] [timer.py:258:stop] epoch=0/micro_step=1920/global_step=1920, RunningAvgSamplesPerSec=121.23864927513115, CurrSamplesPerSec=120.99532827705171, MemAllocated=1.99GB, MaxMemAllocated=12.05GB
[2026-06-04 19:18:16,926] [INFO] [logging.py:96:log_dist] [Rank 0] step=1930, skipped=0, lr=[0.001], mom=[(0.9, 0.999)]
[2026-06-04 19:18:16,926] [INFO] [timer.py:258:stop] epoch=0/micro_step=1930/global_step=1930, RunningAvgSamplesPerSec=121.23760170651735, CurrSamplesPerSec=121.20344724982628, MemAllocated=1.99GB, MaxMemAllocated=12.05GB
[2026-06-04 19:18:27,557] [INFO] [logging.py:96:log_dist] [Rank 0] step=1940, skipped=0, lr=[0.001], mom=[(0.9, 0.999)]
[2026-06-04 19:18:27,557] [INFO] [timer.py:258:stop] epoch=0/micro_step=1940/global_step=1940, RunningAvgSamplesPerSec=121.23524979046225, CurrSamplesPerSec=121.0372277839338, MemAllocated=1.99GB, MaxMemAllocated=12.05GB
[2026-06-04 19:18:38,175] [INFO] [logging.py:96:log_dist] [Rank 0] step=1950, skipped=0, lr=[0.001], mom=[(0.9, 0.999)]
[2026-06-04 19:18:38,176] [INFO] [timer.py:258:stop] epoch=0/micro_step=1950/global_step=1950, RunningAvgSamplesPerSec=121.23366528925281, CurrSamplesPerSec=121.15519853694181, MemAllocated=1.99GB, MaxMemAllocated=12.05GB
[2026-06-04 19:18:48,776] [INFO] [logging.py:96:log_dist] [Rank 0] step=1960, skipped=0, lr=[0.001], mom=[(0.9, 0.999)]
[2026-06-04 19:18:48,777] [INFO] [timer.py:258:stop] epoch=0/micro_step=1960/global_step=1960, RunningAvgSamplesPerSec=121.23313608314712, CurrSamplesPerSec=121.28627619662318, MemAllocated=1.99GB, MaxMemAllocated=12.05GB
[2026-06-04 19:18:59,373] [INFO] [logging.py:96:log_dist] [Rank 0] step=1970, skipped=0, lr=[0.001], mom=[(0.9, 0.999)]
[2026-06-04 19:18:59,373] [INFO] [timer.py:258:stop] epoch=0/micro_step=1970/global_step=1970, RunningAvgSamplesPerSec=121.23292405132513, CurrSamplesPerSec=121.25570530082598, MemAllocated=1.99GB, MaxMemAllocated=12.05GB
[2026-06-04 19:19:09,966] [INFO] [logging.py:96:log_dist] [Rank 0] step=1980, skipped=0, lr=[0.001], mom=[(0.9, 0.999)]
[2026-06-04 19:19:09,967] [INFO] [timer.py:258:stop] epoch=0/micro_step=1980/global_step=1980, RunningAvgSamplesPerSec=121.23280991096289, CurrSamplesPerSec=121.43705480751896, MemAllocated=1.99GB, MaxMemAllocated=12.05GB
[2026-06-04 19:19:20,562] [INFO] [logging.py:96:log_dist] [Rank 0] step=1990, skipped=0, lr=[0.001], mom=[(0.9, 0.999)]
[2026-06-04 19:19:20,562] [INFO] [timer.py:258:stop] epoch=0/micro_step=1990/global_step=1990, RunningAvgSamplesPerSec=121.23257173059066, CurrSamplesPerSec=120.99830065819069, MemAllocated=1.99GB, MaxMemAllocated=12.05GB
[2026-06-04 19:19:31,158] [INFO] [logging.py:96:log_dist] [Rank 0] step=2000, skipped=0, lr=[0.001], mom=[(0.9, 0.999)]
[2026-06-04 19:19:31,158] [INFO] [timer.py:258:stop] epoch=0/micro_step=2000/global_step=2000, RunningAvgSamplesPerSec=121.2325518456766, CurrSamplesPerSec=121.21661017186416, MemAllocated=1.99GB, MaxMemAllocated=12.05GB
Train Epoch: 3, Iteration: 600, Train Loss: 4.14370059967041
[2026-06-04 19:19:41,754] [INFO] [logging.py:96:log_dist] [Rank 0] step=2010, skipped=0, lr=[0.001], mom=[(0.9, 0.999)]
[2026-06-04 19:19:41,754] [INFO] [timer.py:258:stop] epoch=0/micro_step=2010/global_step=2010, RunningAvgSamplesPerSec=121.23236568137982, CurrSamplesPerSec=121.03916524668843, MemAllocated=1.99GB, MaxMemAllocated=12.05GB
[2026-06-04 19:19:52,353] [INFO] [logging.py:96:log_dist] [Rank 0] step=2020, skipped=0, lr=[0.001], mom=[(0.9, 0.999)]
[2026-06-04 19:19:52,354] [INFO] [timer.py:258:stop] epoch=0/micro_step=2020/global_step=2020, RunningAvgSamplesPerSec=121.23251000818637, CurrSamplesPerSec=121.87908549183452, MemAllocated=1.99GB, MaxMemAllocated=12.05GB
[2026-06-04 19:20:02,944] [INFO] [logging.py:96:log_dist] [Rank 0] step=2030, skipped=0, lr=[0.001], mom=[(0.9, 0.999)]
[2026-06-04 19:20:02,945] [INFO] [timer.py:258:stop] epoch=0/micro_step=2030/global_step=2030, RunningAvgSamplesPerSec=121.23280067215472, CurrSamplesPerSec=121.27994708483143, MemAllocated=1.99GB, MaxMemAllocated=12.05GB
[2026-06-04 19:20:13,540] [INFO] [logging.py:96:log_dist] [Rank 0] step=2040, skipped=0, lr=[0.001], mom=[(0.9, 0.999)]
[2026-06-04 19:20:13,541] [INFO] [timer.py:258:stop] epoch=0/micro_step=2040/global_step=2040, RunningAvgSamplesPerSec=121.23271810210987, CurrSamplesPerSec=121.34474896165398, MemAllocated=1.99GB, MaxMemAllocated=12.05GB
[2026-06-04 19:20:24,110] [INFO] [logging.py:96:log_dist] [Rank 0] step=2050, skipped=0, lr=[0.001], mom=[(0.9, 0.999)]
[2026-06-04 19:20:24,110] [INFO] [timer.py:258:stop] epoch=0/micro_step=2050/global_step=2050, RunningAvgSamplesPerSec=121.23399973773641, CurrSamplesPerSec=121.69660745243398, MemAllocated=1.99GB, MaxMemAllocated=12.05GB
[2026-06-04 19:20:34,694] [INFO] [logging.py:96:log_dist] [Rank 0] step=2060, skipped=0, lr=[0.001], mom=[(0.9, 0.999)]
[2026-06-04 19:20:34,694] [INFO] [timer.py:258:stop] epoch=0/micro_step=2060/global_step=2060, RunningAvgSamplesPerSec=121.23452799737247, CurrSamplesPerSec=121.29337325906677, MemAllocated=1.99GB, MaxMemAllocated=12.05GB
[2026-06-04 19:20:45,272] [INFO] [logging.py:96:log_dist] [Rank 0] step=2070, skipped=0, lr=[0.001], mom=[(0.9, 0.999)]
[2026-06-04 19:20:45,273] [INFO] [timer.py:258:stop] epoch=0/micro_step=2070/global_step=2070, RunningAvgSamplesPerSec=121.23545346941864, CurrSamplesPerSec=121.46101193432108, MemAllocated=1.99GB, MaxMemAllocated=12.05GB
[2026-06-04 19:20:55,865] [INFO] [logging.py:96:log_dist] [Rank 0] step=2080, skipped=0, lr=[0.001], mom=[(0.9, 0.999)]
[2026-06-04 19:20:55,865] [INFO] [timer.py:258:stop] epoch=0/micro_step=2080/global_step=2080, RunningAvgSamplesPerSec=121.23552759208361, CurrSamplesPerSec=121.27616637217558, MemAllocated=1.99GB, MaxMemAllocated=12.05GB
[2026-06-04 19:21:06,425] [INFO] [logging.py:96:log_dist] [Rank 0] step=2090, skipped=0, lr=[0.001], mom=[(0.9, 0.999)]
[2026-06-04 19:21:06,425] [INFO] [timer.py:258:stop] epoch=0/micro_step=2090/global_step=2090, RunningAvgSamplesPerSec=121.23732259934103, CurrSamplesPerSec=121.50306965203066, MemAllocated=1.99GB, MaxMemAllocated=12.05GB
[2026-06-04 19:21:17,019] [INFO] [logging.py:96:log_dist] [Rank 0] step=2100, skipped=0, lr=[0.001], mom=[(0.9, 0.999)]
[2026-06-04 19:21:17,020] [INFO] [timer.py:258:stop] epoch=0/micro_step=2100/global_step=2100, RunningAvgSamplesPerSec=121.23718880675403, CurrSamplesPerSec=121.18563670374364, MemAllocated=1.99GB, MaxMemAllocated=12.05GB
[2026-06-04 19:21:27,616] [INFO] [logging.py:96:log_dist] [Rank 0] step=2110, skipped=0, lr=[0.001], mom=[(0.9, 0.999)]
[2026-06-04 19:21:27,617] [INFO] [timer.py:258:stop] epoch=0/micro_step=2110/global_step=2110, RunningAvgSamplesPerSec=121.23696100657598, CurrSamplesPerSec=121.17160535233303, MemAllocated=1.99GB, MaxMemAllocated=12.05GB
ZeRO stage 3
Epoch 3 train time: 745.62 s
Peak VRAM: 12340.0 MB
Epoch 3. Train Loss = 4.1700. Val Loss = 4.4336. Val Accuracy = 0.122.
